y_true,baseline_proba,pso_proba
0,2.931004446805517e-05,0.030287462984457184
0,0.020640336557865326,0.010933212172291285
0,0.0001149687349314055,0.09797875210680683
0,0.030767762196733713,0.01389772354402443
0,0.25874208607628807,0.041320507290070155
0,0.0513152915679137,0.04538912265632719
0,0.005066028976418614,0.025490550963241005
0,0.30444726698858693,0.019080404785559165
0,0.05881004537901246,0.005424166282021626
0,0.005700306998661067,0.016372336338131118
0,0.07449614114803638,0.028850147183575783
0,0.017523508457365444,0.06191403774400953
0,0.10260997781574227,0.08035349019536173
0,0.01612676589211264,0.04386413187572291
0,0.005448815667032925,0.005860584750728421
0,0.0012656827977768081,0.00515162935470341
0,0.06120831526090095,0.1690346000764019
0,0.047228212913435916,0.007257827450666391
0,0.010106961313949801,0.04820676648942063
0,0.004341999348629632,0.05899000709404709
0,1.9047942186570132e-05,0.019217243812916174
0,0.01218179479302431,0.05221796448749903
0,0.04107155446728527,0.002352904549268738
0,0.00048418788091496735,0.00201776531748648
0,0.045607108281977886,0.005262888245445385
0,0.0312992447049879,0.02360444226699034
0,0.1075056704234284,0.06586222188822033
0,0.04363352285539424,0.016624067559954887
0,0.2245151588334459,0.01607789132503943
0,0.23778549506948407,0.10004137660594294
0,0.05703878586042375,0.01760761815438479
0,0.03091428669006891,0.051575501108467335
1,0.9999999999370606,0.9998238667793832
0,0.11234912516311694,0.08902340117373814
0,0.05487878440216507,0.008047370152269485
0,0.00032169832898588273,0.01561895279979012
0,0.06451506177590223,0.029572629593843932
0,0.02151662845711763,0.14920008318190697
0,0.05631609050667641,0.01860283752334592
0,0.028169563319989398,0.02063120538467493
0,0.17422231334271307,0.05121575093286515
1,1.0,0.9999377012028322
0,0.011489338460748136,0.0603535353968013
0,0.018922072661721575,0.0020278640792385206
0,0.08767008834333061,0.07888570535581564
0,0.02106398543133522,0.009498312017301645
0,0.06629157994733427,0.03370075731896245
0,0.09907820746899548,0.046213210384770456
0,0.0037781064074990075,0.022249877009139035
0,0.003797674674274663,0.019870727844976784
0,0.06783658122022608,0.010273868926286994
0,0.012399515323078788,0.03149253274186835
0,0.04171969417466201,0.021682924388535973
0,0.018427622134793334,0.01304282919952645
0,0.36837165077857564,0.012354034378637035
0,0.06569136513759999,0.029757547348477322
0,0.009338072854193233,0.04779110482402617
0,0.04296671456251148,0.03660374103298478
0,0.021265981568620154,0.055117825547489986
0,0.0009369526061613643,0.014922324186563729
0,0.7501708314691062,0.03152989479721095
0,0.009151036541067345,0.015467696940682741
0,0.021374235488552332,0.003930781488970788
0,0.018938201408170686,0.07154292642503411
0,0.016060089515817215,0.06300897729504164
0,0.021981035915329683,0.020013425051880966
0,0.00021522831199967876,0.007522326707717991
0,0.07420941698058182,0.06317262856711711
0,0.005488575907281279,0.2902082090682329
0,0.07830978973841657,0.042258681534701116
0,0.021698905798204153,0.012706332889694211
0,0.019022136165960195,0.05342710660229285
0,0.020362823753226955,0.08070294847649832
0,0.013022612276363029,0.01809059973393738
0,0.05225525831235525,0.023378308049213706
0,0.08873575059396564,0.01509298060575664
0,0.02880646354448978,0.0578772409517744
0,4.325451843155457e-08,0.21082756135100583
0,0.015059441499867285,0.016828600473487023
0,0.04661375376387944,0.018095055325291966
0,0.03449521157889777,0.007932439273631846
0,0.009937435868998024,0.07694810360489439
0,0.07571032570673605,0.06393809135095514
0,0.06358661293353844,0.02185318953236652
0,0.022490152357468894,0.006324242333492972
0,0.5355186774447311,0.10595794823545764
0,0.03468463700229427,0.011136652679309599
0,0.006604239705218462,0.04430823384481223
0,0.006817472545120963,0.09030004164208966
0,0.02999776048551375,0.11990140628208658
0,0.09974012083527992,0.05094448245367142
0,0.0014045104474354783,0.01639601868015284
0,0.023257565758693956,0.010008438451916991
0,0.11133722350331374,0.020333152171234752
0,0.015211518138451337,0.14854808048110466
0,0.027126613565276767,0.015117949614755708
0,0.005245507972874312,0.06293962782023525
0,0.4416875784918837,0.03010708561340454
0,0.6078805060129702,0.1803223643282984
0,0.016159641536394525,0.030130713864226135
0,0.0029486905194195116,0.011323443244040164
0,0.1313472452444303,0.10214224671303931
0,0.028504934048020816,0.01722935398916246
0,0.005049376731843427,0.03029816451326939
0,0.08422573129518587,0.013695332392552181
0,0.09504855727133246,0.12071273493316555
0,0.02176349787979128,0.013273364675747992
0,0.07301411005246919,0.18915391138282076
0,0.04525408192291764,0.043895726758102244
0,0.012558333937560385,0.011111654998644855
0,0.99997613013941,0.1722047427952041
0,0.0009238451849328034,0.011559690662345351
0,0.024627346601503775,0.008810300287281542
0,0.013145378283538544,0.018557923351480078
0,0.06552728457302442,0.20497374724255465
0,0.2191734991404305,0.10365759767158042
0,0.02879667764654522,0.01309485504141801
0,0.06373065685617867,0.085801567401985
0,0.04335729141593989,0.08524132440235224
0,0.01870840029471207,0.038949681606651326
0,0.09587246966585171,0.13468192759190947
0,0.015133075121825509,0.022715801342352272
0,0.1585945197025635,0.07892927542097827
0,0.025644948451101962,0.19511409787519962
0,0.01116162357190801,0.036942908322525614
0,0.022920242407743815,0.008582887137174405
0,0.04539729294140609,0.01131064135614158
0,0.018777370486411503,0.011539346874963666
0,0.06983336422279392,0.08310793897676234
0,0.016592926764269662,0.0380233409270429
0,0.17854049474927808,0.01620745325749427
0,0.0783660367273691,0.12067863049193499
0,0.008464868501795947,0.046115586040485684
0,0.18317727161046302,0.3348063437244482
0,0.027115753102854367,0.13293181201910345
0,0.07549966994308803,0.011607730067968013
0,0.016519694107560257,0.025503569398567082
0,0.003966850879061257,0.030008383420867108
0,0.21301557589380626,0.2184207354924068
0,0.10852407662424363,0.037687162257461666
0,0.00018292976547329415,0.03596342341975348
0,0.010457994115031314,0.023869020122390564
0,0.012087598595888458,0.0018497967315520064
0,0.01897004069365365,0.010667816309396507
0,0.2616581391750806,0.02249163122547445
0,0.16873192319249689,0.1953970559766927
0,0.031607647162939144,0.05148964873100127
0,0.0897416823954005,0.03111535887121356
0,0.0058831603905362675,0.017243208581907466
0,0.017641472820392173,0.016436403213940576
0,0.13323418267666365,0.014830042338091489
0,0.0075764995071633725,0.005701020312580632
0,0.016691100604585223,0.02078895547991385
0,0.027373617290230325,0.019374997978583962
0,0.02554279123979449,0.009271873882490069
0,0.019034321894596796,0.01116773264944962
0,0.013388998720857574,0.006713638853667527
0,0.050890768596769914,0.06303973626612408
0,0.005072651786767534,0.027018591226076416
0,0.008929212980277898,0.011342319327993879
0,0.07410875597371942,0.0118194189110899
0,0.05996338476016503,0.053295400328021
0,0.031142009607542688,0.24509910135130702
0,0.08052819538897575,0.02527368060007191
0,0.05256511918735437,0.011737433240207904
0,0.03911479298909467,0.024230443057881988
0,0.017158298503228437,0.011056522698138137
0,0.0862064986253478,0.009974187873226839
0,0.044006120459780626,0.007182905323296052
0,0.027429652335419462,0.019707932969689104
0,0.27833359650899697,0.034336653952923554
0,0.09154145767804792,0.008168639738049275
0,0.0020154643258308022,0.015412089871532723
0,0.008345970340338434,0.03401446215225192
0,0.009644866937771007,0.024419345154073648
0,0.020764292671038152,0.08445644718026937
0,0.060507867128212094,0.014984593975044957
0,0.03639688952431094,0.005058570419680864
0,0.010939732484209484,0.019871552356504844
1,0.9999999989579871,0.9086579770139181
0,0.03133535042637009,0.019942421027761843
0,0.022642366735328573,0.04239482961971678
0,0.10077309872920698,0.03411039016900064
0,4.052482967486197e-05,0.02826815885363533
0,0.03718543953996767,0.1419355633121257
0,0.038545682138570375,0.013939082021726007
0,0.03839102799555792,0.0035124400256420023
0,0.04207110527193697,0.05065775513913933
0,0.0769641574550363,0.017495377308941185
0,2.5207337471557238e-05,0.0370929873636491
0,3.370135139524198e-10,0.027578291588372345
0,0.0006607096644945003,0.03282147814514979
0,0.10493827703626947,0.007129255640453291
0,0.007660990952277198,0.015449621567189698
0,0.013805799272421265,0.04918486615997928
0,0.20179926471032653,0.2698027093272254
0,0.02338547490936121,0.025677652879523814
0,0.02661480229380031,0.0742032201583212
0,0.9676232869556289,0.6511627375518321
0,0.09908590962816416,0.009480120539719862
0,0.017905058093272547,0.02826558941058063
0,0.005642928535615806,0.04797541500296608
0,0.028174873557558947,0.01993352488851295
0,0.07778334190595088,0.007427961170274021
0,0.1752497514830155,0.008796421575845034
0,0.015493634452714847,0.10603456710641895
0,0.0022371261759179003,0.0736129281076839
0,0.033072441807153984,0.08367480682233895
0,0.0005515953585134492,0.04565722662942613
0,0.00616731339991688,0.010509811327330282
0,0.0003419277713474189,0.015355500806184575
0,0.03671975936827307,0.00927570058030344
0,0.017746094557653233,0.10349586336443928
0,0.006052823974040271,0.08780238932110683
0,0.03545752670780588,0.008960498525857587
0,0.06719375627233994,0.08927379268573701
0,0.009891235839972949,0.029359893906520357
0,0.06281331526921552,0.013223129417441503
0,0.24633512573924846,0.021698791089209652
0,0.01724062113519276,0.009789458428856208
0,0.007432926273761417,0.033811416855939296
0,0.00990173638395126,0.05751168381312815
0,0.0018858118709966195,0.032291777456422706
0,0.015055058332241827,0.01650657362277868
0,0.06033830493867927,0.040447301934251
0,0.04769910858305764,0.04694146162509065
0,0.013353626209715795,0.010682876787827705
0,0.08996517776768004,0.1691774928965734
0,0.17311598436005954,0.21739812500497666
0,0.17914139375884716,0.029051514171983404
0,0.007696784340414752,0.4776881573229395
0,0.003496036516320779,0.17834928682454657
0,0.00047082577639891713,0.010390950008879017
0,0.00024151338265403569,0.00791779701725645
0,0.07237623328266689,0.14151643458427418
0,0.011107844084471465,0.1468230111916153
0,0.06697807197872173,0.05714714729889726
0,0.009428600447040848,0.010251020114354175
0,0.012501646616604604,0.017929747915206753
0,0.21939304372489987,0.021373141033130708
0,0.14104907635585734,0.048146157547402924
0,0.0010716299778647587,0.01729171606641379
0,0.0018947426139218385,0.02482772915010284
0,0.024871688797256666,0.04786041658651748
0,0.08686477918843902,0.0028539603699635195
0,0.012534251544750442,0.010147187509841145
0,0.1860180522173908,0.023517343748794557
0,0.048065041331240545,0.01465217484436294
0,0.07121118402611669,0.05855078851074599
0,0.02764813691344371,0.01043772580384042
0,0.0005997431801282889,0.004451716140717456
0,0.0057159094694872,0.07710663101343232
0,0.0014955245608104762,0.0210059960142426
0,0.15066859116871736,0.050619854206153406
0,0.034647125636693595,0.011659699978593889
0,0.1233964222391764,0.033502364092996034
0,0.07557873075601369,0.027773848293561398
0,0.09607326321777192,0.03257887380432713
0,0.03079601056519172,0.011775825974650558
0,0.00913062744848675,0.05541064624796519
0,6.062480962897315e-07,0.03795456399534021
0,0.11345815289262924,0.020664251283733504
0,0.004804196744417355,0.03305199171109254
0,0.007064412544610096,0.0524675937264201
0,0.027882700378673003,0.06382032503163912
0,0.01035476937549018,0.015823229363071456
0,0.10610701753216349,0.006314704058993773
0,0.06334989237595297,0.05883707405412632
0,0.17412250929437,0.008004494841963626
0,0.01622237776434066,0.0025945682203572045
0,0.24883593798312795,0.00572512388969254
0,6.633071164403858e-09,0.0719924938453701
0,0.0016046247910889544,0.014836774492985368
0,0.01360042820637598,0.03236380029066568
0,0.00659913681403288,0.02470519486304365
0,0.05684374790784457,0.09333942106846531
0,0.007162989664331226,0.00862399188514336
0,0.026874676552090495,0.012595395610694008
0,0.12748899263968808,0.04141428652342548
0,0.037455625178343395,0.03890341142888552
0,0.4119801855450794,0.0897873574972636
0,0.054617108034054854,0.07475584997051715
0,0.0036851935336255194,0.013456851399339144
0,0.16323004384142956,0.2157906047968493
0,0.0002514747325509375,0.016882747134584968
0,0.10614847190618801,0.03907844613173437
0,0.019264620357861105,0.00795514587802814
0,0.16195775340644536,0.01420260838988166
0,0.17092694608640507,0.05119843943692293
0,0.06753541839358045,0.029273188052096333
0,0.03937791506451381,0.015345020703842615
0,0.0015897465427106006,0.016766264715946846
0,0.08838444171711597,0.04551189581566368
0,0.02885387307346005,0.01153832651293764
0,0.14457568697603135,0.07750977110780315
0,0.025577665974012256,0.06435590005353933
0,0.0270312431440483,0.006472397699140955
0,0.03144333783508374,0.05010872277321365
0,0.06756998675491113,0.012997376299268788
0,0.11422968493720438,0.010589765642696192
0,0.39350630179438734,0.16544584895053374
0,0.019710446152161457,0.03866389938907051
0,0.08017771301656627,0.03214609609927504
0,0.02709985891556581,0.0095558979223679
0,0.012526940867445492,0.007003325572996877
0,0.259383076000715,0.010153415671284234
0,0.05859564673862887,0.01740199748416761
0,0.018635860941262884,0.06465022037276438
0,6.125193798064048e-05,0.01577548754823013
0,0.003794872330591341,0.10967386185129374
0,0.04364246736455613,0.10935590576670365
0,0.03278261179171931,0.01419621860755906
0,0.015286198856981119,0.033755370979538436
0,0.29191007161105315,0.2947028475207916
0,1.928697834431895e-08,0.006200045130557157
0,0.22348924081677837,0.10144566916719693
0,0.15450400485722685,0.13344788778129335
0,0.00032924938141822306,0.05711829892772524
0,0.2307203428236085,0.020363984723216027
0,0.20110288661481077,0.04211662239694244
0,0.0024299176597602657,0.01533843724107282
0,0.04666678623705158,0.03332776245885825
0,0.0010413149185564809,0.0037843691157243868
0,0.008454002470459803,0.00996312713057252
0,0.01960838428033643,0.029762176123759063
0,0.28897352883387617,0.2373064165523163
0,0.16767712034937585,0.06064701005085888
0,2.3169273122480146e-05,0.012810941892708426
0,0.11377528859085467,0.018366604830571433
0,0.001672014628912152,0.026986943067310015
0,0.06460718404404917,0.021733206291532033
0,8.153893892445103e-07,0.0034157456986525394
0,0.0035411176308756207,0.014785166985763777
0,0.0002945235175214967,0.024666166878392015
0,0.04976625197051094,0.011107808341463606
0,0.029220115857597057,0.01934464830505281
0,0.006828452303923756,0.07408508556843646
0,0.005515042537433984,0.011931363831987037
0,0.054092365174003586,0.019740043278467588
0,0.03813101974304254,0.004352582641204684
0,0.03620451166037284,0.055779466944202064
0,0.07765967563886636,0.04024167205147943
0,0.06084698599076334,0.05629332825073465
0,0.041209049278911225,0.022943258832235112
0,0.024409501887007263,0.012209269552310309
0,0.03614022028143056,0.15121429797661232
0,0.000828761529092155,0.014640870635545304
0,0.12840318991123129,0.13939291545332522
0,0.03160496444861568,0.1558209062279518
0,0.1294227325839202,0.15134086839841002
0,0.1458753311313633,0.05300170169348657
0,0.023789292433429147,0.04448615840290769
0,0.01425252487573939,0.053796572796143444
0,0.07664301417695364,0.05941688895568423
0,0.01196075848749177,0.11169305731651746
0,0.04634352685758804,0.015580656859990778
0,0.027242105065818912,0.04555253201371537
0,0.00971692701228502,0.04834426718163284
0,0.033299769649546354,0.25047340394759793
0,0.09207163927871072,0.01914329368467442
0,0.013099108566256441,0.05372678642598028
0,0.04295139161865607,0.06545634457270721
0,0.1089558415195435,0.017760112541091475
0,0.01338761513846069,0.10236556793274477
0,0.05248184282349395,0.02168085933563886
0,0.07328657338522472,0.027646411894052255
0,0.11513161689389013,0.04171166053093616
0,0.004224552053455537,0.10033183009931224
0,0.035067001534906994,0.011397686854433797
0,0.43462801582269367,0.192352881390154
0,0.006455805051005185,0.029589486460594918
0,0.008799141222286703,0.06686417626579928
0,0.03657325677907024,0.013324064521225119
0,0.02542537409804774,0.0841146434576359
0,5.644266787996091e-06,0.017924766134575967
0,0.09167903563068647,0.02146384646477333
0,0.014835241514650396,0.02653638194565238
0,0.018440942252209883,0.020210115271425255
0,0.06265461555314579,0.00918642852672919
0,7.57459105117152e-06,0.012501252737781356
0,0.012854180324276305,0.06364366597327493
0,0.29621524837364976,0.04185925276928394
0,0.08969891943618033,0.08822064155377979
0,0.0033606270515566085,0.007108978852689719
0,0.02033508857963494,0.07896615877475667
0,0.0058487748491799,0.021019626995123473
0,0.07590510576438615,0.03313373837968909
0,0.010457401045451165,0.3097808650973493
0,0.05960702730288982,0.013377624062989773
0,0.10825967935961849,0.13046089427793214
0,0.004797872307805242,0.09736107817572257
0,0.08316362457048612,0.2047570284490012
0,0.010618052469318252,0.062905652415931
0,0.06835367962945396,0.045639800391015936
0,0.023021990366045932,0.04215766614063664
0,0.06052888482957009,0.023443040153707993
0,0.2903366908070566,0.3560437247785961
0,0.0242926950884555,0.010254514787706236
0,0.0024380224891208,0.011887424813359127
0,0.016010759910790463,0.008230370155206647
0,0.008512309130131119,0.01203943245144755
0,0.00935216969795668,0.056929846970133154
0,0.011681387847961975,0.013752770311869129
0,1.6296633374378007e-08,0.02146950359538388
0,0.0014300638921942643,0.011796214762714497
0,0.0038821358311870377,0.04581506277398822
0,0.06192175565045616,0.04949736180770908
0,0.0004822816261994835,0.006728604605792237
0,0.40043664823297154,0.2348954868123011
0,0.013129688076996016,0.01466363906349153
0,0.023883527226408897,0.011418393059949343
0,0.032771619952007794,0.03401005318415132
0,0.023110281725970013,0.006166552182164583
0,0.6177471736564991,0.19660917480446222
0,0.022574842451743463,0.2932293031001071
0,0.06746859580652116,0.04878105964780359
0,0.05844025278360341,0.13644145019834886
0,0.003087030837366484,0.03839200615077458
0,0.018262478384850064,0.02391961435837034
0,0.008196851166022036,0.044490600603358854
0,0.022612654958062757,0.015995362773198393
0,0.015052474613330714,0.00530013323258407
0,0.07886144253972661,0.18637827590748418
0,0.04636787866437663,0.03444906651233967
0,0.032820391387833645,0.06533084208965384
0,0.057834615599194644,0.0857113744168039
0,0.8646841988453402,0.10500177573841461
0,0.015608450958870737,0.01662184363303484
0,0.09104721723021766,0.038121826302154084
0,0.01437332617772723,0.007440294386078939
0,0.07027556368946183,0.028360807426101125
0,0.009980284373371754,0.00172533911584717
0,0.009578176011463184,0.04602930123986445
0,0.01906879878439597,0.006567763785666857
0,0.36602132001555376,0.43683764360649097
0,0.012090531311681469,0.004038512422552215
0,0.015323557530164754,0.00867867891594078
0,0.05789856571641188,0.017927509398508613
0,0.06697096339878578,0.014409413648277141
0,0.018523884927399793,0.014003335051826602
0,0.03217340519148274,0.09446420692161644
0,0.07285628927330574,0.03594758290201267
0,0.006383059393639436,0.009904613772152364
0,0.04295215053483681,0.005174921016859412
0,0.08948352413900354,0.01920926520139943
0,0.04992974659886883,0.05597385357611318
0,0.00027921628670924515,0.012491169068795582
0,0.07436054770208331,0.014227505996551065
0,0.00018349978674707352,0.09416467543064054
0,0.044755790146535954,0.011131050775821667
0,0.0326037171230273,0.024328627444294836
0,0.003918397287792015,0.15002350679094648
0,0.04604083741681407,0.036471603258927364
0,0.02575310562558073,0.005133286794808652
0,0.009298020679434678,0.02856093644168551
0,0.2858314377693253,0.029623612840045645
0,0.02830522941772292,0.010121390844856753
0,0.19988423953208914,0.032326849376268625
0,0.03750659817462526,0.033782521078110285
0,0.0332978536310679,0.008268960105706366
0,0.007689498293759033,0.010970586276794994
0,0.04909477091464409,0.03210879056788595
0,0.0851623185710218,0.03561200914390776
0,0.027494908601576256,0.009643713802157974
0,0.0017818089885408696,0.022973542127138123
0,0.015280851598525134,0.16716446393213766
0,0.001880500766278526,0.03141369194008902
0,0.10738724782407541,0.014717721864199255
0,0.09865881913041347,0.011506100690169012
0,0.08323370832266377,0.009856001167946552
0,0.0612919064089884,0.02097592697601818
0,0.014293513672022818,0.08500726908402319
0,0.15316089101858685,0.061350157839877906
0,0.03593808528146988,0.02385069346795978
0,0.06333757207029146,0.00915570477427711
0,0.0651943761535298,0.15385522825736078
0,0.0003374967840639939,0.011921336743681806
0,0.059262473913105726,0.049922203830825865
0,0.005879024957892233,0.011313454644536557
0,0.0065964550513324255,0.03613122423348017
0,0.5814591930269888,0.2035302410907128
0,0.10733100750814804,0.12086121063123598
0,0.0071559814432289705,0.01621822845313397
0,0.04012084664304186,0.09332678218424866
0,0.017606846772966783,0.023136442242960582
0,0.01781589405992451,0.0832361941198804
0,0.029274009087110253,0.0244665825030367
0,0.4454499313968427,0.10813834071149776
0,0.37164786028980606,0.03242881726254154
0,0.0076846390192425815,0.011930160339379773
0,0.018069595189187906,0.09441951834959673
0,0.022673174250844606,0.014842463130007246
0,0.025833512452363865,0.10728316524893505
0,0.011320869038323605,0.05572318134833626
0,0.04698013164660522,0.030928598539006365
0,0.024400331872626448,0.021049749902874115
0,0.0075195543904907946,0.020233348196571944
0,0.03280700191502934,0.046990796814325435
0,0.10458837524888107,0.01449206044096191
0,0.068607317692497,0.03591537221074738
0,0.03281960248240353,0.09315212073760606
0,0.08421479919399077,0.23213965403282305
0,0.11154029366019923,0.005083123574440849
0,0.029266123125748413,0.024923090988569353
0,0.0009686135632017015,0.0046824453372593085
0,0.02110529964016043,0.013298778522899004
0,0.032411274626524406,0.30394241316375925
0,0.01389640956316611,0.0110409387015237
0,0.010631590201703778,0.05310507559182012
0,0.08194745049004587,0.07700445437728676
0,0.027154164474667206,0.012422575458108027
0,0.11747253745795731,0.024731767679509308
0,0.13387494609745917,0.11362522263169227
0,0.031214615153706153,0.07369873855716799
0,0.03712174580231998,0.007345497133366107
0,0.006592432139444978,0.014405233370806424
0,0.0067568305811786,0.04397572883437451
0,0.06180086516660918,0.005078289640352128
0,0.005023729425220571,0.05014283656013535
0,0.05307173354845664,0.18330836680055596
0,0.05256830132516834,0.0731991574422582
0,0.119364912679099,0.01934379885221591
0,0.04058355295939115,0.08123865505198716
0,0.08664852155046586,0.15467289225609093
0,0.09250220894967265,0.007737824268079773
1,0.9904444121103643,0.9661385695215752
0,0.17328909958227018,0.1650430792211348
0,0.06480316490116013,0.05866931258594181
0,0.019946071604841544,0.036554836433194265
0,0.03423733748402043,0.029828477160117467
0,0.023919735509847946,0.01240982511582313
0,2.660234270945192e-05,0.021656213393662204
0,0.026211997710013698,0.014889834079812482
0,0.036887784485104054,0.01911757702655812
0,0.17778528237178495,0.04105158806020438
0,0.0077370416718185574,0.13480504889424916
0,0.0024053566815130864,0.15894797510711967
0,0.06189465342921293,0.0108932913146157
0,0.017108554449816103,0.011738071491166232
0,0.1464620691001428,0.03216035669262197
0,0.010578231842885201,0.007808353741986456
0,0.030139243141186482,0.1946705343391428
0,0.29678607037298715,0.21490937801074889
0,0.1203921620591801,0.13977880388496405
0,0.006991113633254841,0.019925612890984025
0,0.08815676247886628,0.02604710050492981
0,0.01520744786443911,0.005689124155527832
0,0.013335635085446593,0.013071807532715855
0,0.08237277554171865,0.018835344809975302
0,0.026680819622965035,0.17016071206357944
0,0.2665721691587064,0.1707140219206908
1,0.9880804513699829,0.9574191912061316
0,0.0419856403846211,0.10769157116835233
0,0.001720126172252899,0.06899284241641958
0,6.097928850623117e-08,0.07765077348009053
0,0.07817574913251533,0.037840320083259445
0,0.01312701907111476,0.0315307194973259
0,0.02704273018797635,0.06552383497389308
0,0.006269047693222519,0.01020066750326528
0,0.012300731903702546,0.059740342876050206
0,0.027731644817400564,0.037494159484209165
0,0.028836713592340673,0.41761823601044556
0,0.2022775921351985,0.14376453846095416
0,0.027468002454779327,0.09416841296833958
0,0.07936284785492054,0.2099034921562002
0,0.022171588662545892,0.017474498853325315
0,0.05238225012017032,0.029035398019831307
0,0.12214079574561233,0.007889728781071925
0,0.0036636471834557475,0.013637698988196447
0,0.00784569823909623,0.0522781156790085
0,4.002805688706511e-06,0.024885423828660127
0,0.015029957265329446,0.02351704890967158
0,0.0009554653530843466,0.011243138301318742
0,0.014375099468115079,0.010435327124558915
0,0.013796181730523913,0.011815485612082424
0,0.0398295691597801,0.04547138668010036
0,0.011407633028537516,0.03583724570445967
0,0.051878060604529604,0.09929415566345219
0,0.010386505506257126,0.19340831223322083
0,0.1285110053931884,0.015769179520274425
0,0.005944079574532224,0.07350087779680191
0,0.04651389819093695,0.02116126181917826
0,0.040608953480304154,0.03035762034123477
0,0.08755781486798898,0.007402537082116404
0,1.6871488220423114e-06,0.01857177666268881
0,0.511828801111325,0.0660591453168063
0,0.007956771237819802,0.016273249574875814
0,0.06104195548315837,0.016931561888316505
1,0.6610553827232778,0.24492959908397097
0,0.11987867231012826,0.055763595363028495
0,0.01053208855589893,0.06958343295496444
0,0.05017023198872098,0.014438351235655752
0,0.0977727981195622,0.12819295243280165
0,0.03310349347461883,0.013319572547714086
0,0.04572899161773598,0.039261847547716375
0,0.08076478722008458,0.011785117610790145
0,0.03274892655096628,0.017155065298204302
0,0.018138077126001434,0.13279794426700692
0,0.04070233075740735,0.031180276406697134
0,0.07054584575450285,0.030101182914820435
0,0.08092670540393086,0.024565956321911706
0,0.013040582498925125,0.016240567688811408
0,0.030560598003217913,0.07922367456153113
0,0.049115767209960984,0.005683342110883617
0,0.007383953819660829,0.014419187077208512
0,0.07695683824128588,0.02798131345850166
0,0.04861787870080304,0.01095908192815165
0,0.02868451594481157,0.14719919190329167
0,0.045205576362541626,0.017937040966627862
0,0.0026515933378268427,0.03333026839256314
0,0.051757352613740246,0.005355012024521699
0,0.06467138849457704,0.08158903657436664
0,0.03257898813512305,0.01271198209841959
0,0.07987352435042659,0.021428628927249727
0,0.007857568309071725,0.0692215819977052
0,0.030654658767334145,0.02059386152269379
0,0.019477316348890775,0.012245518687769786
0,0.009794964681865545,0.01210754468187239
0,0.06594919029819801,0.031764482335289765
0,0.020406860637761436,0.02211370806557531
0,0.03206430735832264,0.06513419934440827
0,0.010260126665802302,0.028760577997517387
0,0.04750542068832468,0.011909245217723278
0,0.06250229601283797,0.012995248038000163
0,0.05480333163654625,0.02565680060498
0,0.00990381320535961,0.03031139393754653
0,0.11082745841500506,0.03377873053723102
0,0.0014940382754076644,0.05359546298000812
0,0.11683834689935568,0.016496705702217437
0,0.06979516265201828,0.014047923708624916
0,0.007736778373169691,0.015646643766502266
0,0.03601034213275233,0.03533005785205343
0,0.04770964682891037,0.06290781293550848
0,0.05061126416925701,0.004740168469073518
0,0.0391218246505497,0.03162398412718027
0,0.1703807633782548,0.05219525779990974
0,0.04406430591636706,0.17976296590086008
0,0.23633405928734705,0.15985700037386305
0,0.024884480949858068,0.015390817222449346
0,0.021685671021677365,0.05902301729632679
0,0.015491185954789542,0.013336964380150985
0,0.07120055795370739,0.005161958843264277
0,1.310622165754912e-07,0.009119247127045703
0,0.0013048625346154872,0.014694695460501565
0,0.016066686533629256,0.005411063175436654
0,0.5709920903440653,0.04430093657957891
0,0.4863688046494933,0.061544392382566135
0,0.018096045520734388,0.021179052980001178
0,0.24036400962461293,0.07770074310318595
1,1.0,0.9947971817060681
0,0.0064090385567897,0.014149646469079109
0,0.0389584659593199,0.13355421894696654
0,0.16138305674505748,0.029058527572909422
0,0.009929104696077152,0.012534825332664973
0,0.026260932204348327,0.03528261096939217
0,0.06775512839855327,0.05889120785110076
0,0.010268479910536882,0.05330746360893321
0,0.0010508335633591978,0.06895497555596455
0,0.01580443485912891,0.039349033795003596
0,0.02612768878418281,0.03275702560666245
0,0.04048548050738361,0.11272735784731286
0,0.0013065258499919206,0.03269879617381612
0,0.08201208180441866,0.11518285234488307
0,0.010976552956452603,0.16805814456519824
0,0.005015935829824839,0.010946411694769077
0,0.0100281296084142,0.012951880215567658
0,0.013960247389809626,0.0058572520311671655
0,0.11220894361987824,0.010587270720459709
0,0.014125731521162598,0.0068259699764892665
0,0.12142391504832938,0.016185254858437824
0,0.010085540447582812,0.046826629347958094
0,0.07041188133892039,0.16957051949137705
0,0.04959418309762204,0.05334478885967557
0,0.008849155508000027,0.05105873284128804
0,0.03153207346749198,0.05581920402753642
0,0.012620293071160546,0.010046250933318686
0,0.01923171241955923,0.021647414849568638
0,0.014526917588042493,0.1709713494510411
0,0.03599983906483465,0.005043264110954982
0,0.006611232310338456,0.010350894393360512
0,0.04350239213649611,0.08521127394351287
0,0.013392114189514668,0.020453636006025486
0,0.9786813647578331,0.6251658450134032
0,0.08336021399099323,0.020492140135484126
0,0.020711216201578717,0.007043663265817768
0,0.04111597997345662,0.13375414855550796
0,0.24627740903483294,0.32192843379433456
0,0.06989741301727735,0.04352051247115115
0,0.018622033972784398,0.005389914265008367
0,0.07611389907515433,0.015134491361320453
0,0.9787400991142288,0.3225664435896758
0,0.19019357331207967,0.006157807863352765
0,0.0067099534332584814,0.014542023198508976
0,0.014383525855189871,0.03355689684952416
0,0.023066245923204318,0.03674369046151743
0,0.01949550646148637,0.042532562222428356
0,0.011781347377764938,0.010638528518390165
0,0.17202857205306438,0.02102496822422752
0,0.0007366317816669441,0.020511922554038685
0,0.051718613933934614,0.08533208072573958
0,0.10414363205123549,0.007418845672288127
0,0.015088107352763254,0.07144478793771741
0,0.21380168710385553,0.11617294172785415
0,0.04257436119534001,0.013941179738227704
0,9.978196674584603e-05,0.009491667532004741
0,0.0067158492628377,0.2941926783144536
0,0.08270866096111706,0.022658416428565798
0,0.0033653094994907633,0.03560446960968739
0,0.14774116329931392,0.009388004323737351
0,0.003117729403227464,0.20754112336273686
0,0.045697958176807316,0.016480788327923466
0,0.09245444746141954,0.21491723435953325
0,0.03997100680149416,0.10103540951723905
0,0.05081599609846632,0.013669239228536023
0,0.01935132770843171,0.03743357966755826
0,0.03590960855289437,0.0656488581698476
0,0.023547846324975037,0.04497698596437482
0,0.02309606282469268,0.03446697912223627
0,0.06321272347488385,0.05582276071373781
0,0.05451032585656159,0.047371729699418386
0,0.05174441953566341,0.014190303768640588
0,0.011476302499373021,0.024105295204308298
0,0.1442611343123848,0.08564346239138505
0,0.03880461714767908,0.05105965102869584
1,0.9999999999440421,0.9998243842588088
0,0.0019945131608635727,0.04745869040693547
0,0.019000015188529402,0.038491762854171455
0,0.0016967083432702487,0.018237839833335063
0,0.0030342882396872588,0.07203415944048042
0,0.013687564359859053,0.00837019433707069
0,0.037318499006540655,0.09385196975156945
0,0.03620825906264047,0.010248166485913597
0,0.021398596301831455,0.1287039165116577
0,0.00986146792017425,0.01595825352476044
0,0.013583090057616364,0.01129587317671797
0,0.004225940695015541,0.005143021507671001
0,0.06308783874759938,0.014300354488604105
0,0.010166293293512456,0.019740796136966658
0,0.010922019415931475,0.09265475241321514
0,0.02452978680706378,0.027790361708668762
0,0.07371574520828389,0.07958678749987842
0,0.0002300231745286518,0.0696878657867773
0,0.10564328564593951,0.012431604534573003
0,0.28971300234405156,0.0338306653760108
0,0.1770158625946162,0.036925480389996664
0,0.06914973190169692,0.015114685280622849
0,0.02654556777331011,0.06553340522880235
0,0.12034190797702321,0.2232255886863186
0,0.030574170079305414,0.056953519379187426
0,0.056768913347586075,0.028476029425327155
0,0.0010721336192669162,0.048867125000017324
0,0.014760209418902112,0.008967895881459572
0,0.08818202936517616,0.026105757793506854
0,0.007155898157478773,0.03241631814841963
0,0.15467330542983912,0.07704645390201029
0,0.04684183670883996,0.015767291516006258
0,0.04565667345044238,0.0745606419124111
0,0.03563527662703483,0.052079422703624985
0,0.011685903357695681,0.015993173963107704
0,0.060783871061344856,0.014199821348922394
0,0.005907175260427174,0.020641260671286535
0,0.2744186036515403,0.1868609579531612
0,0.011237153959260927,0.003769437992820999
0,0.006972748312755228,0.04422421172218864
0,0.06314684253056654,0.07014987952162507
0,0.07228930085541897,0.09424951461570798
0,0.07763674436963491,0.02503597718843635
0,0.013872138060025132,0.01197315958030511
0,7.415762110609408e-05,0.00471850323521752
0,0.21275922832194644,0.03813214359367877
0,0.03359003953394975,0.01865241099189823
0,0.003992247242806285,0.010087435193539428
0,0.03621700958019393,0.09957036609006242
0,0.00196702348523885,0.049710177582488926
0,0.027326309897851567,0.011959148775946638
0,6.11552763490797e-06,0.027583402804190398
0,0.022281865499957747,0.04417486250016439
0,0.001726990192641611,0.017727697590514888
0,0.12933333436696928,0.024449532488871568
0,0.010408605589810726,0.09831482685378165
0,0.09356766188613136,0.005050152300327586
0,0.045919486235150894,0.012877828230700786
0,0.30653258177351483,0.02749871047109003
0,0.049242570719868914,0.012223163745050837
0,0.03362885301105359,0.006661669436489848
0,0.04004815015167865,0.012032789758055789
0,0.029939283504965917,0.028229089118138193
0,0.025254850403740113,0.011555932384540652
0,0.019948236737389918,0.023015822908872847
0,0.0022611988142017003,0.05636173989760555
0,0.06394969403910312,0.027559429220556004
0,0.04178654970441835,0.04059542556577784
0,0.02176791664087726,0.05999435707389089
0,0.18811934844181138,0.5539866987563441
1,1.0,0.9998182163737076
0,0.021499123252883043,0.08134866942002153
0,0.008978860735642608,0.01359030499033761
0,0.002146676223889874,0.0186475434490858
0,0.013245904277689008,0.045603771746961105
0,0.08926737247609669,0.12561491311163087
0,0.017062348197097506,0.02447676814972218
0,0.0604313364949873,0.017050435038751068
0,0.05570321448407349,0.22804206390368875
0,0.047402662348620714,0.12344389317761653
0,0.13647294687329006,0.027898173416460167
0,0.006976097649931243,0.0045350055058418146
0,0.015426798540812931,0.009917012216106197
0,0.07134044602563044,0.006749114851380575
0,0.011304815943540719,0.12400237845501866
0,0.09761579831458993,0.03934539557857981
0,0.15909889946171046,0.015612543555206393
0,0.08328353476284303,0.32058211443477647
0,0.1764380574242537,0.008646585904688581
0,1.1637087252051383e-05,0.03883252898769836
0,0.9569363456787937,0.024569177722178207
0,0.06922070287901556,0.01919812381176861
0,0.1708922821724192,0.056276802060194905
0,0.054399857131080046,0.009009834465127804
0,0.002685258766257703,0.003996177243790374
1,0.9999999999999993,0.9998734632194576
0,0.8096054927552435,0.21731855389960067
0,0.094275153675462,0.1759158834966538
0,0.025104489161431775,0.009093904588335533
0,0.39517159997686585,0.016317921686756463
0,0.11340487138124188,0.05414040698704062
0,0.04695200536176564,0.01394835189172225
0,0.0037417868254838445,0.023333688212029313
0,0.04695465751740335,0.03476496812091602
0,0.041980364915411676,0.04136428722162493
0,0.02746422218610316,0.009844461042762051
0,0.029825569544264803,0.010546116657670836
0,0.08956805789154157,0.21394376447723903
0,0.13992887483447713,0.0759585040935199
0,0.07355657517945025,0.09893732307952316
0,0.051877553682065536,0.02769681375724548
0,0.07086967652800737,0.006516061970271348
0,0.023970239826914316,0.008350708460921865
0,0.13578594715856468,0.0223107660209543
0,0.0142305528344284,0.015208943641145152
1,1.0,0.9999207554104391
0,0.02934490057971742,0.03792237508083608
0,0.023048369078841998,0.012134874762074182
0,0.010438486519927473,0.031353533014934945
0,0.03965869005155033,0.02120451023724316
0,0.04108365080735797,0.010494705339656615
0,0.07768460840817494,0.35797163060753306
0,0.058141776515348007,0.06532470603198702
0,0.05590751566343973,0.005238338679403264
0,0.05504453038115819,0.026382285322605732
0,0.746123314124785,0.257594423977774
0,0.14970712244777223,0.01619063995842174
0,0.0029908821631233575,0.00773512304656677
0,0.20078141077753053,0.11869249038322795
0,0.032103921309860346,0.031602255777445
0,4.608570582714119e-11,0.00633162373586294
0,0.1122733843170085,0.35045475706817586
0,0.15609962274369696,0.11033445741633799
0,0.06976861566321726,0.07704310465104641
0,0.9498049443906943,0.16887280508484576
0,0.12602724416223884,0.0354017155859067
0,0.041556401889520034,0.034100805114581384
0,0.026974783646827167,0.031818366216841136
0,0.039448056153032714,0.18943152411522185
0,0.023739642428433808,0.019112190966558598
0,0.029565292301753365,0.0925093117121374
0,0.0323941175070104,0.02640842833719209
0,0.04182223778365392,0.012286727349086222
0,0.0687394543264733,0.09944444936699519
0,0.020053146385974097,0.08331088877663945
0,0.04087476519266626,0.014213444777616734
0,0.5070296774160826,0.065633927725519
0,0.06115957840702338,0.06045972100159309
0,0.0683105073568048,0.04735792627451113
0,0.00019917902810618975,0.024002914683696596
0,0.15164793386805037,0.05250652794994576
0,0.10979360768263544,0.023910962582133714
0,0.013631101774209235,0.0777470178431435
0,0.003284743901345029,0.05562599827815744
0,0.08447360466691944,0.36602732782418307
0,0.32141569004472986,0.20976013700740379
0,0.005675742327733052,0.05445940890240427
0,0.19198888484352128,0.04874931106800021
0,0.006982042073871864,0.019224684245968193
0,0.0022702584821881586,0.018586904767787335
0,0.012643598478271048,0.007415680202909017
0,0.029297546410190337,0.009779044534960493
0,0.005452822772357835,0.0044967182911942166
0,0.07287872843532832,0.05552612574083811
0,0.011619359565669809,0.04326314177529181
0,0.03755433787892697,0.029704076524407264
0,0.029466023057489903,0.004909797393293496
0,0.007513167778771036,0.15386463795807004
0,0.03418860825856008,0.049864833863855935
0,0.007766087563238345,0.016086175697940283
0,0.18867376596100932,0.09775119457996395
0,0.027878243861558814,0.08756822212535509
0,0.5389230070624778,0.1198333383031322
0,0.0014835654234468352,0.01599414609218653
0,0.13701785577811554,0.04317305149644161
0,0.025826091164292346,0.04858872197606366
0,0.021100652500516195,0.013077511514439035
0,0.0003789228012690886,0.01053496838373554
0,0.04516991318434636,0.17725821600233096
0,0.05625217523243437,0.007649123644445081
0,0.15251851729553528,0.021965112158438202
0,0.006204228433129704,0.01100481175910996
0,0.2121357726947323,0.04113279353113069
0,0.023155230809161025,0.09054342400257265
0,0.06583271120540411,0.03507584020783397
0,0.10872787114782828,0.04296166036045778
0,0.019301753345199502,0.016290866089178097
0,0.01963827140205885,0.05777077768947714
0,0.03920077843772849,0.011298176971808006
0,0.0006393449977966027,0.02183222420734757
0,0.021985414277353267,0.028231649318997555
0,0.07110639747522539,0.05560530463391723
0,0.012907522074339603,0.0104520342783214
0,0.15627535202545925,0.005618636479337299
0,0.0057981193712153,0.008252920542368923
0,0.012692186732914192,0.020850506558141628
0,0.0626836329302154,0.15155626508194256
0,0.04237617511628267,0.0416254645418073
0,0.09754311667034801,0.11307845211483498
0,0.00870396344062419,0.06000584166966232
0,0.012150254452692185,0.012826636832454818
0,0.0914736405099275,0.04021104056156426
0,0.13884836207932247,0.09680116426534656
0,0.016848929442624085,0.04983234657956065
0,0.001453571973865389,0.028521171402945137
0,0.004571791602471258,0.010675744279651836
0,0.35181981988425454,0.2310328474950074
0,0.022208162333992656,0.008895320196217076
0,0.3001336218761677,0.12466406337827707
0,0.1671527209852205,0.10303198377363648
0,0.010025604621349478,0.03755399269743512
0,0.03565021994226429,0.049920673258360956
0,0.20523827908394288,0.1014928134312181
0,0.0046416976694870415,0.01895766938891791
0,0.021486728725104702,0.05676441820842117
0,0.05475054025005514,0.017492091743845514
0,0.10125989556117003,0.08828013067363091
0,0.049803036909140605,0.019729676382346194
0,0.054902045194580494,0.041435834882459756
0,0.012006492552939448,0.0032843950887063793
0,0.0022957316543874297,0.00736545002361224
0,0.05121175658377233,0.012517840412224299
0,0.14055215018140688,0.0464445114531724
0,0.0054043837269837115,0.09445060982082423
0,0.8391723637255256,0.35490641440792914
0,0.1196457918889332,0.027412805704357293
0,0.0053600294552379755,0.014568833971336802
0,0.008883850737129538,0.05608356404563573
0,0.014898288790702955,0.009859004723720997
0,0.07011695991448798,0.007414976238759738
0,0.011859853147234395,0.03623702929604706
0,1.7342047067293487e-05,0.003662659889909806
0,0.0038523240366235985,0.012967651337021116
0,0.3580730306515306,0.07276724846974837
0,0.001384634989497,0.05547436071591641
0,0.02994279886347288,0.02446458987722312
0,4.3299568596363105e-07,0.034993664021403637
0,0.0051324419377714835,0.012509487781974759
0,0.006548174985712262,0.012596870953281516
0,0.003996451618277659,0.015527757306875997
0,0.0011032645134226213,0.010854193967304653
0,0.06970638142848312,0.0291547303911281
0,0.0019300741235739932,0.005920169765825299
0,0.04597904871191238,0.09630383164921265
0,0.05507829486339299,0.06751505526088825
0,0.04122272266995272,0.016539135416789502
0,0.9715464006788045,0.06335278989236372
0,0.020673397239836702,0.023647430795496267
0,0.017101707844707752,0.028155265363170298
0,0.03937430918230691,0.057970574886766296
0,0.03214028565424441,0.03981976063818929
0,0.006564531490928944,0.0183861478911541
0,0.11703883028854811,0.03106068379699268
0,0.07651949592754288,0.030238330632564064
0,0.34318399861503185,0.07057469894823143
0,0.009580616740743567,0.009853529964899561
0,0.014232427767592232,0.02065270622511968
0,0.07125854599415402,0.15661549330360938
0,0.038450629070822265,0.019712523168232375
0,0.0232969155095048,0.017189135106955813
0,0.5984090038127937,0.2130953833306849
0,0.00469215024344867,0.0517340923706976
0,0.01138040135034399,0.11576918210188773
0,0.01716792701748789,0.0569298525263898
0,0.12555836175101878,0.06997487669735797
0,0.024072412558479216,0.008878333851871489
0,0.04629073395970986,0.08954085142953153
0,0.018664648648814796,0.009208673485298524
0,0.018959512912361014,0.01688093747763066
0,0.005888939391514019,0.021989185964408343
0,0.0017398229216456322,0.03952170147686884
0,0.02270423298377466,0.03222769142752459
0,0.0005756394011308323,0.04228807999925092
0,0.00015391159498262253,0.00911553034566699
0,0.07674745007934584,0.05852867720263972
0,0.09279563603138995,0.04647869573525019
0,0.08656121465558038,0.06477522621453372
0,0.011323046944659946,0.011814111222793657
0,0.02272683646265484,0.017274391959804493
0,0.03321206111002802,0.033047478840061484
0,0.032184456738158014,0.009970238914580234
0,0.03020935577181407,0.016696453624601898
0,0.03760717323329128,0.03384026528814124
0,0.0077038707894484405,0.12892533467236422
0,0.026458904998971057,0.01475878644191469
0,0.026271852859533745,0.013690146500733276
0,0.018711391174438135,0.012200368464652871
0,0.08732425705001451,0.2960225934264258
0,0.015903937963558237,0.012370119303643795
0,0.11336260170878003,0.032743247421812324
0,0.25808610281259436,0.05613282681399719
0,0.0008295666111916411,0.015103487831983854
0,0.00010236959451100402,0.004712616160182758
0,0.0018065786990623394,0.01851426473652219
0,0.005135956451068616,0.04673781618530407
0,0.06574217629896575,0.01419713607982852
0,0.002753170697958938,0.032454988614265975
0,0.03417399312011549,0.019217008841150747
0,0.014483712520686375,0.00681086034249701
0,0.010408062464495537,0.03030169247473968
0,0.07166238315320556,0.013380332624274224
0,0.20119398947985437,0.04557194588791123
0,0.02879278812697996,0.01257388136336499
0,0.013639740812843842,0.029272921497276023
0,0.04305517166990364,0.142095234108782
0,0.09718285569000588,0.026131070193407147
0,0.00440096872641298,0.053506226223968396
0,0.013226059306188438,0.02811087483708695
0,0.01721600231124627,0.08815077573514679
0,0.004996798466142316,0.010423585975714127
0,0.0685097073389089,0.08677660506632197
0,0.0606699049426338,0.041292104497603094
0,0.00036710730633148566,0.008762054436898469
0,0.0015776074680376737,0.009839131638315228
0,0.015579667094008001,0.05352149626139286
0,0.03711982688777671,0.08946383075652563
0,0.09494442664019832,0.017833571773221393
0,0.021803712926540535,0.013766803798426909
0,0.02937928111860683,0.013943453883967217
0,0.027890509728077405,0.11830750112633415
0,0.0539263728835641,0.12916769964819047
0,0.0025959712033773443,0.028609559754459234
0,0.046504540150940694,0.07321755935698335
0,0.02127063431535165,0.2066564654977966
0,0.008654302794854801,0.23695912221345886
0,0.003617483809017272,0.024703818069733537
0,0.015406348496556525,0.054999387772252224
0,0.0001035208341497751,0.00510883739448804
0,0.01972979729832096,0.008587066369301724
0,0.014024107838485322,0.013542579071070574
1,1.0,0.9997921929612624
0,0.009703564819073394,0.08068176743356342
0,0.3307293737796664,0.27916846563183295
0,0.0063912750898507675,0.018699121007817295
0,0.01665694535758224,0.16960017003419536
0,0.015138091623340436,0.08457848763211342
0,0.013704392483897652,0.028173328054053707
0,0.2046411632343046,0.062441151225213966
0,0.1386853311924694,0.05304521828924596
0,0.01623880371929572,0.031974668086057395
0,0.23679890071852733,0.05737995182803004
0,0.01676887967755451,0.006551410084803447
0,0.012510279253667734,0.02560741548564188
0,0.012058615139636308,0.057970960698525136
0,0.009574003334565819,0.013784863543563454
0,0.01695300019677627,0.006124375688559071
0,0.009762702133758157,0.03359470770697218
0,0.4643354867376549,0.1486151763257129
0,0.014279187669354551,0.02151716507961605
0,0.01887048239791793,0.012700252222090402
0,0.026108234917624977,0.2165966739968132
0,0.010224401752797109,0.01131710310953183
0,0.2592688217714166,0.03431590837749031
0,0.0023333227297113587,0.028579737698656137
0,0.03861640873702673,0.0074711737973076195
0,0.012950507393689902,0.011216507464306495
0,0.020308946252853493,0.008614697940124415
0,0.08542564068871111,0.0635086407567103
1,0.9999999999996425,0.9998032045502376
0,0.008287555627004685,0.1420178959614594
0,0.0049197727672447384,0.056132000079591036
0,0.035915173467748744,0.06663022298331454
0,0.4369018300995044,0.023900238367753898
0,0.03366030379844397,0.014482431506062305
0,0.14701907428007704,0.056685734854444524
0,0.170922016919379,0.07556163110022605
0,0.009041857512900531,0.05759548773686702
0,0.045336730250934605,0.021725680782112095
0,0.035528584035899,0.0763288745401782
0,0.007723029691354718,0.01564259885475294
0,0.012258320867401893,0.12974050466122333
0,0.060222091958993834,0.03976151134187062
0,0.001169328614921162,0.012401778336167277
0,0.016755118484667392,0.004648752158485665
0,0.014628525505897652,0.07281782818033339
0,0.21642839556862567,0.10099660237027358
0,0.48476023468188445,0.10397214882129055
0,0.017353219124403567,0.009251711167073929
0,0.02896372374061409,0.006739273375562396
0,0.06058633668220391,0.01652126739674003
0,0.30631538174910644,0.09928251386031971
0,0.0001530377075734131,0.004219578119191123
0,0.4567314496016626,0.06378876748446499
0,0.023548541579348804,0.010489434098412836
0,0.11561500062400318,0.03227280380626796
0,0.002517691558773023,0.009913638568770936
0,0.011987616754502571,0.04131275995017613
0,0.07451643999956911,0.005982927261144034
0,0.016404965721320053,0.00368489924373789
0,0.00035510088487846435,0.03477140376388454
0,0.002304750007091121,0.20601022290246473
0,0.03936418552100735,0.00985171200905639
0,0.0007156225517663046,0.005029743589399032
0,0.014284397710288815,0.003259453714978661
0,0.02775271649099492,0.05327444593428743
0,0.0072494750293861186,0.07458837983325603
0,0.005116591296776961,0.012501897116291925
0,0.0663568491907382,0.021436435770531094
0,0.02448383768055473,0.013339280455570784
0,0.05792062108049676,0.03329066779953393
0,0.17770421669512837,0.17715668415654467
0,0.020468785237701053,0.004883436145018605
0,0.05063133423718867,0.10009783788236526
0,7.353574040454389e-06,0.024777627061605755
1,0.9999999999987785,0.97580316705142
0,0.02586534565065192,0.043401015994446006
0,0.011838288141520574,0.06114332160691281
0,0.033523805879442,0.014871462257576634
0,1.659576882589253e-05,0.005251143096757585
0,0.037810558109335424,0.16052193173922574
0,0.0042934119186338986,0.031998275706334116
0,0.009473068711416259,0.18438643278488343
0,0.009829686157394078,0.08303377023369983
0,0.01802691145512404,0.1173411261254367
0,0.022762311099948605,0.034440744742145764
0,0.09430319162111923,0.013083666078368751
0,0.12359089374968928,0.07079691565033228
0,0.0136707771152028,0.004066089035692378
0,0.004180816662222149,0.038059102776224284
0,0.0061416105814981305,0.023588480636049406
0,0.01724129069926936,0.004760972410918177
0,0.0018869742439703613,0.05371926767427997
0,0.019178196742540597,0.013591113886858127
0,0.017998074324968503,0.047346641560711715
0,0.022084596174988022,0.037550353692071006
0,0.0767447519946672,0.09863540652876843
0,0.005884374194480965,0.018746639548424857
0,0.013488308248127126,0.014600252172387179
0,0.016913041282660513,0.030058225710532505
0,0.009252424798416115,0.012316569139010226
0,0.005497154670979609,0.12611457796778
0,0.05091935510282475,0.017942054071483568
0,0.0910678054292616,0.011959549158845777
0,0.9182404302232684,0.1236369925457749
0,0.03851972594086583,0.0142251726374133
0,0.0069749740728449515,0.004961818221525931
0,0.031676977190994084,0.09136860796417223
0,0.026296385813011587,0.0048576657873728064
0,0.01997334609589969,0.028565812935961592
0,0.05504395069557223,0.11907259593243637
0,0.05208257858055825,0.01771624746870355
0,0.005196526486301562,0.01256461891751508
0,0.16820918576669755,0.03893959491664474
0,0.01870022176086154,0.013478887616281075
0,0.9197128521878719,0.031046172583956463
0,0.016061592006619625,0.09761143025209629
0,0.05548709140163014,0.09616926165401837
0,0.013199154110185476,0.02183283617270622
0,0.013156932935389276,0.06203703087304764
0,0.005754107871722721,0.06361644442803667
0,0.010200631034535099,0.012847645941019448
0,0.08934836939202524,0.009718739811535612
0,0.04506132974439761,0.20593244043703754
0,0.014473615807253362,0.2583721909537163
0,0.10434910526170078,0.011910684587193425
0,0.0015357264257918057,0.008091282219326803
0,0.017913620227373313,0.01512625769887618
0,0.22848978343197265,0.23323369799587437
0,0.017963595943522898,0.05296985003183855
0,0.05073101298619172,0.04104698590164606
0,0.12105696886335883,0.04288987652731163
0,0.09566362288502105,0.05975815684763237
0,0.04210804442724306,0.009929821334094712
0,0.034709497046142464,0.015637599811468793
0,0.031674113147768135,0.019217910797883972
0,0.003097413115530419,0.010638507278086037
0,2.7721370525139475e-05,0.008198591036305766
0,0.43849406392656554,0.08730566772611846
0,0.010153245393320992,0.03464393406791544
0,0.07645701437495496,0.030982914092154274
0,0.12232798698242882,0.033650870827683386
0,0.011004089478297605,0.006000933028723519
0,0.0324351249506267,0.04950759474619698
0,4.108379148178845e-10,0.028761698923361615
0,0.05417102041331275,0.007795628324599561
0,0.0012738930333189022,0.029621598226526685
0,0.0008751075666331887,0.01897797529502329
0,0.01909737875784695,0.025800691817783578
0,0.005145009207555607,0.008782598403902667
0,0.01624505894847718,0.010655403589854654
0,0.05061400559402587,0.010547567744932703
0,0.03162675589790519,0.3831144269716817
0,0.018212042911514414,0.028766636571433392
0,0.11560841150244228,0.021191978918515653
0,0.11986816423271092,0.04545390345172944
0,0.06518466001379962,0.051310265682477506
0,0.025456399378977663,0.010995165678941621
0,0.015056131404339378,0.00846131019775101
0,0.023930839878448445,0.01166045253975656
0,0.10196319365261591,0.04617356323028895
0,0.08515081572445707,0.035236176924709574
0,1.581299048026399e-05,0.01780571146451768
0,0.04291017311834906,0.033930607121549175
0,0.0327698694880663,0.01498641693496528
0,0.04727945911794365,0.0198279114490365
0,0.03807751141965821,0.027822442452127595
0,0.03254693549721173,0.1558518513756394
0,0.021768128321115188,0.01608361082809918
0,0.03223615998572387,0.09285916289900163
0,0.01666390014500895,0.10300125689576684
0,0.017299511807706943,0.05646660030462815
0,0.22806327591579015,0.009721299635045316
0,0.0010006751976306917,0.00849365867774902
0,0.06325516291137354,0.09036596248257658
0,0.07985966263173774,0.006366775122735447
0,0.0011442214134009126,0.008425466579527401
0,0.0036833970055068013,0.03291008608763668
0,0.06545745697768741,0.008012595859008483
0,0.04270846077328145,0.030903077858819458
0,0.9803341565469854,0.1919905961940473
0,0.270256676480936,0.028036467809512966
0,0.040579875466436696,0.014382085074150456
0,0.004731107472046266,0.01678274038249829
0,0.043838441635683095,0.011738533469821994
0,0.04307535596450036,0.13724185208756684
0,0.10261628097500565,0.03863445201951384
0,0.014933902635381226,0.012120820109777952
0,0.07630280279056514,0.06169002999080841
0,0.04519975916523845,0.073209546121675
0,0.2699737532499805,0.023193538266459313
0,0.030863131628006035,0.020262401609273985
0,0.0033589423456492533,0.042496947326319916
0,0.029042921880902735,0.0672720557609274
0,0.055753133587656,0.18330745991802197
0,0.07552438683960877,0.011479480791341177
0,0.11439276545953998,0.01537714615391063
0,0.050978529802155025,0.020072263462911317
0,0.030090931010672745,0.017243241565902966
0,0.011279090418490104,0.06326312527207674
0,4.435932962999708e-07,0.01365355708869463
0,0.022755164694113053,0.05354753006718055
0,0.0011597529877097304,0.007429670880388432
0,0.9935500200639623,0.154585470854094
0,0.005302453835544561,0.02896757582806231
0,0.01602703598214955,0.04670379656714821
0,0.26734046178842774,0.022861331772275853
0,0.02062083999140849,0.257050928235771
0,0.11023483784774586,0.3566699233059808
0,0.01783267467187385,0.018179374097531488
0,0.012608479770764954,0.02107890742843431
0,0.03708646323575404,0.02365957930238066
0,0.02752139265855373,0.07094915024493388
0,0.10022710747444731,0.05230170392668425
0,0.029232006831071432,0.07651535062066118
0,0.001673235991189544,0.0593807663131418
0,4.434957494139049e-06,0.025083384964897124
0,0.05974616099483701,0.13270164054185685
0,0.016093158637595778,0.02480005830068966
0,0.005981357866494229,0.007281529311525204
0,0.055456508022047456,0.012932725046615709
0,0.1847784425451917,0.09710129758367395
0,0.04782321565540703,0.00607218365201252
0,0.004921845544843273,0.003368254439005383
0,0.02694006174613984,0.12678645060648486
0,0.01967362543334846,0.010909801831844614
0,0.014938987911714694,0.0418938477614473
0,0.011508312952846144,0.06747437933960221
0,0.04087032326899963,0.045106154942473324
0,0.001974742860651155,0.053909032756448365
0,0.01536442673022718,0.005222642633621705
0,0.014723687397389211,0.05242709286021746
0,0.01614873452063586,0.009293609909688296
0,0.006778417754469759,0.011449995259942815
0,0.10205851654974377,0.07546644373428994
0,0.06647064114269922,0.10946760179897025
0,0.03946704344019207,0.012033512372111583
0,0.00022435090570882638,0.045858979234619957
0,0.08176617152204911,0.07424888297579242
0,0.015610668083548749,0.055615916800586966
0,0.036262703708526335,0.004920580510047042
0,0.010371476727000069,0.015967453333170678
0,0.34095932610682045,0.1469057485234079
0,0.03296696099839886,0.01889351991593947
0,0.07166931276924685,0.03695545582401682
0,0.04640017484669865,0.016920516807193413
0,0.16953582006820336,0.007142631464426997
0,0.01304130043021831,0.10362600370391448
0,0.34919123427721516,0.08530916729744803
0,0.16529812459794646,0.10860493334987838
0,0.12835652857367358,0.07692901056881203
0,0.04958945263498424,0.014450363204418622
0,0.001598023756932568,0.012256244264331227
0,0.01452551968106185,0.014000819568583926
0,0.06487935128096389,0.05643835333447837
0,0.004772044501577375,0.16568114051936714
0,0.04606841335491285,0.013887503679726637
0,0.0002908748429753877,0.035805860967009856
0,0.007811166252368945,0.027224306529533872
0,0.0013467328354289168,0.027916384344512962
0,0.005078585256586803,0.011916709369051898
0,0.24391505109063585,0.269453618349758
0,0.003861719397353171,0.01638480529322372
1,0.9999999999675002,0.9997072321917164
0,0.10215928044334786,0.031215670206542884
0,0.12940244151893984,0.052883504609898754
1,1.0,0.9999177229277038
0,0.0008520835994025596,0.020338277120848788
0,0.0009230573363605507,0.0130018357209274
0,0.0019493131757841022,0.012840986163922955
0,0.10249536325704613,0.006440807070300444
0,0.0267513692117105,0.02052904042386981
0,0.019264753184274085,0.014614783920991067
0,1.851458207044433e-05,0.027982129547605417
0,0.03441393258044152,0.017684114998242243
0,1.6310030256463757e-08,0.004187771334340929
0,0.07474714619037162,0.03921941251757087
0,0.005711622220618203,0.25320887632139677
0,0.10720831284566763,0.23677449898455283
0,0.001693785816322856,0.026976831455821634
0,0.955472303715503,0.08278006807754769
0,0.015979587918694402,0.01401197343942555
0,0.03394282605899862,0.2239419614322143
0,0.006423696324343872,0.012655979307992171
0,4.2870668354464887e-07,0.031522441552860915
0,0.1673012308032993,0.06769785902592092
0,0.2754256140787813,0.25303620547310923
0,0.01122462375433903,0.05476579623606453
0,0.09999799461162923,0.059333692252437044
0,0.09000491286296623,0.17936587580782243
0,0.05412593201336528,0.010255625294067186
0,0.07619028635616176,0.054913547044653746
0,0.3752888216093589,0.04621354910350448
0,0.19164166349872538,0.047131024980001546
0,0.014129166190753507,0.04416074728993339
0,0.19958407636654124,0.026508803799317637
0,0.010768526841414477,0.009920808491225962
0,0.04533104639651782,0.006221290243507233
0,0.03772662804686438,0.04904293731080835
0,0.0027350774980261262,0.011663396643509915
0,0.08399950294445166,0.011445653921337885
0,0.004713465781341298,0.014873606077150957
0,0.010586039551425086,0.054639212081473855
0,0.0988046416933278,0.14314500146844758
0,0.06545968080525,0.04897502335320933
0,0.004303204802522309,0.1279074165161611
1,0.9999999958296897,0.9124526572818361
0,0.0040486801983195975,0.0067628427780622846
0,0.0045634743795238165,0.03635572125160623
0,0.1022042299547966,0.05194174728962325
0,0.031187601832236216,0.04761296201526952
0,0.2819071674200785,0.07838837962477165
0,0.04746855196337031,0.00531744584896995
0,0.0058862605862846215,0.0049532569951746645
0,0.05209239589255051,0.03618127678727989
0,0.02524622017788585,0.10491277539383702
0,0.04621918235654986,0.06474321769274989
0,0.3592023020146308,0.04903011134543425
0,0.12102213488763006,0.0356493711803311
0,0.13582961170181768,0.020507719066778896
0,0.029070222130674613,0.01304079439993693
0,0.011531877684466063,0.0779734335652538
0,0.0036729650219818407,0.01521809101247913
0,0.001961094385473038,0.0039498958111241
0,0.022239325893363162,0.011266966168157241
0,0.10264367659596836,0.04277727310940568
0,0.03968822617543355,0.01136840832977674
0,0.031822883741042425,0.010174694117399852
0,0.16356657925637713,0.044144589662619006
0,0.012363974346670224,0.017706788718255262
0,0.005543543650071458,0.12991902539214106
0,0.0013597128020352357,0.014972256234627722
0,0.0005219074548047064,0.016139432164152492
0,0.05566180353632784,0.05593098473007846
0,0.047421661504036636,0.03617229365026487
0,0.005629844659485848,0.01648225499296048
0,4.5249730954471115e-07,0.03390332260526682
0,0.008729028498454338,0.011473129129886796
0,0.02328757285962835,0.10027503468640243
0,0.1640226047159647,0.037932025781301885
0,0.10373144623807379,0.028530387867681077
0,0.008387894490190468,0.03373642084213853
0,0.17789103927300506,0.09741012460658907
0,0.022382446331925078,0.013924709923684747
0,0.9840165093059375,0.03857349181768231
0,0.0002887758919907015,0.0016778914144676997
0,0.029921431995499,0.008924425828608456
0,0.07291935943349916,0.019203956735084814
0,0.029055315165385967,0.013228235052300209
0,0.10399768906057257,0.08451603104187361
0,0.061505974089079984,0.013327645343146184
0,0.030739513369841414,0.012581790958986892
0,0.012976360903933414,0.06302044923334366
0,0.2874724049538842,0.2882312899689498
0,0.025873767061697965,0.014059072250512583
0,0.09146618604283238,0.03648593912798187
0,0.0413769639714348,0.046392076868340064
0,0.13220964179592837,0.02793792067360084
0,0.08940150982799631,0.04629441869887866
0,0.005607851925186105,0.04342512827541111
0,0.006179786896934096,0.010901292694618234
0,0.006416530139801862,0.12001093350599225
0,0.011581481443381655,0.097773219775425
0,0.02272892170568875,0.009643848706394604
0,0.0036948708574053696,0.01732970186869292
0,0.07267207617118433,0.05929366106009394
0,0.021585528664618357,0.023130511590284612
0,0.013530176818221657,0.04292018299027697
0,0.005355701457948199,0.03895189227014735
0,0.03469334594790255,0.008383493334947673
0,0.05027101925020577,0.042794841600834826
0,0.04585562044758515,0.05286808623805431
0,0.01680947079880384,0.07617976273340517
0,0.0024298036397111546,0.020266741690894957
0,0.32952493419923107,0.02434245204321192
0,0.4746370585139078,0.7007479970882181
0,0.09310283417395968,0.02017981701762202
0,0.0879459952529519,0.08360928693148315
0,0.0003879346514852597,0.004564345640190726
0,0.08500391577177419,0.014978013668970757
0,0.2046436942541901,0.04208925497814591
0,0.09299836338255353,0.07255838490336673
0,0.062318912460937535,0.031006490164328746
0,0.26513842520119946,0.019810835438468264
0,0.04727892284103635,0.136197368435879
0,0.06424715880833355,0.011002562237889542
0,0.05386808455685064,0.020548968546236168
0,0.10157604383253545,0.1029475960703526
0,0.0018213801037400186,0.021334274846307188
0,0.020978643064225498,0.012784079568217744
0,0.2028480614331885,0.020174399173074613
0,0.01579787847323936,0.013495602283482937
0,0.06340614635411095,0.04295249355636368
0,0.32699827918450086,0.316121068932628
0,0.026753667993153957,0.016478196174475875
0,0.03134012319918044,0.011324826761760356
0,0.04020826011021928,0.08294836883649838
0,0.00027365530176515186,0.02266456244032448
0,0.12283781873551945,0.04815484290985323
0,0.6626389928119595,0.2292785900523741
0,0.01269278487350153,0.06475876248822642
1,1.0,0.9999494135847846
0,0.07949784651563291,0.04538694818799381
0,0.02931683410807304,0.017687266796692455
0,0.019221997009356052,0.06829441393348418
0,0.00648916487183638,0.01358109541648414
0,0.00321950595607837,0.021881612909315108
0,0.002177598708420886,0.034837156537109365
0,0.026804625238905855,0.12462361127777505
0,0.017030587822345945,0.07685203402242469
0,0.06658037320849065,0.009667487074194204
0,0.1442905398945636,0.056674978542860036
0,0.03574810199548107,0.01578275432671907
0,0.0022765847020776503,0.0032783152149168603
0,0.034296246333939455,0.005451399094392813
0,0.01111784154000526,0.014671863700404176
0,0.35706115458324483,0.007116265449333917
0,0.11058088446357767,0.11431703033982708
0,0.011546730885382718,0.003916740779650265
0,0.10412548658611084,0.028402991737239466
0,0.05676929711455211,0.002813563292549312
0,0.18458064067640206,0.03876759620510904
0,0.014501260561337563,0.19514697954092478
0,0.018978178708165944,0.0034508479169353084
0,0.016186406771137436,0.012532580762015239
0,0.024079293448835127,0.04475557167597794
0,0.0013592325756680253,0.05675506703964584
0,0.06138642422724551,0.04772952806487041
0,0.00015383036066194699,0.024346917729192914
0,0.01203440903591864,0.04347335082816703
0,0.012878959068440126,0.008649524105065507
0,0.00952239909604617,0.03743942233261338
0,0.08466335613688146,0.22601166071703513
0,0.06823610337128198,0.06523645469912431
0,0.04585878756200155,0.04596976874204393
0,0.011516644262542229,0.014000698501173543
0,0.0050171452606942776,0.012475674826718845
0,0.10771534717586131,0.053492858575693025
0,0.1689966597832221,0.0667417589281769
0,0.05171104514677348,0.07625719709785958
0,0.06265844277450976,0.12725588731679874
0,0.04753269708746471,0.01598359015231147
0,0.0034406484933161793,0.03389886601504613
0,0.08207268421777925,0.02210637148713202
0,0.10853324928681968,0.0758959994512764
0,0.03485505819155033,0.011329227753730995
0,0.007680165382896963,0.011348029506835007
0,0.026826547331016342,0.04096644410243181
0,0.03819059361995466,0.007678559312700189
0,0.07566540737958302,0.02520924092786938
0,0.00019955180841220864,0.014058253458347695
0,0.030264370862658017,0.06640881909054866
0,0.0539977274664882,0.04821996280719462
0,0.08024616135498357,0.017852963746638233
0,0.006480337050802606,0.06595420467843917
0,0.5874103975994379,0.1379156701285506
0,0.011703717819368608,0.016236497108715452
0,0.0024614908050912877,0.014018548944988296
0,0.024908847126889025,0.011461498384348942
0,0.023289836500599955,0.013085339233078294
0,0.05617740039479917,0.1656659945804258
0,0.1423208740102063,0.055623249318154336
0,0.02918012010594369,0.10235187672290919
0,0.05875015463857205,0.0038311443265384307
0,0.041811557701921104,0.005762166831607458
0,0.01415565900906178,0.034940661249612724
0,0.9080102450812333,0.013414248898380384
0,0.012099838261257823,0.09895835656040172
0,0.017003521789447324,0.003148748818788085
0,0.3579744464785101,0.37269347046382195
0,0.031940401272430155,0.014945227448463856
0,0.0002112570261411685,0.015052278084824105
0,0.06473845403751442,0.06569933466710876
0,0.019700614215973244,0.03421315467392512
0,0.1501928426960957,0.056308489961720824
0,0.008631973075418412,0.012712840806594794
0,0.052562791548897175,0.008585488956198444
0,0.008615922933739587,0.030066489026640067
0,0.8928752421564553,0.07361171831990043
0,0.024876602514079613,0.11946098055329549
0,0.03509697411233624,0.15054578571682498
0,0.034376899051629675,0.07544029409438562
0,0.013463304820232884,0.00840335157865567
0,0.05919545641623316,0.01645880052396685
0,0.017060227440238124,0.02447676814972218
0,0.09984244725974627,0.046668954252199135
0,1.2900358655491704e-10,0.05583347738714701
0,0.00719247915895774,0.02039155716334358
0,0.0042278306545807404,0.017733003086961664
0,0.06162832346564944,0.08146539959449665
0,0.19175131053966737,0.07806751835418678
0,0.042201819662725994,0.02573808629777602
0,0.03055388581914554,0.12162325269533839
0,0.10578658881978371,0.11398592646944876
0,0.048555480620830954,0.009017399552962825
0,0.007702551092947334,0.01978209412557245
0,0.04470103642851734,0.014601895831344754
0,0.004170664648154531,0.024890345213650078
0,0.04249375429731302,0.09114261289784602
0,0.1905012641052528,0.061664272117798846
0,0.027178133533779535,0.04979250101837069
0,0.03781201549122768,0.23584609705843762
0,0.015880788840288273,0.09742069528691331
0,0.06207445714640561,0.05090618373107041
0,0.0025981224266890765,0.08620123050857238
0,0.07333090126069239,0.034996577131454126
0,0.0059167884535648385,0.007469553724601617
0,0.028239365197038773,0.12847127923020793
0,0.006322152057723108,0.03842631387389523
0,0.1304449404098815,0.04443029069128345
0,0.04190855174331322,0.02438014732382787
0,0.06027196033834637,0.022291299809077385
0,0.15314741034717394,0.04733998742093957
0,0.0177334852833602,0.03955198608353661
0,0.012104719489668354,0.07245383097680291
0,0.010872382961339078,0.020918368428113617
0,0.013076913215517622,0.0694321316031131
0,0.1908710453437444,0.21559183696562087
0,0.0703568446725984,0.0349425002015641
0,0.07898419230933316,0.0353012761345102
0,0.0102258809912498,0.02622115806380638
0,0.049664269266624594,0.012680744033786787
0,0.008382915136978402,0.02215237234153197
0,0.1646503075213487,0.028725787799037193
0,0.006157129367474553,0.010922453041626442
0,0.03251986351472828,0.022047334719379433
0,0.020307196303658574,0.01002087069262386
0,0.1912800854188809,0.12783272114433375
0,0.04900149268939328,0.19109345862796343
0,0.007727761579304472,0.015389914100832095
0,0.10986507896796376,0.10144501498929948
0,0.020430237981601724,0.012609984679002845
0,0.5672904946409478,0.318038776089371
0,0.04636798300933288,0.042031058414357475
0,0.04170322024530497,0.023291715935751783
0,0.03411672256307054,0.009991973670593847
0,0.0008758546434964864,0.01151374127419486
0,0.05514787038574427,0.10433766556171079
0,0.030428767267277734,0.296811332786372
0,0.01820890380873805,0.017602237691453904
0,0.0009364174397075071,0.03319104251718623
0,0.19240916856538742,0.07611477709997048
0,0.022173320989608298,0.07375377693078024
0,0.016592461649866164,0.017283050210158336
0,0.11562266862664052,0.0793025756135706
0,0.20684982694667028,0.05659078444436073
0,0.0010154437774882786,0.1612515442628308
0,0.010951374865154835,0.007644848573990204
0,0.409067082507058,0.42493960611554493
0,0.020271064646425658,0.013701097787877078
0,0.021511769557316877,0.03486866693449244
0,0.2734108809994528,0.06538302641432876
0,0.017793078144867542,0.03779481735821563
0,0.0445026865786931,0.02718528473849958
0,0.07794933976088968,0.01827556989810849
0,0.01582632774180928,0.02653230357887837
0,0.02473855698349124,0.09375955639968336
0,0.014972562241831014,0.01825758093499672
0,0.11229619550786671,0.12316044694945191
0,0.0011766146487941797,0.014029527981229101
0,0.6372245737753048,0.11945704965555222
0,0.012789919587944175,0.12960976280639191
0,0.01989286818394811,0.01074073680336645
0,0.023959543286019777,0.009653684954292991
0,0.029113658724949462,0.03152630122845092
0,0.015939866507229346,0.014618870407281603
0,0.031984546092783506,0.007259588315026667
0,0.0448857871693656,0.12273153606365167
0,0.0066347716581050984,0.04797754218157983
0,0.005032089876599494,0.004405666403586428
0,0.018225337888635902,0.052621587907621975
0,0.005211163011172155,0.282274040949573
0,0.018466396600057982,0.02337224602036004
0,0.01542397326718876,0.007596145486544732
0,0.047413585073655826,0.056614321022821365
0,0.20538121801482484,0.01595018259603056
0,0.1171080173444286,0.010464646671069833
0,0.021457666973918817,0.08485509885547923
0,0.02714663666687032,0.012101348363689222
0,0.037833012232462944,0.017341484412545655
0,0.22429278457185414,0.11901386442242243
0,0.009347717380350387,0.0093295911224725
0,0.06854496931906388,0.16192609059419355
0,0.02347912174230855,0.016768865740227977
0,0.018063127659299367,0.007968405261883013
0,0.04263457096610365,0.06141481523243672
0,0.007103307855486296,0.03869576063997546
0,0.023913220533894854,0.03121034013674729
0,0.2405812380344,0.3592658085064635
0,6.08765418264938e-11,0.031140653380529206
0,0.027043276248067273,0.020217315177248826
0,0.014164896949579503,0.017579291937317644
0,0.020660629294586747,0.0427252734653159
0,7.140874220016342e-09,0.013867418501382314
0,0.002901969086210596,0.051755668477147444
0,0.020330793017416842,0.03489710940523097
0,0.035565676511671654,0.014779570481505949
0,0.014648468272351334,0.029504182330799315
0,0.01884775758311354,0.013481064982576334
0,0.00860864081448089,0.016217875113814468
0,0.044651403741060906,0.00972526637468049
0,0.019500330857212034,0.12184287933320141
0,0.0005777154931004572,0.007018393776105273
0,0.024664618094927954,0.17275368310787018
0,0.011355923843692082,0.023521573216935217
0,0.016533588719683873,0.10335106535605779
0,0.007530229968550066,0.017840108323986855
0,0.014815998288139271,0.12974319114129954
0,0.06553384596980275,0.013554602515062216
0,0.000878979130073869,0.027676892380719534
0,0.007580211341489442,0.046120953104992195
0,0.004038021774878553,0.03681674559733911
0,0.011641421358034575,0.00849144084186194
0,0.011566508978462705,0.009452282697664498
0,0.0009773592088822515,0.005788448451787706
0,0.22961399276686034,0.13492638301396562
0,0.05667065460547323,0.02611602558949557
0,0.05633231643620336,0.030523516831465525
0,0.37254295390736386,0.02467526159426999
0,0.3736653101588116,0.1362573114701668
0,0.031925378469187776,0.011996712554422216
0,0.2987514102213204,0.3063022494986055
0,0.05804379374284334,0.0070949137255867266
0,0.015998358497022695,0.07784157936326234
0,0.0034270560636966364,0.22812962559028407
0,1.3250528747424227e-05,0.005928931119764064
0,0.10580364908115947,0.2334195733338552
0,0.056412855137348054,0.18634800900113785
0,0.145650255099046,0.04917320334042649
0,0.017982864870749318,0.03466197870600793
0,0.31220706876486953,0.06520716867190672
0,0.08356428356915904,0.044659620695753174
0,0.030319186136869042,0.04096929864415046
0,0.12748515688895348,0.5364469888757629
0,0.0004357217370522158,0.00952620885224174
0,0.004112817048052219,0.02696782516001602
0,0.5177457179538943,0.25113818072756516
0,0.0015815834992211721,0.040750694523693426
0,0.04895777640687428,0.06149805892036128
0,0.05173144944396991,0.017452299334348442
0,0.004665992162635453,0.05309309559094243
0,0.0009919244842570396,0.014519248989141541
0,0.043609504909748874,0.00543264327792225
0,0.019983830970848913,0.01371493425731503
0,8.66707052032637e-05,0.008260001733491102
0,0.17154977196645224,0.21804752359609028
0,0.31522890136459325,0.5629858307120904
0,0.007424208080307417,0.041200273414223845
0,0.049544343212681884,0.00984677954285164
0,0.016218137409618773,0.013979281647407773
0,0.07828681351362793,0.014899830760816938
0,0.17256507886797803,0.06838196509915097
0,0.0090153541631882,0.007871180921098309
0,0.0558495247368891,0.046395171994588744
0,1.5046887175158434e-09,0.02693237147402849
0,0.01179014390632995,0.041808256156039635
0,0.03246296953672225,0.03916548365315411
0,0.005907966796642511,0.12332340288224579
0,0.016207781367758634,0.01317737975216693
0,0.1513961189582908,0.12640136226722953
0,0.043740720527811486,0.008322446473480833
0,0.04655935738991713,0.06515745061806201
0,0.006818439948311769,0.11291740377283417
0,0.027197671372241973,0.043526857180027904
0,0.003944879037942935,0.017763629106567844
0,0.016331360670090053,0.01779040363387337
0,0.003808862301678941,0.051284163124158705
0,0.003848023042941646,0.028994667487706304
0,0.30994775708366995,0.12271520143413121
0,0.07318677164330085,0.019187485500157683
0,0.018071519890660397,0.015131724615683441
0,0.00044055284274411655,0.003526796309769872
0,0.07648317257307567,0.005914539196827833
0,0.1865971001087535,0.10700770275722345
0,0.002396464218357293,0.033692138040171495
0,0.002903517961287158,0.08412215512202038
0,0.009205456897557708,0.07753931038404764
0,0.03384598528499177,0.019906281693657164
0,0.05428719659892858,0.26906422864348223
0,0.22140376652470944,0.08913882131227932
0,0.052031270920882694,0.016991398198606063
0,0.09601342242255907,0.03618261041361725
0,0.0375887952359681,0.03942223789908315
0,0.05983968928618192,0.022814435520245677
0,0.030105083105368944,0.03871907023379594
0,0.015225357632425439,0.033576568357141595
0,0.04993117351507127,0.22903286417887994
0,0.057523839177069665,0.1675169141722524
0,0.0026961672809363976,0.05678420771591462
0,0.09352525664408219,0.0333935238526403
0,0.01416688835076922,0.009804876950066661
0,0.051597534094881534,0.006551458953175994
0,0.005565764429169681,0.01803676783760245
0,0.017378488827058225,0.12315992635438698
0,0.0217082215887821,0.14400742922904747
0,0.024073392969032666,0.017768688342587567
0,0.19455104842865908,0.015190940330855197
0,0.05402203721398556,0.02218114462862355
0,0.0009814679609683734,0.017295565675692633
0,0.2861730832726209,0.14687116873684833
0,0.007508413021460087,0.0074386980417331635
0,0.10750775556262718,0.014195339140239844
0,0.015955294303143828,0.013586574849159129
1,1.0,0.9999495260944651
0,0.024017472483811576,0.007261500725955929
0,0.07107885728008162,0.010665181810435645
0,0.025106181621329663,0.021599405916018367
0,0.052375571330932756,0.00604311458675121
0,0.04793183693918257,0.030473552082831142
0,0.019212641049242883,0.0630155263499826
0,0.02369086026595441,0.010541412613139659
0,0.0056424468031425305,0.09696875537279151
0,0.10198314725035809,0.05213601366321273
0,0.039877049604554474,0.011780042571536626
0,0.027060108534312358,0.033979260907257613
0,0.01460288966920163,0.039992963386287314
0,0.08434191147992513,0.16466169585567647
0,0.10859018010264056,0.17389143510747626
0,0.0027384217427680792,0.0038778130611540514
0,0.014765112374654487,0.011928550528555086
1,0.24412606878348558,0.184488971340533
0,1.0889741013864456e-05,0.04651401047610271
0,0.0006876082445248489,0.02487914346080542
0,0.08673406380456103,0.0235140717199124
0,0.022610043707109586,0.005470732199594863
0,0.019724246211372632,0.09456681973795766
0,0.0017543640325371232,0.07660498331580089
0,0.07050831448146902,0.03502008056439347
0,0.0035472213986910764,0.013685368034669784
0,0.005246611324819945,0.03841051615070742
0,0.07825171629591797,0.07015796021490067
0,0.0013047120634992627,0.0179956067859441
0,0.07564909322673836,0.046113682468833066
0,0.03572815943649137,0.03249348732558801
0,0.018300221539199656,0.004692863558306526
0,0.003563088718765134,0.061550634548828934
0,0.021404463654536913,0.024917276000001775
0,0.089831393437382,0.08597498836659184
0,0.023649749217865623,0.28798778809345355
0,5.6415604688816056e-05,0.028801045539248303
0,0.05874760135372656,0.013930834563564776
0,6.13694168880441e-05,0.01908833371003675
0,0.02270988558067762,0.012855716076280508
0,0.024452339022163493,0.02536918257511363
0,0.020183115789924006,0.08239502439598273
0,0.024780927677006674,0.17228279159244655
0,0.07192126661728317,0.013156295693911088
0,0.0014551238331507732,0.009086880962827374
0,0.013099389848001077,0.18158832077309642
0,0.006889183013167208,0.053237021868966984
0,0.022793599229085717,0.017262341487448044
0,0.1252656171666703,0.2025347121030513
0,0.034974402612198474,0.10697249002941822
0,7.989015195374706e-06,0.044062650805381035
0,0.03816639655196377,0.015004066809514086
0,0.034825210372738405,0.15342243480224685
0,0.060950390996568765,0.041407456649441364
0,0.14167943926283125,0.01312371174742269
0,0.26545916721125784,0.02973846421067424
0,0.140807682670492,0.07603229432126955
0,0.0972053202586618,0.03567863353283422
0,0.1493475453978638,0.0526288497942171
0,0.006154779668234623,0.1547930795480501
0,0.11728620887884562,0.16461442375796134
0,0.011505900981605503,0.010189752562424964
0,0.040501384768375163,0.01288243402493843
0,0.05297549581555128,0.009402230905213265
0,0.015213262841204885,0.0324717261703035
0,0.012360124430813288,0.016765968740570857
0,4.377728938151485e-06,0.023682436643864668
0,0.015663091575836827,0.015994978674070882
0,0.024811517070755313,0.05670756199267677
0,0.13986205305706148,0.15705345584673774
0,0.02919207656868359,0.03661448204557005
0,0.010267935304392135,0.14830707173637203
0,0.026123546134659496,0.017612301549910992
0,0.013790533539793325,0.013222369054457148
0,0.003708493736939474,0.0022358922911998144
0,0.23525679820769269,0.1033384980089129
0,0.00792258271812659,0.011119726236962588
0,0.11403948767532571,0.024258558302822385
0,0.00358512502861128,0.04430547993630035
0,0.003070610938592872,0.08527715983066157
0,0.028076931725720247,0.4165052788843813
0,0.00032745705321923037,0.00869217981191608
0,0.01650515785851059,0.03993234186216091
0,0.008338431105327187,0.0380435569455159
0,0.0109828253706458,0.009848910095020699
0,0.004291272784097414,0.011822691035025123
0,0.2668259387954329,0.3428764651557746
0,0.0009198591781641109,0.017416806651819938
0,0.01954786525486053,0.04051430142216301
0,0.16476898672823903,0.027689530376612728
0,0.031649627997670564,0.010990798650392136
0,0.12576215604383612,0.13061448416746335
0,0.24022015844572228,0.11436565741992538
0,8.670144464723889e-05,0.04157059533342995
0,0.0147936289507377,0.014062912480476515
0,0.01456021015468478,0.0409287642762219
0,0.035748740368322915,0.00251099314760407
0,0.10128392137366506,0.008654437885068096
0,0.08256662452852769,0.032568293403405287
0,0.11873390342142835,0.014670947776028337
0,0.06579502293728186,0.025235492424970456
0,0.029601309177367512,0.076715793781282
0,0.015791177837694348,0.10713336699657619
0,0.0033390979396996394,0.018904449572748658
0,0.02142486868227389,0.011950058770488452
0,0.004476481939677191,0.24059555280047212
0,0.2231273348614529,0.11343462819703011
0,7.372477173767221e-05,0.008632545591972261
0,0.12300215189541562,0.026454320925871324
0,0.011055622342369105,0.027820507321074047
0,0.0007750042423338865,0.029054152823406412
0,0.0658752704261615,0.03312076021046837
0,0.10520608839029043,0.0983626946559915
0,0.5521378424696682,0.05094701215158178
0,0.03991437268010238,0.013182531899281192
0,0.021349762954389184,0.10916945639541581
0,0.012979364741858523,0.0528023291194604
0,0.002122503926230938,0.15114693611817395
0,0.03913070372195175,0.004986108258472244
0,0.07252246841280366,0.2639857483889635
0,0.09738010747875402,0.13068814880643567
0,0.037557349561106027,0.1931482748788964
0,0.17613139245388054,0.028774341122624576
0,0.012427440654608058,0.026367514122929533
0,0.06449401741605662,0.0715208802121082
0,0.05078681626835534,0.05766367616294715
0,5.8711903094066015e-05,0.004282651564665774
0,0.41590913699574655,0.2708581098055134
0,0.40787207170692275,0.1961629548948408
0,0.018553597805641083,0.09069368962247062
0,0.10952948283310122,0.048874924756193504
0,0.013598785973115417,0.09835755705455457
0,0.004621824599237596,0.031135131433500867
0,0.11673833576005538,0.03833611915204881
0,0.018308849424264816,0.004445508443991777
0,0.01309095954025824,0.02102982145988635
0,0.015790659271017637,0.012499053321050986
0,0.022575010225654484,0.0026938669842767396
0,0.061815680336142806,0.005056369228229386
0,0.048883747344876945,0.07338814500859103
0,0.004127208755999724,0.030830815154924127
0,0.07446735301603764,0.029986291928715936
0,0.22933989460863402,0.07221260177496994
0,0.029686241054935374,0.013245705637861786
0,0.019772503398241003,0.15225846118416075
0,0.03865103993402522,0.03266065766251554
0,0.21644259319658948,0.08108296530547641
0,0.12476241610878748,0.05922967591841334
0,0.03309606804194434,0.0127813399541981
0,0.04219137270334227,0.059486737646604934
0,0.1494380799832916,0.01689062157618861
0,0.012254721753590622,0.0177587203093848
0,0.09213972355530614,0.0444542781064725
0,0.04618653733784898,0.01255328374982789
0,0.010261431860043762,0.0030423245094537807
0,0.009819463982352335,0.015519213341366281
0,0.12623904368698746,0.0343336154167469
0,0.015755688010623214,0.005886615914753126
0,0.03211094215049787,0.07056448547436554
0,0.019115541664523308,0.008125919235747965
0,0.06200654479483911,0.40812318572459083
0,0.013000543424272504,0.009491050060408604
0,0.04280428469997853,0.029999393212388665
0,0.08070787071762531,0.007540183220074507
0,0.1279905653674817,0.013759671750673013
0,0.024126626760562753,0.011593493542662378
0,0.001262456009610942,0.03403405480680993
0,0.013762352857795866,0.026581174453245263
0,0.01840493182966043,0.0164718411976133
0,0.4374662681920318,0.17700340615411092
0,2.2423055587776812e-05,0.004262105751229828
0,0.0015099084779788172,0.005890742360201439
0,0.013630008073209831,0.019194202233870885
0,0.057886047819874255,0.030106721906273722
0,0.0144031914495314,0.01973544213144724
0,0.28091719477787885,0.14043065193622933
0,0.030124851155931838,0.015508364186429409
0,0.0044090782184272575,0.03096053653981402
0,0.03952336715153744,0.010169563373453266
0,0.04729583468667758,0.018828158458209263
0,0.05884768896745773,0.014761046156922027
0,0.0016337248825841213,0.006598049216184355
0,0.00928785162907551,0.03323492337178353
0,0.0029713398989651683,0.028942229610195987
0,0.006526005159204807,0.06340292510997568
0,0.114078428429829,0.07988084236133035
0,0.01954965291535004,0.04672969358528114
0,0.01701818267844141,0.021733609949452157
0,0.04636828558793717,0.10963605754961928
0,0.01427028155420822,0.005490049536841421
0,0.5430928529376673,0.16820074084648648
0,0.050004549238953526,0.4000893343731106
0,0.32866442132002527,0.17716752215993142
0,0.05054717356223032,0.011880725140203776
0,0.08582098065895434,0.13678014000390532
0,0.05040689807469271,0.04438800346439168
0,0.05581079589535277,0.013920440876362735
0,0.01959535563923134,0.14085257693778228
0,0.11875620676122227,0.19022447348607915
0,0.0023482297723870157,0.008857012295582715
0,0.0016802207201670485,0.026298459085399687
1,0.9999999975217408,0.6992898303421637
0,0.10274393087276176,0.027838937459781665
0,0.07311858252757293,0.04951783295347038
0,0.028361623014063322,0.10863216881115817
0,0.9295592278588098,0.566504147441964
0,0.02670683123221753,0.06056613867131025
0,0.04517589185062387,0.028625380359264693
0,0.0001777188918781817,0.007899814737177685
0,0.10467268330332619,0.014042331946878185
0,0.052351450625624976,0.004899955917712249
0,0.09991047112759295,0.013982065826322625
0,0.021692824152207413,0.047093417436429634
0,0.033106161411458196,0.009852482800049966
0,0.126390077825015,0.04661263145966537
0,0.016985364737395994,0.03979133745488248
0,0.021810360764240862,0.0948128293290719
0,0.03821124558682089,0.21980557926607897
0,0.03822846542339413,0.016818364080322983
0,0.0007577329325546293,0.005717108137141557
0,0.06686545077964115,0.05904691760163968
0,0.13422380134551698,0.04655548697562787
0,0.017900278684701332,0.018089397637691948
0,0.07367405082020044,0.020467842735614986
0,0.18849135822127605,0.06459633858967562
0,0.02806844800155367,0.008775905171517343
0,0.039289081715950296,0.007527488296370336
0,0.023172064444213842,0.09461497797082745
0,0.05285922291919096,0.0786156168889325
0,1.5029939709522271e-05,0.01914907130923666
0,0.015508656637544463,0.04918771008126014
0,0.010823704414460377,0.08130943438488643
0,0.01697592018463189,0.03321640766840255
0,0.06927626522850844,0.01207732050024762
0,0.015411618339712316,0.0323153069355085
0,0.0025840770718080744,0.006686700300054493
0,0.03766716229985178,0.14364583770359315
0,0.008485906633578903,0.018638066405666048
0,0.08516445971175404,0.013410309771521143
0,0.0997280447292782,0.06863467058398172
0,0.006702031885283821,0.01608600127239568
0,0.03000231895986089,0.02476724902067828
0,0.037919713064412275,0.06074269647672005
0,0.07225247969961535,0.22240896598626034
0,0.06020643648477039,0.05707403728539058
0,0.020578502850897615,0.04942679451816015
0,0.00013490901681009087,0.005380853576185699
0,0.06135675261498533,0.1088996835813093
0,0.004514717510007739,0.006731686294172062
0,0.2612832733806068,0.16190039093262157
0,0.0026690274678151343,0.005455350289856745
0,0.09938005519146569,0.038782714623463305
0,0.0037167269439731115,0.02072383829742899
0,0.0825100492896901,0.17051601409473902
0,2.3998280542229428e-05,0.009309958246397085
0,0.04733192456643178,0.01117841103757688
0,0.49104656679110054,0.027246415145273994
0,0.006171019619351893,0.02006584522495925
0,9.803568470510891e-05,0.0463345289832045
0,0.1674162008076742,0.04938999139918654
0,0.07101006318970854,0.10594817238972115
0,0.0568893672430237,0.007129255640453291
0,0.025779011716525465,0.02143824766695972
0,0.049606589804723725,0.16370960710984778
0,0.026575383539757323,0.010064950610279332
0,0.05248371287670645,0.018295101008549544
0,0.04462173684575562,0.023631963675808085
0,0.0723775632465298,0.01787794207043931
0,0.049079255137242705,0.01780594555199947
0,0.013619061072898264,0.015274435899341314
0,0.02618651336528367,0.021308522920214606
0,0.040985052872379524,0.02017846371988052
0,0.06579194424399487,0.12080194476839544
0,0.06057084832404268,0.09542496529180464
0,0.0026839702109119267,0.19835258072056441
0,0.052143403582237874,0.017511295084065504
0,0.00522748016973758,0.02058877940709275
0,0.030699257896390712,0.007715103122859479
0,0.2921062997917956,0.08162744984915807
0,0.04390137846908806,0.005505416053882002
0,0.004361899867618589,0.029812842593114345
0,0.013883577642523903,0.007999366973593304
0,0.03316523957267498,0.007838458343367672
0,0.002920413062195825,0.01922325491032285
0,0.08937273535307659,0.014129745899646017
0,0.2789604482382802,0.017781763218068777
0,0.04292329944857522,0.03742060717525259
0,0.006954735176620402,0.07003997535228608
0,0.026754159004747927,0.04911990317622746
0,0.22087908986431837,0.01702316356978961
0,0.008934817843102216,0.02733560285971928
0,0.1223600197335338,0.03952782520526268
0,0.03157916428561713,0.0774333339989406
0,0.9677860151489127,0.8796199277332922
0,0.048010023900697286,0.03746877634050564
0,0.10422682435384081,0.05433383798917555
0,0.057075762947598176,0.021386783998822607
0,0.022922655506883154,0.01834358845180183
0,0.0103722877441127,0.019210947409538916
0,0.04017214210943795,0.017131849003528106
0,0.01567312706396948,0.015466305203792708
0,0.014425647838149522,0.06840026068225569
0,0.033753260231933556,0.006410977677574068
0,0.0360067571453461,0.03915124872354799
0,0.002380195203255604,0.023045771631647182
0,0.43310291192199984,0.055374961370994326
0,0.05149960881626642,0.021937616954027604
0,0.0021117991902857643,0.015675823278638493
0,0.13209938388733936,0.02882567991073125
0,0.05245723771100344,0.014830533573682542
0,0.23934144486273098,0.0941028575476625
0,0.2185914157770029,0.12536865122830074
0,0.03381540828182327,0.18439649584115247
0,0.19436823680621154,0.052306223124607934
0,0.01025688331422927,0.19262272387506357
0,0.026241052105138284,0.014315528520184839
0,0.04340756037926721,0.019048375987800587
0,0.21713896215887304,0.027248791359334813
0,0.04132556040506324,0.12957555105068017
0,0.1408489268920684,0.03160311275584012
0,0.06432849311396485,0.0721993069892287
0,0.029783421086686877,0.013466074483843442
0,0.04876591249275208,0.03561192086532115
0,0.008371835094497902,0.00774234672375097
0,0.17533121060970472,0.03693622420364104
0,0.04063039847443651,0.4453587736798393
0,0.011767119316774278,0.017336332739271803
0,0.15804353993093154,0.2595444774497173
0,0.682588989652302,0.292039134776851
0,0.07278775878353963,0.007455285502503655
0,0.06798013408771826,0.27712463444891716
0,0.04308946461288693,0.10593716709200489
0,0.08258237356137417,0.048208145696884655
0,0.005399318749611172,0.009159204642460969
0,0.1707735275808345,0.011925053718163285
0,0.007300179743587533,0.08106685424339898
0,0.007546422717526768,0.022540459092087725
0,0.02641695783975042,0.024849784027242538
0,0.000129462171122588,0.024862079282298017
0,0.00014711798122668833,0.009490450390373753
0,0.014975556539093396,0.017678336168097733
0,0.007838731160387065,0.12044959811390803
0,0.09030603440947603,0.06474106392220069
0,0.0015442680408408241,0.02198019419020888
0,0.31912813973582016,0.06333316918767198
0,0.014493611545237492,0.02318149863414752
0,0.1662893851048632,0.02220248639284281
0,0.0050173619582682015,0.011804164417227373
0,0.0004664354017655447,0.003749832730431945
1,0.9999999998227325,0.9994079070855558
0,0.14119322005429527,0.03412219398792352
0,0.04963268106400896,0.00808367667295786
0,0.04928418942924593,0.24741317184304754
0,0.006399304824481143,0.037686927617986775
0,0.005711587175636426,0.004919886609327683
0,0.9771811227029573,0.446166250123998
0,0.028706053945630975,0.08052224143786171
0,0.039057279375932265,0.01781562756713443
0,0.0680460448854276,0.00812327165980049
0,0.0012109386211936264,0.004643527810051732
0,0.007556776756650083,0.0574019923991637
0,0.005389477680119664,0.02824931026419739
0,0.03322820181714874,0.008545215929014187
0,0.1013988546852231,0.05944973876097396
0,0.015292831912595329,0.01275569219986416
0,0.022595499374811583,0.012316446659552243
0,0.004717319625558084,0.037021057309755634
0,0.04693746046138565,0.038916143189919525
0,0.052471848626290465,0.07532314714637892
1,1.0,0.9997689751427054
0,0.02297610212131968,0.12472461683681497
0,0.034627868721150507,0.07461244067595935
0,0.03820773303589063,0.012331511283464
0,0.00031926400619381677,0.008202170059227444
0,0.00975982722031184,0.005462937637389377
0,0.08620679468494859,0.04642403900446497
0,0.15746660794247,0.1980059750516648
0,0.36758336336347697,0.08447002318792042
0,0.02612151529977235,0.006185862877058606
0,0.06191354759696149,0.05654500817814759
0,0.01201971087272705,0.008229000689108196
0,0.08269751346024842,0.08800551253968376
0,0.018682780196763903,0.015322260302456273
0,0.021809216291637394,0.038049443214757506
0,0.06074993542968948,0.05208837653080848
0,0.021096906202100644,0.014790656134886965
0,0.2115515381743247,0.11741169415422707
0,0.047658895572974466,0.0876800377620108
0,0.014105642447239596,0.012241998839717504
0,0.026259761237469512,0.007852637424793764
0,0.005402692835371107,0.029194285294068954
0,0.07073554497299926,0.012952830876991325
0,0.013280903006074552,0.1529430731794826
0,0.07911543178352363,0.09329271016780277
0,0.16099894101010498,0.01212864310479588
0,0.019968098870458844,0.09619241392786429
0,0.013635251346608666,0.011514637733324763
0,0.033079689415685565,0.021870316567290014
0,0.9564267211433816,0.6756400424074331
0,0.005858448520388805,0.061563701154629946
0,0.005704971315370165,0.013457926987683225
0,0.07632230346407012,0.05598779137060054
0,0.007195719363831301,0.0069269743672532875
0,0.003113060749568223,0.025909606637839852
0,0.06525460824518625,0.05098933897428008
0,0.009993141180395413,0.012782918847987537
0,0.06342708133169137,0.028786458533590138
0,0.011693577955191947,0.002195768320548878
0,0.03035316875104089,0.01780271080011692
0,0.005703040260166615,0.016372336338131118
0,0.014634642183562193,0.010622499385387259
0,0.0006879157711727125,0.0472034967413955
0,7.053834844975776e-06,0.12135872670482133
0,0.011282544427746432,0.010734912324904419
0,0.020648837424100425,0.03617949946889966
0,0.015312790460068884,0.020229151071708834
0,0.02713226517474626,0.011400683091021374
0,0.01486298010773964,0.09027706740037666
0,0.029943047160776157,0.009269897067341333
0,0.027210099156093598,0.04446245267977593
0,0.027119874338530383,0.20459628061030602
0,0.025183176471828304,0.0016583139186828713
0,0.2045457656713494,0.03374655100917535
0,0.0035551332432699556,0.03950348951311026
0,0.019513608226752237,0.012735488193828377
0,0.007537375641548392,0.08262073973514489
0,0.059029577240037524,0.02598021907822627
1,1.0,0.9937197835223857
0,0.02400827436467806,0.012714182274183599
0,0.02525512682745382,0.024799298697860357
0,0.007545568575537054,0.014484091361590087
0,0.03254521539934501,0.007930195512862769
0,0.10714270974094578,0.005124681583887291
0,0.001378534766656213,0.024362262801037263
0,0.0644072052955761,0.028599445544845226
0,0.015843417971288874,0.015427108535348866
0,0.0009881806373715069,0.019477809509953422
0,0.0714853908582402,0.015058889288815967
0,0.035476941877917986,0.023054007318975316
0,0.014459162205344805,0.010818254700868434
0,0.07359614442613976,0.014089754780895225
0,0.1435466758113576,0.028608658495372207
0,0.009788855982061985,0.03810713713947464
0,0.0007139513358971421,0.004261928353827038
0,0.07949932005793663,0.014322950655232744
0,0.022893699747120983,0.015053393030644905
0,0.019123724971899767,0.03582563011023227
0,0.09881646745787447,0.01874816759197516
0,0.03397450252292653,0.0393555317568459
0,0.009838302057007389,0.005911325146991701
0,0.918285721223996,0.16591138609951903
0,5.5679853698903795e-08,0.008131633091860406
0,0.4083179444756066,0.02679344710062464
0,0.11577652372055619,0.09518343347173362
0,0.10940538624853487,0.015004003593826778
0,0.03212457553708324,0.010745850915006348
0,0.08580369243310924,0.010273876474237192
0,0.0396863723142725,0.19669822836772421
0,0.015309288205007867,0.04209475276184997
0,0.005068845619059868,0.04888702904327775
0,0.0276457137413377,0.08203550446991391
0,0.030940076331792726,0.010084564711517743
0,0.08553668181239608,0.03055161991902668
0,0.010878242440662654,0.014367780635506196
0,0.02246774239311673,0.027295761731701854
0,0.02582463805129399,0.026481437691014235
0,0.12147622716971415,0.03894132389168785
0,0.01493213713552494,0.07121362043474883
0,0.06802815958480851,0.09608786586005187
0,0.02496366928166779,0.00955044302727831
0,0.08327477877438547,0.02682590332186822
0,0.1530856053268074,0.020037402007960354
0,0.014417854965157283,0.008957329975958566
0,0.037837869770374476,0.1619098895092826
0,0.030298018159546893,0.021646511462482792
0,0.06887372340427347,0.06357799029117546
0,0.04710685775994004,0.009548643706827587
0,0.012132109520077752,0.009736354700392719
0,0.02650341364806875,0.060257935386423954
0,0.020541678857529187,0.011359475912017195
0,0.0024903061025483087,0.017766774592103934
0,0.041928718698722806,0.07890736320584904
0,0.03761051193038174,0.00761331479888769
0,0.005402760633478314,0.18184612598489086
0,0.0733919303055755,0.014535679625851684
0,0.19831446290933077,0.07700768796684972
0,0.02804661330818718,0.013445006423227705
0,0.11745916347100459,0.11772250194015751
1,1.0,0.9999229222880337
0,0.10232768137706413,0.015397218908035564
0,0.020516531695446847,0.017438428307236846
0,0.008174741771914042,0.04837780841940977
0,0.055127639350470006,0.1788370938436696
0,0.0014897761887632903,0.03337671894627024
0,0.015307556101783686,0.033610372210093734
0,0.019771044918033786,0.01143909647484307
0,0.010177300798696737,0.011668943633135668
0,0.012871546903132353,0.019285340727942482
0,0.0056149330364753045,0.1556403710528093
0,0.001991983064869824,0.02288801237020697
0,0.0645082599117275,0.06493423179384673
0,0.8901388055528903,0.031217117768192727
0,0.014849601084007904,0.009786541728091144
0,0.025600924302391536,0.013164159439386144
0,0.016617522032566286,0.023325559631167652
0,0.014106622295274363,0.015268781458641694
0,0.035231806597030506,0.11824378442723851
0,0.0522676851690642,0.04685511513072049
0,0.01297086502149473,0.006133545146163031
0,0.018738039368830787,0.00972142078554918
0,0.09086413272392117,0.04234423552483222
0,0.042983173777739137,0.014834443501251673
0,0.08141299020927252,0.07116672796140266
0,0.030898879945627383,0.12151644507541581
0,0.010681318894163202,0.06765728685978442
0,0.020653681426415254,0.022939721292419633
0,0.12283306539241268,0.0189899019692402
0,0.03135376940235789,0.02673760822670903
0,0.16775535141925713,0.053916491587392514
0,0.09046438073296913,0.05444835170978321
0,0.05503086319952674,0.05408615178146085
0,0.07872084733462098,0.08831094206696218
0,0.1981328125274588,0.07613793551489542
0,0.027045245105635544,0.02917732443441009
0,0.008616763694472234,0.031350545664451036
0,0.02636360787131812,0.010048564215359053
0,0.007136874193985115,0.025209765494756183
0,0.005066358345922857,0.1510027417863417
0,0.07285625463663155,0.027171929145479536
0,0.0016637906373350106,0.007184677297078763
0,0.062099433688453276,0.02016604497445248
0,0.015582279826141215,0.03390111596443581
0,0.01763932723420195,0.08185272411724359
0,0.035586066887472095,0.010844821783146863
0,0.008623113079668699,0.042893101770420695
0,0.0006324769741709233,0.05349611743009206
0,0.0015618366243294528,0.04785032397805114
0,0.022314139265637092,0.00823411084914629
0,0.39161926716099804,0.25981597584864696
0,0.011974734236915245,0.38989924791557984
0,0.12223110818823724,0.08741998662064872
0,2.718494503059205e-07,0.04310015839846923
0,0.00045951816124380885,0.011849976355634617
0,0.06049703441259158,0.20778372720120597
0,0.00595947271125259,0.010183624719062683
0,0.08580826739527525,0.01393963948449681
1,1.0,0.9998068434657561
0,0.08767831823108199,0.019109522111259075
0,0.05471331301665842,0.00738718657402514
0,0.03084217131116905,0.021170898382713906
0,0.19001054729058742,0.02361871807119286
0,0.041415261727946434,0.07877006178282177
0,0.03812737584687826,0.036187465302513586
0,0.03998437417428579,0.24654761621042956
0,0.2315603279760249,0.027269604665231546
0,0.17218062596913483,0.18503373079535643
0,0.048105880947786964,0.0798266544198857
0,0.2799203218375724,0.32865369871266786
0,0.12266201229519721,0.0061378353449542886
0,0.011892777684866119,0.006129480866238273
0,0.31605190082978696,0.05779235451493741
0,0.03739174847116843,0.06272394902093842
0,0.14843674613849075,0.07026878863300046
0,0.0062712972408165415,0.04026344722851331
0,0.34860554333342236,0.27885850790877553
0,0.10087248626055063,0.023014058656454433
0,0.01127271709956495,0.012106379554559198
0,0.04637355057996461,0.03580735725348978
0,0.010117890498936619,0.012399194964439177
0,0.06776016127768901,0.14558160722164276
0,0.02408101945387788,0.0144372337586255
0,0.0019290605782273085,0.0183219339742976
0,0.3693556416804303,0.023676127369859266
0,0.07542808445667877,0.015325735236245855
0,0.1037927204265877,0.060539864367268895
0,0.03962283272473959,0.035432320948224356
0,0.0009866520178552975,0.039844466548721515
0,0.04270165185814542,0.41944920308627587
0,0.02135340788307419,0.1528921370118951
0,0.20455483287308276,0.004712829676244734
0,0.919440055130334,0.16653058045377642
0,0.21591845811440763,0.2099889733241682
0,0.010361663932335724,0.011237243410081588
0,0.002492939689008184,0.004022300133097359
0,0.03857022337918032,0.006227925493204158
0,0.09503920952743751,0.010753313928150383
0,0.00026230077372734405,0.005701099487786711
0,0.018483999289425988,0.016271840242731213
0,0.022518843200943127,0.01770615041950926
0,3.061610659597793e-06,0.013237754210015941
0,0.025729972353211027,0.23670389579024614
0,0.0888099002774321,0.014691184446017283
0,0.3823912664801408,0.04606894371893331
0,0.041442611216489685,0.2065837281037396
0,0.010990042258509365,0.012639201973734868
0,0.043594610162997885,0.07882033651988053
0,0.017267654646720202,0.01731676270065893
0,0.015003999543292375,0.020752365606973824
0,0.03893734649112576,0.009270439301812552
0,0.02949846160633273,0.0326481503233667
0,0.07425576937410422,0.0049407435725498505
0,0.009068302996872432,0.015108918658636911
0,0.01990866710591036,0.015449766507142344
0,0.008738969048488825,0.020725008287110002
0,0.0067154891571415245,0.008381238552164962
0,0.09781610377211294,0.00564171965042834
0,0.014863214984269632,0.061288368935878274
0,0.19002666970407853,0.07216940893715322
0,0.05912204108168036,0.010832121021459536
0,0.17780503096114525,0.07840933782153367
0,0.009353179228092104,0.01645092815361776
1,0.9999999999999809,0.9996928081910325
0,1.3894571274308116e-05,0.02668500486095466
0,0.03185925381772886,0.08035179742381565
0,0.020516846511083736,0.0906812288536554
0,0.0008850883220938297,0.013368284786615031
0,0.005113466725101969,0.07019662575611739
0,0.0013691186536267765,0.14924324523422056
0,0.003140748637180251,0.032507320804640964
0,0.04778784315291606,0.008887880584210977
0,0.029307950227760483,0.018695799324888174
0,0.12953883425380378,0.03017777232944792
0,0.05387046418351962,0.024612711498867283
0,0.035903715862081506,0.01574334040505996
0,0.1411436520811508,0.045914232931832916
0,0.027083644074842927,0.013479900396566083
0,0.02757974578232364,0.035651430632707176
0,0.013970381556927524,0.040680857120688245
0,0.017359744358357895,0.041674437863428705
0,0.01473890977306952,0.015675717155743837
0,0.042219271122462376,0.019030163175554057
0,0.0889903858871351,0.006347007810680117
0,0.1507010581358616,0.06427546905189672
0,0.16992691561641474,0.08521572674605865
0,0.04754614926536243,0.02766645475504627
0,0.04798110219226505,0.08531624690133212
0,0.03223891806645862,0.01033737052119069
0,0.053110916395734585,0.05457201970029049
0,3.806246273354394e-06,0.012769050273193003
0,3.4574481464253466e-06,0.011041676195564922
0,0.06256835464399485,0.0652397157666544
0,0.0016266589826438643,0.007781505535761143
0,0.07760800255712381,0.03831395968393577
0,0.06927363801502912,0.034728391424333274
0,0.021118486515274783,0.048542091214034355
0,0.018421494347121297,0.009867258942441268
0,0.0003529773149393011,0.06125658412946601
0,0.0009430293070187823,0.011688645878131693
0,0.0014018930873707697,0.013752733190207554
0,0.00903141560747548,0.01658497754804405
0,0.050805272035047075,0.034055121861327586
1,1.0,0.9957501918947308
0,0.032515312429053055,0.007942125467209939
0,0.016824871748053985,0.018136170153402062
0,0.009595042858433395,0.08470980187146028
0,0.24688386101623325,0.35508029849696
0,0.012652122991448172,0.030981846459671034
0,0.03777203140063047,0.01878238023242165
0,0.3905003214037904,0.09959300675193869
0,0.22264972000498173,0.07410664583046252
0,0.006401168142693545,0.08835361692419227
0,0.03059525402355526,0.011734367693142213
0,0.022930813520725495,0.011366486639399813
0,0.09946217602777717,0.08721119931338078
0,0.04531409363014267,0.011964406640301163
0,0.001268588508380656,0.02356457696723371
0,0.02717415156591117,0.4008140341122934
0,0.2643063979376097,0.23394233504935805
0,0.02872276723309067,0.06675660299564841
0,0.0014238111246712485,0.014975707411758063
0,0.21348739756738988,0.05979454878304496
0,0.052444306244284436,0.011121038594994427
0,0.043617107503135855,0.015379334970612207
0,0.08043531385222497,0.02737074111818813
0,0.007727309557447789,0.04281272080615935
0,0.019385147238410155,0.025418881571235324
0,0.25666044960440865,0.03963453971794099
0,0.04075865261853872,0.012336096629737059
0,0.12242505497806003,0.042750497562601096
0,0.02438753008041396,0.025629037940134092
0,0.16684250833412925,0.12313516808736337
0,0.040588441993885095,0.06364596753034929
0,0.008776380508336928,0.032422514641811104
0,0.005668190805188594,0.054770757165588276
0,0.0012014806823538605,0.03785119098662862
0,0.0429943419936968,0.048070641205502515
0,0.04156577771600028,0.013284629647098124
0,0.0073302469498249204,0.03835876121198757
0,0.04514664360525065,0.030332799332957076
0,0.060837332032726094,0.16423029319576327
0,0.01352332247570404,0.016323551789413634
0,0.04790205979263446,0.0114179446401888
0,0.4400063623882628,0.35461382007212433
0,0.028790091430779124,0.19715165694190265
0,0.013798968808181567,0.4800358647374889
0,0.0022338215683095834,0.011361559258865166
0,0.21998531138754232,0.022293756178409875
0,0.03639009272817436,0.01580558718104837
0,0.10545416424697045,0.006101217235661714
0,0.1373350259331762,0.08063084571088719
0,0.032372820121065224,0.009383110406033646
0,0.014397231391288089,0.07911653609487426
0,0.016467916565741,0.04428029225730135
0,0.06766977520421082,0.08807998916562366
0,0.07432368897275184,0.04563577521371558
0,0.018963356178568987,0.05040546812264182
0,0.007059922305534497,0.010871565567111888
0,0.004337230348022861,0.008486810785082014
0,0.00302958073102103,0.03242364309681393
0,0.030847293474357076,0.04356116348401348
0,0.0026077481318081274,0.04343292862334016
0,0.27046362016926184,0.08266130290976982
0,0.0018021959841453862,0.0314526238713203
0,0.004857716820709423,0.05100438654408784
0,0.0384385665450054,0.022780850345928385
0,0.0149123743303103,0.015388181223778004
0,0.010154365439533446,0.06984126887049474
0,7.254941312830178e-05,0.042304512033817174
0,0.02662229957035571,0.006049033122064031
0,0.07340457132085694,0.03608365776192454
0,0.0186943900674844,0.042083787916510004
0,0.0007608536331841551,0.03625153061302587
0,0.011103750154652555,0.02059626749917103
0,0.029386557417882424,0.018475082431152357
0,0.06957259543179575,0.07389674731997947
0,0.011143625588930499,0.015012547008118585
0,0.09947865097897718,0.023671041759119233
0,0.03300545997898024,0.37911121188682434
0,0.024319590364893763,0.13056615595567808
0,0.03402608556335131,0.029665154389653014
0,0.02307110017080448,0.014622401286130139
0,0.00015407257076218648,0.006056667709009323
0,0.001982920292783555,0.035468272811456585
0,0.15591419791339162,0.009795603301230015
1,0.9999999999942526,0.9859144479629971
0,0.030217540812944848,0.013869323150037773
0,0.37622034448898917,0.04508727390018469
0,0.003469461600966272,0.03266125695903369
0,0.013711963597020446,0.037741340567094966
0,0.05564045606418102,0.024487748333576507
0,0.02895621537205028,0.008696581105772573
0,0.213085929198667,0.009412938105071206
0,0.0014472797241788956,0.030063882984428296
0,0.0035092959878519035,0.013818606284960419
0,0.040787354668879304,0.021122859545641234
0,0.019846455393822775,0.09631463162981911
0,0.06303638968428411,0.040516915336174616
0,0.04981586059879511,0.13930110466440956
0,0.007501148299194468,0.08870201360587542
0,0.06905927105957534,0.0553979108693029
0,7.816857278432159e-15,0.007103171786419053
0,0.015315520295655189,0.004878888924273463
0,0.7028229415506047,0.2920283609241183
0,0.3529099522580442,0.3243499378760224
0,0.2748651134819018,0.23105259136696174
0,0.00021136952527131322,0.019505547006970908
0,0.101430335661085,0.05105924736970471
0,0.05804015374836398,0.008171784453402834
0,0.009641225329712183,0.034515569343552856
0,0.07483124178101372,0.09292691644582746
0,0.03672078706315679,0.010011964470133469
0,0.017015886579789714,0.03747127697072177
0,0.7308529705150648,0.1383598404039627
0,0.014018826578464885,0.015198504571773228
0,0.04253681138762213,0.06283577473253303
0,0.0012758286714323274,0.015833141166035816
0,0.03570691361463194,0.03629681258364594
0,0.09375845578379874,0.05163455934763415
0,0.0038927467677178653,0.025141127934546207
0,3.3866698566362766e-05,0.01196241849026121
0,0.8059656818396733,0.1392182822166183
0,0.22082330160234617,0.0338288418782786
0,0.01600996625149935,0.009913638520992436
0,0.21513597812713406,0.30321894731277577
0,0.014485807452044655,0.013283264619065418
0,0.0020298142760246858,0.007623252027118005
0,0.1715722259436792,0.024386126106585547
0,0.0007519204410116897,0.0042968883797582826
0,0.07031355280283057,0.015250814549401573
0,0.004840299562233835,0.017630646351589962
0,0.07736520890639705,0.2118799782222235
0,0.02516713971136721,0.01798350321074872
0,0.08642872243056325,0.008504098998427426
0,0.0022345915611599538,0.0077663973374932395
0,0.010218213275667926,0.2265892428199434
0,0.0003094375144512159,0.025735258880056237
0,0.008135524049577571,0.02605806930891853
0,0.04600848665737357,0.07005603178818716
0,0.001722774770993109,0.0063662931398302805
0,0.06717249946196564,0.01474282780409935
0,0.7453292104678643,0.1232962132920327
0,0.0028817458986600897,0.008441755198644624
0,0.007284561785048751,0.03262420157562587
0,0.013580254753799094,0.01193837774476628
0,0.0719108289841035,0.0164175044485247
0,2.148744141328384e-05,0.013687690648675714
0,0.007724276850691438,0.0696841610238593
0,0.12095934920720529,0.026455941807336774
0,0.009227006167897732,0.14141226524012787
0,0.0802949729318593,0.034183830399565324
0,0.06956540098192773,0.030107869811104884
0,0.016140003869087653,0.029344447352854502
0,0.0019512320619256862,0.022047335168630815
0,0.030185352603593278,0.0305803461325237
0,0.02467421117453844,0.07524973130663157
0,0.019902430574349678,0.011313450529421901
0,0.012927976384878326,0.009416109446985793
0,0.02654399496230394,0.07644280117355443
0,0.060823274197207976,0.03163111662014672
0,0.012058497271282307,0.14396960922707394
0,0.03069977017744671,0.004852355667718682
0,0.021352241352630048,0.025037384123786362
0,0.01939329788764476,0.08583659937029585
0,0.06436851233268263,0.0467719335368674
0,0.14614397327988335,0.13695065944372634
0,0.058172659978189954,0.025667497518334147
0,0.003066710061244336,0.15474534926545985
0,3.7153566727839704e-13,0.002188834506465747
0,0.002720809791438951,0.02964163969770664
0,0.0016652288147132642,0.018599325583960907
0,0.9539591051860522,0.2066065793332941
0,0.5566699204930035,0.38551926325548125
0,0.04185896301412271,0.04024043011982888
0,0.0024120596373566994,0.0020925998630904174
0,0.010853030717280011,0.012066103642376478
0,0.0015323916656812802,0.038039622884557825
0,0.0014957714399687833,0.010681826864611586
0,0.025587225260227192,0.011399379315123963
0,0.06314685792380498,0.06830676638393308
0,0.08609287264531679,0.03012633554643226
0,0.022644236263117276,0.010144964790631475
0,0.08667085115739893,0.0235140717199124
0,0.005701427116140678,0.016372336338131118
0,0.0029934267583315685,0.01825800555444058
0,0.24800792002247402,0.06457674743905754
0,0.11664103508846393,0.04107771980588273
0,0.014480222175037883,0.01440136035653265
0,0.5783060622662722,0.1100077435213003
0,0.06896373600939712,0.13777476542125047
0,0.03958481341402359,0.1314724229990928
0,0.08558913724528584,0.043977873619645225
0,0.06158104894138816,0.044797611000918794
0,0.029619989543166608,0.03952657126316658
0,0.001964553503994063,0.021845250789102693
0,0.05314812356778304,0.0406920054974307
0,0.009656484897373417,0.05805671274871305
0,0.12847865955697657,0.07357513779727466
0,0.17779439963723404,0.06558185555176882
0,0.0018411367691222986,0.016196841589719065
0,0.07256611489347656,0.17635282888063816
0,0.00022916763917807303,0.02036208769880425
0,0.002450287848794933,0.029839411937766177
0,0.10828583795741915,0.012196100530509452
0,0.04037293053828562,0.02880011207309162
0,0.003002752957858142,0.011961004733979801
0,0.0013756632965801385,0.024560725723821893
0,0.02196196331371463,0.07875728246647987
0,0.02918886040726184,0.011765278114271294
0,0.014102177263816877,0.05504327268076944
0,0.0017025510672928593,0.008456219891822311
0,0.2919774505553532,0.17846900154118348
0,0.04324200576557322,0.029769073880057402
0,0.02974503257403494,0.015107349752106067
0,0.04162347353923885,0.015134771590811365
0,0.007729901019821299,0.12363612584621224
0,0.029773698587195592,0.0308463072682593
0,0.004928282865871604,0.0240228407607465
0,0.2602132642784999,0.01945284688287684
0,0.009460341763456212,0.01679514838882543
0,0.011225663278207242,0.013037914708156541
0,0.007284967233751637,0.0116984376480045
0,0.06710259694967753,0.24330268026421104
0,0.014494864727970146,0.017134670048102974
0,0.07124134749405853,0.059070679277155154
0,0.5806677579016516,0.22567213559764282
0,0.003489860715195399,0.0708997651140846
0,0.003863910699691395,0.022288319987952103
0,0.06724195153074686,0.01673033847828815
0,0.001124901163483952,0.004095301618696488
0,0.016464474275026026,0.020563294085161263
0,0.10755521860044505,0.019059310661733584
0,0.13301175184112937,0.017936803994229165
0,0.010036053201119548,0.007633784951060415
0,0.06150139125185033,0.020448856053403346
0,0.13085569798115637,0.02882567991073125
0,0.004208188276307821,0.0441205537241439
1,0.9999999999999987,0.9851789469683809
0,0.016243485520716704,0.013630732581008597
0,0.009932112667230606,0.03148472946212973
0,0.0009902308794079143,0.01312275162783797
0,0.025023167601308093,0.0139067663564443
0,0.03634483018706519,0.012694727150444183
0,0.08426990494079252,0.036823889925952084
0,0.006300019296980544,0.013520755694625037
0,0.057158820396195416,0.028364275090578515
0,5.2009207907869804e-05,0.048707915337106424
0,0.019969247750023487,0.04389935521041451
0,1.2730662276179069e-12,0.022873760248895186
0,0.1519897145070925,0.08584884251932974
0,0.020522250640709245,0.045379725538580634
0,0.011903418661901317,0.05713085902628368
0,0.15727878898781913,0.019871883336925657
0,0.1275244145581604,0.01682189292288802
0,0.01263151301519643,0.007746373046143405
0,0.01655933822096347,0.011343502884609523
0,0.06274466786460665,0.12148016303886235
0,0.01682966561094989,0.016260548338295586
0,0.006979548374203483,0.017167012528675366
0,0.023582681790661402,0.12922448473537101
0,0.18478233114747833,0.0605579628854049
0,0.0023379475736584714,0.022979802604028935
0,5.711703243381901e-07,0.025479902540709545
0,0.06403467766941663,0.02955053075658913
0,0.015184444754145491,0.0074015534134415605
0,0.07872397200392231,0.06908313263088126
0,0.13885241954815067,0.02665447258127106
0,0.03378656165727919,0.036597811393566985
0,0.014259553468325687,0.03434608297821355
0,0.1565269928366904,0.2759707701028373
0,0.006916314261388015,0.04437189163504805
0,0.019024786779295356,0.011510565066503697
0,0.039829244144201026,0.06793039470803848
0,0.14146716309811086,0.02927653159665508
0,0.10564000372402456,0.307670270974825
0,0.04643073807240313,0.011539016646351324
0,0.04615154992726732,0.02622033395345573
0,0.08491888311259574,0.03136097363284687
0,0.2054872491109091,0.17321497026107613
0,0.023658878365582364,0.19246681780918568
0,0.005535905120718731,0.006308281327186716
0,0.12622773486677225,0.012112089714386494
0,9.76046915080798e-05,0.005668738813282821
0,0.30381608168213503,0.4692608444160777
0,0.007007456167275713,0.008058056528947125
0,0.0195501555261255,0.01451147075378018
0,0.12498844908247062,0.10233838655704844
0,0.029030242349663088,0.0092511849520125
0,0.19260695636095745,0.05025856438240446
0,0.12026929361581415,0.07202746800784113
0,0.04372891183666857,0.045743912062167914
0,0.03693681349321641,0.022279363859167598
0,0.08934275481496123,0.014251109000771055
0,0.008756433041494207,0.025178527096054257
0,0.08435765565495561,0.06738626481850955
0,0.005427918185157739,0.05401352351060074
0,0.014200397781682278,0.011829778309829316
0,0.04147727183322418,0.04929638172205661
0,0.016740344302463524,0.06693734062116637
0,0.06997409653463067,0.0058232242883223
0,0.015573089603033028,0.31865091380967353
0,0.1370424421689643,0.10661690891311851
0,0.02370377384512309,0.06188425064581342
0,0.14360200719303093,0.1058546159448503
0,0.5651004620664632,0.16218123790748493
0,0.4601007519309623,0.11025802888895847
0,0.17054639973967203,0.2031412166029395
0,0.0045590540766056115,0.021708616885239614
0,0.13474995220875818,0.02760042083925367
0,0.0004047246423712883,0.03215874401726863
0,0.03014381805979371,0.017905538462154112
0,0.01866023366716836,0.015585994481537678
0,0.052796864828340596,0.012545054255969728
0,0.02182157298455731,0.1190013693884572
0,0.017900990113716455,0.10267884316844747
0,0.014098392676714306,0.02213445650939329
0,0.019229690281532416,0.04490687984527733
0,0.07652189827070903,0.0353856686709856
0,0.007180966737839843,0.055957977685478937
1,1.0,0.9999207554104391
0,0.014725580979164224,0.013340205937517556
0,0.08910320256825625,0.11638758832723438
0,0.08507607697192214,0.014932144832018735
0,0.42554626101907533,0.17194523764071706
0,0.05303598143124055,0.10429179232982717
0,0.045428958568500794,0.10008318468004809
0,0.06247644350314266,0.03596390756193343
0,0.1070267955025866,0.0983561581753167
0,0.07232309028491625,0.03741767513804886
0,0.007627434967839178,0.04562784707866746
0,0.0024568716592239157,0.013620511186310578
0,0.04626035715827704,0.018128747750878017
0,0.011298669247516114,0.19332477515254
0,0.04901928778429651,0.017555680155959284
0,0.04930937405594406,0.02019691242068181
0,0.030306875473756514,0.06463394980257572
0,0.021991412095947977,0.1673663120667979
0,0.1726232905925589,0.05743756648565709
0,0.021274810374292012,0.09468796393511934
0,0.25782100227091337,0.28802208562860443
0,0.008198927182841969,0.024163084298264127
0,0.11532299769253714,0.03441218332835185
0,0.03871512092858031,0.07617807783801721
0,0.09645623295800823,0.04336576594782512
0,0.024064687205046155,0.07743733010955245
0,0.10300245786494212,0.0879738699622748
0,0.22738473421356295,0.06008130746017244
0,0.03423553412584162,0.013349766983474625
0,0.05522864547224128,0.03178848114209204
0,0.003226565410847462,0.03895839469045548
0,0.0450541667916107,0.04661694852559787
0,0.003103879912952601,0.02325407704118571
0,0.02593909157249975,0.012587661307535074
0,0.03046967945475319,0.03561341708460779
0,0.002157479762875066,0.007790069689004948
0,1.671256479145186e-07,0.01391375227464138
0,0.07215213335926862,0.02500127572875545
0,0.27575621991857463,0.17625787503181947
0,0.06224900214671649,0.017435072768805432
0,0.02762097700813393,0.016421756727995274
0,0.04963677601991659,0.00980687420997665
0,0.008066912801778969,0.027675665494597036
0,0.31758559412160553,0.2899663704997303
0,0.07170860137845465,0.2794669844943688
0,0.04408996268822924,0.03521577369265947
0,0.23573370504005758,0.03467249165226038
0,0.03405131369974242,0.01181103536846971
0,0.010870469297709538,0.007113531034449966
0,0.00038218367450188075,0.04661948378324759
0,0.02893316390025328,0.018953983935802114
0,0.002245049006069607,0.11194565786310391
0,0.1741478139711434,0.09898405255507384
0,0.008647129462631686,0.01645190996043099
0,0.2511271246909995,0.1128846344565409
0,0.16352306705447925,0.06589563260261175
0,0.017499857350867887,0.0060897604166365
0,0.05852669047871667,0.025584202099755878
0,0.03664503739577053,0.12268452941688754
0,0.02787887988945277,0.016309861584288887
0,0.0003425812073898394,0.010178157638441666
0,0.005870124644817193,0.011793413431785653
0,0.08676902953992853,0.06867654024553681
0,0.054367229006691636,0.03923070939970538
0,0.04569684593142305,0.03312870560188609
0,0.13139917145147006,0.02117352311859985
0,0.03467876119987642,0.019306402539452254
0,0.10752349093223337,0.026049450381657388
0,0.1464302629445545,0.02433505110663281
0,0.17009814830357303,0.01992443202176246
0,0.024064703130178448,0.016738247602085157
0,3.7447444555485376e-05,0.044721801759591305
0,0.016459682936003302,0.043717522517361454
0,0.0180943817844496,0.013631707190166978
0,0.014075329857695308,0.19006304797849666
0,0.022014691802116283,0.036144635133203845
0,0.060104859799523104,0.00630332045304122
0,2.0019477990837924e-12,0.030509266519607416
0,0.040102363704596064,0.0627539997575559
0,0.09557860834261099,0.037593619884757894
0,0.03402310432872472,0.01830040401881384
0,0.025185756430356053,0.024557352417569473
0,0.011285484872549897,0.027930905196925718
0,0.003864436327594798,0.1282450911901206
0,0.006188634417201816,0.05625384190469867
0,0.002390374679510201,0.012663080044205348
0,0.0017192897258136483,0.02046858197015455
0,0.1201697017472814,0.29837416183721116
0,0.0468483853719157,0.1238984032739205
0,0.6212569261419704,0.15233780626917792
0,0.03319242143773907,0.08104457877868675
0,0.28509677509960146,0.03953931357615338
0,0.008965036038373975,0.04852025213108572
0,0.03917015517585103,0.03929077639977566
0,5.273952469076372e-07,0.006396658381091372
0,0.0007772228319305961,0.024822120732831087
0,0.02314496039533561,0.015287373685305205
0,0.27694617494199286,0.2592415461914597
0,0.4746827993973576,0.15176229481183134
0,0.05928830754777794,0.06848800725857365
0,0.0005067731385815611,0.024477522565656523
0,0.003436059098418608,0.007287040206777674
0,0.01574958118053854,0.009144982165213153
0,0.0006601410870917947,0.006698304187043475
0,0.10411854190626978,0.252872607385391
0,0.045273238971073056,0.03748757534904707
0,0.20787939210151546,0.0475459791848195
0,0.018476302067063403,0.0055249027032900876
0,0.004979500457655387,0.005743962014213796
0,0.0019508745346598153,0.03249898663692885
0,0.01021804962417452,0.015037555310839244
0,0.022757989565681015,0.014653580478140207
0,0.29539266651223556,0.0290551903819831
0,0.12617372473632182,0.4529107400569641
0,0.0221518461513748,0.009193834546133843
0,0.0013211572793010895,0.04991972119515322
0,0.24231700447992455,0.11110772468924501
0,0.057969343285878175,0.005254580621444491
0,9.349488102347085e-05,0.016672662483447644
0,0.028742729160572165,0.12150980321893862
0,0.25435034035327875,0.03447642861012225
0,0.19551526149419352,0.12269397086952653
0,0.018293772958173183,0.010842333406895511
0,0.030432073443807883,0.012283596944771961
0,0.02096882545951874,0.027219482424313175
0,0.06689100018637036,0.08165750270396899
0,0.007306809982823135,0.011464290179153866
0,0.04306778496360482,0.013126048533709194
0,0.0282656930538238,0.01601521932083598
0,0.0031261671444230846,0.014103707976672883
0,0.014175156244539897,0.3716642692302007
0,0.01364142802420852,0.005126261674281857
0,0.020862829154931397,0.012663615576621769
0,0.013790461938646354,0.024680740991524352
0,0.014221906883142045,0.03231405983365233
0,0.006012866650570836,0.059631032021088014
0,0.23063010164873296,0.23287513348264022
0,0.17356688127470593,0.14922532354322407
0,0.006236283157646087,0.02334475063272428
0,0.0056206370776899495,0.07549875047630193
0,0.020314183927700416,0.012082069286005703
0,0.11838603205059661,0.02361331036043456
0,0.05204877985690376,0.02366512773870434
0,0.02186328036276948,0.05444008415971912
0,0.026386022067176787,0.05048678738111336
0,0.02819408655947096,0.009443307108617271
0,0.19445761262712052,0.07705064223550084
0,0.04157604928386277,0.08874645379646885
0,0.03359508620148335,0.024182065139479285
0,0.05046083680744792,0.012332142844908371
0,0.0275784334227055,0.020094565725199916
0,0.047767680830921484,0.057760708759819875
0,0.00010871956321059355,0.004620296408357747
0,0.0032922283726516135,0.025135181726481236
0,0.0030705033627765593,0.01959623043394504
0,0.01944967504263475,0.020829886779887428
0,0.007981367401957684,0.012703200199065467
0,0.08217859249676597,0.01699907286798222
0,0.11517301621501906,0.019084517943264233
0,0.4882553700710397,0.1548618366416096
0,0.0963478817744449,0.07218271543275195
0,0.04808274158451879,0.048738267829324555
0,0.01835577059838786,0.013412774152525196
0,0.08724958534186508,0.04216696422868007
0,0.03034134036493905,0.011436981807035314
0,0.017010319140161195,0.012163012426161652
0,0.012954676924110719,0.01686291520561093
0,0.004604720867004725,0.010593307965877072
0,0.028979214463258338,0.033206564073488334
0,0.026534029886710896,0.01109331819380656
0,0.01486876281407381,0.011758604972260963
0,0.053142074060036765,0.012616943747682964
0,0.0017119206817750106,0.0500663520168931
0,0.08476531418397955,0.0780870010274239
0,0.026941463349471034,0.030817285810365157
0,0.07022354725882772,0.057945539926642024
0,0.015366265826643978,0.02998049253276151
0,0.02272299261578131,0.012094814826227542
0,0.05057362082785202,0.06280887973215529
0,0.007471365946274723,0.01052528612219935
0,0.009005958446993173,0.02152024789183166
0,0.14120452217070556,0.005023875108648887
0,0.18185818378974397,0.02988720549092831
0,0.02756901545670231,0.02009369369225848
0,0.06786208172631387,0.0848259043431797
0,0.029263014680787618,0.011241517260709592
0,0.06927953085872993,0.012661061885779059
0,0.032625431067997306,0.02958137801285044
0,0.0020547047074454643,0.0584645219107352
0,0.0037089430139426085,0.02413430304969215
0,0.06353423346279294,0.06015927145967094
0,0.231981901753585,0.0280151128600231
0,0.0003961542939258532,0.01905915369195233
1,0.9999999999999529,0.9998631709571889
0,0.10175103244408298,0.018458603387122564
0,0.0031718957810434605,0.058845451636213325
0,0.07775696818618012,0.22859728880931343
0,0.14145255611508573,0.14706808565743545
0,0.11257930732043771,0.01070307880409579
0,0.00015936595548513794,0.009033348366231132
0,0.02313210961053545,0.051723771556467166
0,0.0390620304558493,0.004474407438183636
0,0.0011066318935108676,0.019948350501172017
0,0.01464881986346528,0.027348071527616435
0,0.07419131495585128,0.05806165836257231
0,0.2773585463317581,0.052169258953175784
0,0.024819833885110106,0.019402413280599426
0,0.020184156365019763,0.02581143842662177
0,0.008861119166517434,0.022714491608350113
0,0.04208604437718562,0.0182232800999851
0,0.06299211188277769,0.05916090698652468
0,0.011785068010970652,0.005373013163858212
0,0.0028699224973044433,0.0936946728238832
0,0.0020758649001216285,0.0085242070810562
0,0.009975399677901594,0.006845669685934943
0,0.1269934575774235,0.13519527761919245
0,0.5637073921711695,0.07344357242028558
0,0.33767076314810995,0.16153130372545557
0,0.07225441323086441,0.03251408908801621
0,0.0112160743517526,0.053864860217425696
0,0.016112460410522503,0.017783174617523077
0,0.020676796639415584,0.018093068281362507
0,0.9696464021429921,0.07122514169522014
0,0.13258704806339577,0.0070220027322311345
0,0.00011534364357159174,0.005402343637554249
0,0.09089787005856596,0.06581832395382452
0,0.0359812155159045,0.008604281055273885
0,0.007696628448233951,0.035997784185824694
0,0.01052807743805177,0.009515136874364054
0,0.20738865442543855,0.07173960470839673
0,0.014792372835467256,0.006133565165136774
0,0.014481248646836786,0.021507696172081776
0,0.0041171045050147174,0.046307906233055876
0,0.023809996117671137,0.10511902563381412
0,0.03487619974734141,0.07658319887435729
0,0.061796206051147606,0.09920256936392194
0,0.0010166668023359187,0.011263756519718456
0,0.013450262879296923,0.021806392524622922
0,0.016896152978997103,0.0617924079574745
0,0.029784102734728573,0.01176700949107235
0,0.0656722044438875,0.03672236558869634
0,0.053029614935508354,0.09123691999707122
0,0.0009681373914472599,0.022039356843602254
0,0.008830614072077142,0.05840705669982927
0,0.04163417988040614,0.12205994525582706
0,0.08386273959637251,0.005318957316672158
0,0.1167856918354203,0.034106742889530785
0,0.07140935451023997,0.03802572679675342
0,0.15727167819686244,0.0053169209096757195
0,0.13234110136569924,0.06269815055588694
0,0.035145948946071,0.0843143370694625
0,0.04062904306170048,0.011443635736579246
0,0.014842015455673754,0.014823032241737985
0,0.02867801943791572,0.02543843027387626
0,0.0003798960484426651,0.014207492281518009
0,0.009845056881069125,0.010536508256238393
0,0.083117884150858,0.010594609891821996
0,0.030087583140858243,0.012498934384949522
0,0.004255513353295527,0.022283794639910596
0,0.018950795779123068,0.011761910315552307
0,0.0032695979809633305,0.01007610505260892
0,0.004932417454619535,0.048107914194031536
0,0.0827160744526787,0.016613313919045337
0,0.0816865464291489,0.03368078721235098
0,0.25410949449686904,0.013115740899927116
0,0.26540968094950135,0.14521402373152065
0,0.09140233424905878,0.01949929589453374
0,0.011778488179340284,0.1278527113403933
0,0.018633357372617544,0.01380978713165808
0,0.011574426614390133,0.15158121943882347
0,0.006298289005690404,0.10863572469141008
0,0.4398277903675775,0.2957932395591819
0,0.05969518681081091,0.11884610729159885
0,0.00517468443913875,0.011130571259968917
0,0.15635962534746398,0.1173078492244098
0,0.009949291675839703,0.009968613289057153
0,0.019659683785572295,0.02260385880711901
0,0.11073225290681749,0.08264601339855462
0,0.2497380537038921,0.043062522237808196
0,0.046957789265046526,0.0159015914062128
0,0.00864835155755492,0.01567411068699175
0,0.018041473042891745,0.008096868532638335
0,0.002036227233274771,0.021644381631707423
0,0.10489136669798337,0.007478243771922027
0,0.00885954821473702,0.18307086925141708
0,0.008259127776411412,0.015381396941988389
0,0.02212948533068791,0.07149150004886341
0,8.997088214712943e-06,0.04736169560000986
0,0.04201215309924876,0.16818943825207208
0,0.014428750679313016,0.011481352347291807
0,0.030443523011872694,0.16601990321180646
0,2.521630175868325e-05,0.0545210906479835
0,0.02112621990705269,0.03267236215713348
0,0.016896162706432565,0.014202642124238865
0,0.13550648711244628,0.047673072074562145
0,0.10698782192705864,0.02486029299908741
0,0.023584799420452482,0.07888595525723667
0,0.08350788869682325,0.061529213107564935
0,0.016094342824208862,0.060285923581141834
0,0.03415127509165749,0.06824921222168184
0,0.036409306509692124,0.01943505615635106
0,0.011781175639616665,0.037222669455915305
0,0.04210118535611432,0.017218961144381505
0,0.042931039854648204,0.013091023828916378
0,0.008091521134199081,0.0384073428400919
0,0.17860016209449553,0.044473901054938474
0,0.002346551630532699,0.01959744097569137
0,0.0008408808773322657,0.007764790887526153
0,0.002596075196114322,0.00873412761922906
0,0.011697170913262517,0.06561511953309097
0,0.014697785289164277,0.02066965195182248
0,0.0011459087008912673,0.10041668861695836
0,0.02306751743391695,0.017671371452275233
0,0.0039653586102781175,0.015031143238892533
0,0.07328995480644844,0.016804205840658646
0,0.04835911190645563,0.04451876111809618
0,0.020018329498027433,0.08473784954880821
0,0.043780565350370386,0.0075633919647797995
0,0.9007334067615698,0.08194469131194798
0,0.02026848918829891,0.09375264453193152
0,0.46946523487134384,0.15092903066927932
0,0.017633848987612968,0.032943033183436776
0,0.34121415889108964,0.050434695734622
0,0.004511937524396699,0.011631138117642593
0,0.008146535151139351,0.281337890237574
0,0.04410504838685709,0.0811842613002445
0,0.02989718309243391,0.041562763876195924
0,0.014573872626098798,0.09905282332975256
0,0.11303181296346419,0.009536252992303868
0,0.032735774929361194,0.09796371003919778
0,0.1244061350615265,0.17841838569105045
0,0.02770880632087002,0.007394493467905777
0,0.12293042595398505,0.024212964384365904
0,0.07430415250511518,0.027085122299336014
0,0.05551111353947551,0.01392976984392934
0,4.665073176552818e-06,0.013922346715449703
0,0.002528736760504586,0.6522139431631575
0,0.034405881828321515,0.21594401524036005
0,0.0020742926193880375,0.05588361864860503
0,0.019440129859960027,0.013513069531293987
0,0.006552599763506383,0.021457231108997384
0,0.04279406965166271,0.08427745507299744
0,0.008719309100405854,0.012493889473422063
0,0.10202434611045615,0.039743821835464564
0,2.8072142468108025e-05,0.010984523774381789
0,0.03294278136246028,0.01473311874972618
0,0.013290900186294094,0.028388855915904287
0,0.013377258954388549,0.05381554662629217
0,0.13085140218688132,0.07034713540716284
0,0.003140561122452373,0.082283974267469
0,0.01201005686681963,0.01968084677583027
0,0.011624453675701918,0.0559079173938452
0,0.030691924102828977,0.0480276430825344
0,0.09209218052610534,0.16006455930728264
0,0.0393630988548735,0.047723882669415796
0,0.025808162347906193,0.03524984952892379
0,0.22793947377768747,0.1500521543059631
0,0.006411249667103245,0.04032624829532617
0,0.004174144338741744,0.03733052224913923
0,0.17629726107736607,0.021717441628812867
0,0.03952336757512002,0.015129087261753561
0,0.014066280513589038,0.019632623885209137
0,0.9104415790588485,0.1160416786960185
0,0.03695268101067714,0.017506165250332398
0,0.035349674983793496,0.03932658516982961
0,0.007054289826547393,0.01089973356750376
0,0.03805376032209845,0.16008723955156373
0,0.04105022675486398,0.05611835240543951
0,0.010990439355249048,0.4540074780721628
0,0.0038239527502734647,0.020041504364402045
0,0.003303611267457186,0.013368563691706442
0,0.0005051926755620878,0.004660063696020393
0,0.007895154078059876,0.023468266872379063
0,0.056560807716451875,0.009078987725446458
0,0.05245789374663709,0.002330273425168603
0,0.02460182341908279,0.011016735480320014
0,0.0001600650604504984,0.006190650953573068
0,0.00031964753262787827,0.07992861753163163
0,0.15726812199440535,0.020036636827383502
0,0.019243907628924254,0.039017586129850915
0,0.008737909925525011,0.014195597308948897
0,0.006540090211515592,0.026399532759313334
0,0.011444171211047008,0.13012472777061457
0,0.0037180224250775392,0.029204646903736264
0,0.08580599106530826,0.021387619667881403
0,0.1275189352882492,0.04786294472498311
0,0.019724945597955294,0.012376570131096378
0,0.06260341558349185,0.005088990347127011
0,0.013978222969737279,0.013848908364650843
0,0.01918519840062324,0.023602901751737616
0,0.025219701905236352,0.04787833731274312
0,0.1651856874007712,0.05413360404365328
0,0.031339381676635164,0.005913334966763994
0,0.14251531401792691,0.02873702771421242
0,0.10492447858022108,0.07807123800138376
0,0.006458759317755415,0.03556281713143141
0,0.0741385779546444,0.01308719949514541
0,0.27488350679472195,0.5074052858877313
0,0.008187484935278998,0.01752843189679923
0,0.17288289086120304,0.01579305231752756
0,0.012213151350456938,0.06945835182802061
0,0.011051533453586542,0.010467281803550445
0,0.0019066575847003625,0.016249714050638055
0,0.23613717134780549,0.534668773101378
0,0.003351543214612407,0.008753720171620086
0,0.40689601527246283,0.29519970797446116
0,0.011128282455785642,0.026291792117139636
0,0.010227560977548428,0.011746536375565943
0,0.0034410354674307402,0.0037137381260144695
0,0.038596759601503806,0.026542187969627203
0,0.016392174594133637,0.04424857916507663
0,0.005266228065958442,0.08754326937403042
0,1.6451109368792613e-05,0.015784380422339782
0,0.6285776421815468,0.2356805279469492
0,0.0031817977717163667,0.01640818156910655
0,0.009336027178591179,0.013149889917039793
0,0.004511080558348876,0.05802450159225564
0,0.01643528245722131,0.011124429215887504
0,0.40494218492739387,0.19953797075421684
0,0.024366999836119126,0.04690428157475191
0,0.12798680159185455,0.02388278299355627
0,0.052738901994345645,0.26626636027924694
0,0.027639523250727084,0.02577472879540448
0,0.024955877719875265,0.018265885784077295
0,0.06431677474766999,0.012717942487164208
0,0.13484966632084008,0.004980173929730743
0,0.3878878977374819,0.01880060142907255
0,0.021624815172080706,0.020665610004667018
0,0.04562535975474551,0.11007635986941612
0,0.2404068239417971,0.14462873800750944
0,0.043008879406754776,0.03035655213267262
0,0.13218946990142263,0.048301425166570724
0,0.00205627159412307,0.030460682307571277
0,0.190266572142308,0.048969788012580354
0,0.013632917210727964,0.07192891688852326
0,0.22478181955322832,0.1530640360284183
0,0.04072051508549306,0.013597914475277802
0,0.04628487441644904,0.0601479969422061
0,0.006562476649758303,0.0018195069223225172
0,0.013084449380529592,0.013970879939101158
0,0.015033333877509993,0.01413615709767228
0,0.0008105344067691828,0.0076189216906539185
0,0.011213477975970927,0.026554905810031518
0,0.1304703001605809,0.13958421124522963
0,0.005026072660985983,0.01278541152927871
0,0.04344865307022368,0.02506560871211516
0,0.030625517016992367,0.023312197997025722
0,0.027828311036700103,0.0506890786359753
0,0.18307647532904023,0.16219979801836307
0,0.01477298379702664,0.017617348953758695
0,0.010549405633334489,0.011796425550583103
0,0.90793055322058,0.21922137391038482
0,0.0013741773233455856,0.026033110012471213
0,0.0014447229940491814,0.059586736772444616
1,0.9999999995994322,0.9223329894850211
0,0.13290003662994665,0.05588861471559162
0,0.028505370383988392,0.016527183844734478
0,0.01084310694014651,0.008421918531835276
0,0.04770501764890438,0.010616973903719455
0,0.04281701795983405,0.021702226297773623
0,0.002224070985064592,0.018052840986188742
0,0.012347168590875505,0.08071611590318677
0,0.05980917120054155,0.04505516269387179
0,0.023568029459171358,0.06830255913417985
0,0.057613316387819725,0.01243610278527744
0,0.01301947971064701,0.02875635267424288
0,0.032307784204097106,0.13934451807732146
0,0.0017140881103459905,0.12996837385259166
0,0.016111612823409067,0.022996806698289914
0,0.08150208367940949,0.02074562420393514
0,0.04278900362352644,0.06233398597130494
0,0.03304349622132678,0.046301514839578374
0,0.376647851018875,0.6051412539437759
0,0.05853135050145562,0.1130245664462393
0,0.1217920354874473,0.045227163821295685
0,0.008599098794912618,0.13640091217025002
0,0.018304586937490312,0.015447403923211232
0,0.05826418458197789,0.015450969102969257
0,0.04490458761618776,0.024824066249994364
0,0.03126278389601259,0.048757254812277974
0,0.09610196282620537,0.028295245273096712
0,0.2553281717117476,0.028946565124406704
0,0.017470297550158446,0.019420950004035764
0,0.011909815329771525,0.0380507308869235
0,0.2134718538629283,0.042637562655104655
0,0.18737323038300918,0.03385746432482139
0,0.08911132415088613,0.3396662270603911
0,0.007888628565981357,0.009993828953791487
0,0.0468577369567173,0.012016858731823326
0,0.35144669429465963,0.06868745305430145
0,0.005575959434725004,0.06253646355353333
0,0.3495473429240326,0.07329953935780315
0,0.0031839200391430215,0.008049195760995824
0,0.25407650315603636,0.06637847149682033
0,0.017248238258200738,0.03706604679712958
0,0.24389197090691708,0.052176274705076325
0,0.010152790777857641,0.08037216462075415
0,0.0030551881220260155,0.0421193005070294
0,0.004697520119234022,0.011005301174346166
0,0.017664140449878327,0.007884266222448874
0,0.0303947227466546,0.004902084475207946
0,0.092151037664609,0.0452306613996057
0,0.015562735505644203,0.012545735584696197
0,0.019177155334802912,0.01653937712726642
0,0.05786795282396644,0.011606803559736176
0,0.003994777744202341,0.027695260342875037
0,0.05119705313803077,0.08520680594676083
0,0.13222441519883701,0.01484006399458053
0,0.00010053071934173268,0.21766990591808638
0,0.005353413501536296,0.126371066531047
0,0.021487546022286513,0.034379869226712385
0,0.0005644464239927132,0.005900628013851278
0,0.02599613125180817,0.07554323748027164
0,0.014361016294474319,0.02483039716048014
0,0.27922679957454954,0.22575184990942834
0,0.0088640221858764,0.02656615722867717
0,0.01839696143301987,0.01702205767217015
0,0.037659226038096266,0.023755160942109648
0,0.06710798155258033,0.017066899308933518
0,0.008920080743693815,0.01662783907841137
0,0.022810428098950685,0.18069991335609742
0,0.0012472429332958156,0.02901710665586218
0,0.044929194095499836,0.0779406358640518
0,0.023907042848131877,0.018364166143862447
0,0.04161890711995428,0.024852051276929042
0,0.06540172103751997,0.02928787392951496
0,0.04215182148623644,0.011011790277946748
0,0.05904500905729645,0.027627218391458264
0,0.020803965685139498,0.1247166196623696
0,0.018080785104899494,0.038285075937585816
0,0.47368429768957415,0.039564675013306794
0,0.002263447566808309,0.013032762907028112
0,0.029198279404050287,0.06924571315106913
0,0.20934666626890494,0.05370618174718069
0,0.08090386810287374,0.017729823646071098
0,0.009042415888287608,0.17661430730723596
0,0.6899524860470108,0.17166723302352502
0,0.0030922638125222045,0.08610834504312558
0,0.06597112555960538,0.01029811218089153
0,0.0016085101291697312,0.06628008599316892
0,0.017161192222564917,0.037881238815215476
0,0.03680548561842874,0.03913542413003829
0,0.003780319845190965,0.07348641102595004
0,0.2443365196174796,0.0072847096496287305
0,0.021236646082851033,0.12185790671337489
0,0.005345343485177894,0.04849964073696959
0,0.1793553142198216,0.057535246865820025
0,0.04831524207349552,0.010463773507321743
0,0.025581071516376595,0.11676839736925465
0,0.035369921954331834,0.01538886047115046
0,0.0013486268067117867,0.0232042926260943
0,0.0057428180851909205,0.0026932248321145267
0,0.08900169885042039,0.039296308415073165
0,0.01309517022421497,0.008516867731206653
0,0.22820536078401682,0.11670106477479474
0,0.020319608832488647,0.027891351577410874
0,0.003224300024696169,0.019546110681965337
0,0.05127362588294216,0.006249658984347675
0,0.06521895930847625,0.011531014865094757
0,0.01633837086854326,0.06428524258902095
0,0.034296972961826065,0.009601075559581314
0,0.045340992996380745,0.025077889398729358
0,0.02111636153108104,0.008595717379447724
0,0.023771878218634652,0.007108719274304966
0,0.5446811791449289,0.4313573748634992
0,0.036410285979194316,0.018743344360875536
0,0.009604629962708784,0.008478768727913314
0,0.0009244653943081566,0.4566274216864885
0,0.000521649178641033,0.04248085533600574
0,0.004617147486875815,0.03514271793099567
0,0.11295818478145682,0.13667287321710747
0,0.02066754547054022,0.21891310006124917
0,0.10603424519860494,0.03490293943739994
0,0.24100909895072625,0.18230446587791502
0,0.033047995048293,0.00915091823677181
0,0.00044787734161699766,0.018836993722413424
0,0.06789035490829354,0.014382363552205143
0,0.0024001155839414915,0.004995704559737015
0,0.019319586917526332,0.00702432743352048
0,0.03415255393339589,0.0198809398977744
0,0.006228374287091356,0.02148710251746266
0,0.016937394355489636,0.011163311454031875
0,0.021664112130811257,0.039641566142021946
0,0.00804569527169824,0.06100996655993358
0,0.006371968042950913,0.020892810081595846
0,0.0008254364410319614,0.16253777760635735
0,0.0018094112413767896,0.04374386842702841
0,0.014112277981912365,0.08299138905826565
0,0.024013257111063203,0.0263663028858091
0,0.00014185354578635838,0.03695254259408682
0,0.005199844782842107,0.0020816771152957513
0,0.5984849088532734,0.13394612595879873
0,0.03680905421823851,0.03361755229683536
0,0.33945949451063206,0.16352799502200163
0,0.0031489879694004508,0.09848507296387948
0,0.021685888082311644,0.014320041359475
0,5.439924477416999e-11,0.029482068072840227
0,0.020860403891485507,0.039408786907243976
0,0.002146227555127738,0.058981204763959426
0,0.02064113392994881,0.023966104349761607
0,0.07427702808147481,0.018690411132124673
0,0.04589808440934679,0.0278219266544907
0,0.20718859238447382,0.04173154431066498
0,0.10051561997128235,0.03794403571281249
0,0.05089553244572436,0.011139932615267734
0,0.04794252262797604,0.014025919953393983
0,0.013475016606172735,0.021579491514413858
0,0.0014139306611532258,0.003025883435085498
0,0.03349290807836725,0.03028355542982578
0,0.07829021862896209,0.06345327419732653
0,0.023666417775166794,0.015251237522149484
0,0.013371137245455507,0.21939604594453338
0,0.07263386655509808,0.2400271372566322
0,0.030607999542289065,0.02970586566938841
0,0.02157931118943564,0.2915471413053657
0,0.017906376283252996,0.6186182937372386
0,0.012250236687375004,0.09593120815326395
0,0.018101016705216175,0.009861498449047844
0,0.027672958279488544,0.012144063093544101
0,0.300850069206774,0.09341078332289163
0,0.019191630895932184,0.025580923209641285
1,0.9999999999438911,0.8157894634370314
0,0.2150477755099166,0.022991103947325096
0,0.002488570079254579,0.03452173439273516
0,0.08484982097772954,0.022304396633562255
0,0.44030306898007626,0.13024708902897
0,0.07891386968753546,0.10975388656975962
0,0.05065780821127561,0.027529056649773516
0,0.012775046269706946,0.011889285537163664
0,0.006490709003639884,0.03781012452984893
0,0.013147280716457972,0.03577024130919404
0,0.027428217492335476,0.09200864907565547
0,0.017601343332398343,0.10984029743077572
0,0.02454031725518913,0.18726227652362043
0,0.053021278599760364,0.11623590046799462
0,0.0023829696127573865,0.010146591084036352
0,0.05138071613217691,0.08480226180807572
0,2.1357686727325012e-05,0.039872042710764895
0,0.0009056058917329188,0.016470816194888
0,0.021432630357990794,0.010751974504131179
0,0.11614443479391875,0.014623721977334182
0,0.0370761950912993,0.027245380953915762
0,0.02960613979517214,0.011295995493539554
0,0.03642779416258914,0.23752591408596846
0,0.0163130543550935,0.011728333857366165
0,0.001598461025491507,0.02641322787082333
0,0.04984293236184721,0.005342792631512446
0,0.4496397275349932,0.09179519875393989
0,0.10647800432693069,0.14544456881504642
0,0.012063278128301195,0.10276385850898218
0,0.07584828642188257,0.008318703028808588
0,0.036131410423227664,0.14339588550681523
0,0.13712726284391413,0.03886154300894331
0,0.00239755642136604,0.009599023108217855
0,0.06436205111896905,0.016058580101294042
0,0.26718258606988826,0.12922139796616852
0,0.0003389026219210882,0.04260051404277493
0,0.002564022255116206,0.08414479888932813
0,0.029329557114389043,0.09487422786191782
0,0.14303143454660222,0.12352083481865973
0,0.005402780429084405,0.014297598638712456
0,0.195634621225302,0.1059301226640277
0,0.19750366667011293,0.046230668489780295
0,0.0013932130790285347,0.03873776480502515
0,0.015283736370578114,0.013429623417632918
0,0.17086662608194847,0.0704979823039991
0,0.061166147716950066,0.011318648886764109
0,0.0037601924930979057,0.005559591518575471
0,0.0004425934824213801,0.008194484939292253
0,0.06484710366176191,0.03401812922617998
0,0.00638938184694889,0.0065654256628218475
0,0.3754495110263121,0.08390198434572982
0,6.886446370896618e-08,0.04498143339046542
0,0.11409495961905113,0.03645792354441546
0,0.04945913322938533,0.012621623760345256
0,0.19301672284274823,0.24431861916525
0,0.02195677352952305,0.03342954703134937
0,0.015749715419076722,0.00992026371275867
0,0.22591987804233743,0.02176745804354871
0,0.01067569816274743,0.02055797914826677
0,0.0021687686767250507,0.10670914888360787
0,0.00022600380893747997,0.03837833536697984
0,0.03776883371240853,0.006642832832887908
0,0.051469034089685214,0.05072007733488177
0,0.13745883693025396,0.02805175176862401
1,1.0,0.9998959721184995
0,0.008588726910880666,0.041353705095586786
0,0.01666421993883304,0.10269602132150668
0,0.3186955734338696,0.02192307812705721
0,0.0009497161080747444,0.013336626512500997
0,0.08929807573021402,0.02716604722126012
0,0.00030165927831114666,0.2085409813255758
0,0.018335398147106215,0.06503200464092855
0,0.010916639644688761,0.02122070640699854
0,0.02433790194176394,0.002940277305300423
0,0.08647310720697406,0.013917909435170468
0,0.0012125377759892165,0.011830784068959857
0,0.03365846210712398,0.010634443046137015
0,0.05230286705321359,0.02296550335804307
0,0.047225763720653124,0.006254198243399693
0,0.04093811013971313,0.018269139727249174
0,0.010547107965837209,0.014963977264189762
0,0.977523556436333,0.1260176859140263
0,0.07233560592626642,0.028034282011780796
0,0.014164738508825098,0.04144945162012183
0,0.1833591046116397,0.13977142209192042
0,0.0036371709079807777,0.11267600462607111
0,4.599512987119229e-06,0.016788678944718347
0,0.039287337242522855,0.011423917407117139
0,0.0008292791784839593,0.02900229750543357
0,0.06574060838910653,0.10673674696262511
0,0.04181832107693908,0.008624086731109315
0,0.000782552804537576,0.008653408610267971
0,0.04521519112862858,0.01595860294522275
0,0.022789320171757155,0.00977760358880262
0,0.03971950878116548,0.013890126456977321
0,0.026052892265608876,0.08050998666013698
0,0.015580301108963315,0.010095623187198874
0,0.07724872521594035,0.02197221770699109
0,0.5262821608545049,0.20696457939433585
0,0.07079745437157234,0.005761310070803095
0,0.03455046382273425,0.3091416215986759
0,0.003644577987931036,0.042264237595478364
0,0.015473435870428145,0.03359494803401691
0,0.06707965335445758,0.00541672559890357
0,0.013952427905660146,0.015168995971897616
0,0.07115220191012313,0.014173981987387275
0,0.8176760424549645,0.11028301240153857
0,0.014415179696232096,0.15507986097602078
0,0.03863681854699358,0.06332199923585824
0,0.033898382153386586,0.0038745277952250655
0,0.09324378502911068,0.10032476032303754
0,0.24738139902236692,0.03810876009570252
0,0.1146003310267136,0.04244087815163679
0,0.024537095606544823,0.03230780869168042
0,0.014492185230658308,0.023186059382059216
0,0.041068327790965954,0.032211156704175695
0,0.00906712761581832,0.00884135864245353
0,0.018348013905305046,0.028004013033544824
0,7.491467488778421e-06,0.020769748777732015
0,0.1299284665812924,0.15772459392888138
0,0.06955106907837057,0.09151854444573429
0,0.16527648680678045,0.23079100427180624
0,0.05506779542574834,0.1057099055497766
0,0.020125757352329667,0.012326914244552503
0,0.001210226152224896,0.013691219535274373
0,0.016586403473016247,0.009098000261843106
0,0.08711137953547111,0.010100775702436693
0,0.013256206671757541,0.015153231584158598
0,0.062411979395790664,0.012254958324708735
0,0.01431632872988755,0.054446881730112154
0,0.1263060995856318,0.012952356436067836
0,0.20303768389649027,0.05064780196138904
0,0.10087035321124231,0.060072438059958974
0,0.09974830521531391,0.06056205305831144
0,0.002763775447976802,0.07711151478540085
0,0.01682036918051409,0.1610297155648959
0,0.014026978730867586,0.023551985334721144
0,0.013970758739124739,0.046195686861580716
0,0.0570583415584109,0.015652188890320485
0,0.3383187009184209,0.017788066394740967
0,0.11473674868356443,0.28349364790121917
0,0.016202880280265338,0.006815871224221863
0,0.22998553584063114,0.18784251389967382
0,0.004060349691528241,0.013666950097785428
0,0.006591491344478866,0.02074291498697086
0,0.018571986773108565,0.015083783401408478
0,0.011307945622737717,0.023188304057618372
0,0.0004287349744057638,0.027130614932767784
0,0.23504173870755937,0.09940822271948598
0,0.02567846313283183,0.043075397295932336
0,0.008536566421679184,0.05448132066471176
0,0.007533861841355084,0.020338525350865878
0,0.040266206674074906,0.007831309271821652
0,0.0238117064196237,0.07197644903086699
0,0.038778844116633744,0.014309196131011262
0,0.09553963876877365,0.02008449293600509
0,0.13972860688746008,0.031781693893428886
0,0.20359259262188784,0.09462785735261349
0,0.0011135693107038563,0.013515098147548062
0,0.0021607691909282622,0.16049647805439565
0,0.033151705092833404,0.11694370855362456
0,0.0003576748151008523,0.03990375768243145
0,0.1025808344428082,0.014646372516509867
0,0.009138552892315174,0.1526207810855893
0,0.050450607579509185,0.15543024556264454
0,0.0034778798881919567,0.10782451034317263
0,0.005424967019787904,0.029199345577177786
0,0.3259569646497626,0.11612717119062303
0,0.018215331620554432,0.03950437271078242
0,0.008355367444317485,0.00806368521953726
0,0.004323327515780939,0.0540677671635297
0,0.005852463024897554,0.06551557203056906
0,0.02299754118250408,0.01379442106855812
0,0.012067011120824447,0.024696603707570635
0,0.19903344900885592,0.19951757584356108
0,0.035990658507090705,0.011983375891860638
0,0.03101077072852165,0.0119535772572989
0,0.04475693193735811,0.16326635571331383
0,0.00428945754560759,0.0078228476442711
0,0.010514085992275008,0.006243755111918198
0,0.9826365924311089,0.08648220115157813
0,0.020459350508262426,0.008592824407786413
0,0.09550494774421875,0.017122705813858708
0,0.025978489819544977,0.13892684269422204
0,0.0014100267930541406,0.014451867788929795
0,0.010057114941037573,0.0036114861212672546
0,0.03192861973335128,0.015080549953784172
0,0.13423844687799166,0.12113287039594807
0,0.03693594222294929,0.0055754306479162356
0,7.565824735522182e-05,0.048958193492989174
0,0.0583556597400685,0.014293960558844685
0,0.10724353297009676,0.005663351476418025
0,0.010953775284616218,0.01729092861282147
0,0.07671097802304243,0.043009475303955186
0,0.3633982829178659,0.01640491529391147
0,0.005956519878140563,0.02878864192147093
0,0.030419512133009224,0.01717842851793574
0,0.26533256900896185,0.14378969584644705
0,0.10658528565692373,0.013308953987967076
0,0.07376627887074064,0.025758171022879167
0,0.007222122744584824,0.05336135257918794
0,1.032865319170791e-05,0.004342603025994407
0,0.1181696280171856,0.007844813551210828
0,0.0009471493144112323,0.03046096251500045
0,0.006241552372050432,0.2165055809306063
0,0.00972863782394092,0.017251083249088858
0,0.02682012568864786,0.02710024724826503
0,0.021928797170721544,0.06018640998188949
0,0.2869733568384665,0.01567849527452879
0,0.03688072352771097,0.0055156922686865565
0,0.016532504932375368,0.024507600387960227
0,0.05282437433799636,0.13334556638847542
0,0.027225083537075825,0.02282991521590603
0,0.06892963426878802,0.005039277307573981
0,0.10926502712655349,0.016446471043509003
0,0.42728673749272195,0.01943397467002355
0,0.019812879341603067,0.01638555845450847
0,0.12348126308617449,0.01727620579327576
0,0.051126538738164994,0.17321641593660275
0,0.010437562364206688,0.010891588850884414
0,0.1849256849241591,0.38496007248797226
0,0.041266058953670526,0.08271132071585986
0,0.009431949463673721,0.05431237917706576
0,0.004724986568147778,0.08078986988596894
0,0.0016651009055971419,0.015970050538796163
0,0.0027774939206206273,0.06392588355624364
0,0.06571384055315649,0.027459951614786874
0,0.03806339930453025,0.010520588358793277
0,0.06999225389546745,0.018775916707393047
0,0.09050903365858343,0.025022860544722674
0,0.02414867003223842,0.012666145718900181
0,0.13458558537447007,0.04255077951841525
0,0.03621800112780229,0.07598638069626203
0,0.037597566617647196,0.01958576818547241
0,0.01428721975727881,0.029169882227973388
0,0.02675933503924703,0.011431944265232072
0,0.010465425664566581,0.01712786399913461
0,0.13128323016253143,0.3786379054594988
0,0.18908834680284245,0.10077518258685553
0,0.011915693555879214,0.007127996248440202
0,0.684174138779837,0.3568243043540613
0,0.026787760277770894,0.009838454798080369
0,0.1393574079521816,0.042972236019158595
0,0.5715649315653483,0.29156399819308665
0,0.021906987641149542,0.011712182847001474
0,0.047795074479105394,0.020210211600579293
0,0.006551312543308731,0.016178770152696868
0,0.035626710576625045,0.014743703911802701
0,0.009527826356186691,0.1078577154890155
0,0.06490050346820149,0.052342504090506996
0,0.04213438422865791,0.06317864990430079
0,0.03280265709416286,0.05423421099969036
0,0.33183739975891935,0.0284437508733398
0,0.05993801359934183,0.01715368392645273
0,0.001994064642103155,0.005994003344175723
0,0.03848469652546735,0.02816277321276817
0,0.030812540389365387,0.006649368122797441
0,0.049321130452123434,0.005009081968317171
0,0.2745379999032061,0.030218039447798564
0,0.17842571002371904,0.15036978939763662
0,0.0077980070539306065,0.01681796207716873
0,0.03962356678652388,0.004459804656335592
0,0.11343583480317304,0.06343599060749903
0,4.797184555610344e-05,0.03570789126789363
0,0.001266417889797006,0.12717691564080852
0,0.5256392289644893,0.13106006187088962
0,0.0008069959866669702,0.01669230298784626
0,0.06575642625907864,0.03187805474654752
0,0.038679486649463475,0.043704945854260754
0,0.0015424572861538926,0.010680584885008037
0,0.019015176468023864,0.06316419542298192
0,0.045943616048885125,0.02437551294341578
0,0.011801331352353043,0.05286022377687084
0,0.028584677120440345,0.014495976247500389
0,0.0027646734870810925,0.049038646548790164
0,0.0031491230779302354,0.02129105135836203
0,0.01747550055048811,0.024510868161037723
0,0.03139285620274535,0.017269499663173322
0,0.0006311086777978632,0.00850680768738399
0,0.29158688247208836,0.057460149775192045
0,0.28026761592711663,0.21581739265667024
0,0.027771682376938205,0.033607400202383134
0,0.06881592867361554,0.04881787380417244
0,0.00727413605919992,0.019304099132475314
0,0.03629610813351207,0.11182340054214632
0,0.04336357982912003,0.0292373694145902
0,0.03180002138560673,0.13254743581491887
0,0.0010502845559313197,0.00894731384873463
1,0.9999999999660174,0.9997654005647005
0,0.1185040605778077,0.03023134656161075
0,0.0016050359690979357,0.0053295556676968055
0,0.0023815011770474447,0.006471298759579727
0,0.0191030432303911,0.0319449683283645
0,0.004154950641903061,0.011461406256166354
0,0.020224935567515912,0.03175597748311651
0,0.028576049576240926,0.02263737085893165
0,0.234007674268827,0.028232899186633378
0,0.01581473033511186,0.009495711211943848
0,0.04185482318358587,0.004907031187176131
0,0.012905110206711114,0.04332443179105283
0,0.027379462482301824,0.0223575439965762
0,0.7940182343595995,0.17923986924068228
0,0.014459264465046289,0.008015783175456563
0,0.19259629562867814,0.019212618054337553
0,0.07643804224942446,0.030201475576364194
0,0.18644881657045692,0.03598130348304365
0,0.019776729475440014,0.012611863621596376
0,0.020150046391453656,0.023745921560050686
0,0.002141344263821206,0.011109743593217284
0,8.492797362956986e-09,0.026645770425613974
0,0.06331410674939912,0.01388314355696523
0,0.040030606104736285,0.014219923293035279
0,0.03689754412171913,0.0467052508848151
0,0.00857312887117627,0.013901977289542664
0,0.004137709605601338,0.011928241873115576
0,0.15873451243476433,0.012341267068107464
0,0.023959867849120124,0.053448656764405585
0,0.002504031463027814,0.020404334553294465
0,0.009119059401397546,0.01807672569337135
0,0.0016982814765717808,0.04781588170185031
0,0.04176194653335152,0.015429336574049643
0,0.712981636157022,0.2142265398324923
0,0.03952379328477033,0.031025947298691185
0,0.06698341170884894,0.06808191117799152
0,0.01749548563590984,0.012976395150752707
0,0.0002821368595968907,0.02949207830411054
1,1.0,0.9999332768681136
0,0.052675863451883215,0.018303030235284897
0,0.06686412797068232,0.0072841095436324945
0,0.00043990402902555607,0.06203411522273975
0,0.005601351850617105,0.010629437725861935
0,0.0015363192445357165,0.007044256184213969
0,0.46488007336362497,0.034171063293769836
0,0.0959884792306133,0.02932092078887476
0,0.006153416712940908,0.016074899086440032
0,0.20037267002099013,0.22886840761765107
0,0.42457720255655806,0.3244553566316158
0,0.020606836137787014,0.007891549428322871
0,0.010243604458310039,0.0772489647863655
0,0.08644172809109514,0.07785310812882881
0,0.15998698563086103,0.01889184977908056
0,0.07479066725918414,0.19638621651562574
0,0.04661450808091996,0.012860547768401698
0,0.013402094120588863,0.010547248576161952
0,0.0032072793022104892,0.021936113728776106
0,0.14642100896551313,0.017558509308222694
0,0.034418285001431057,0.011980386076776236
0,0.038464638880238974,0.018098883198508803
0,0.001357300724987831,0.0063003491837752765
0,0.19037297334544442,0.040949185012654654
0,0.03212355801315318,0.08626330405268191
0,0.04508615413696775,0.10220116970461204
0,0.5930226557316489,0.10631390643483576
0,2.6529745859416316e-05,0.0660696829222866
0,0.02683554993600556,0.024933790917245187
0,0.28424859146629544,0.14048263677091058
0,0.037177024657091905,0.13166697970578817
0,0.04378494086102507,0.04105237286470147
0,0.026338132953029593,0.05572068537743593
0,0.02384526927721073,0.012753725388441486
0,0.018028288511353092,0.029582679415433313
0,0.019919757182693985,0.012859607206827888
0,0.7433243576908771,0.06857456566303567
0,0.09153058813515233,0.02760867428468251
0,0.010075999437750083,0.018681939490077487
0,0.07654462215581553,0.004996629257140315
0,0.04213411104045061,0.16530997982939563
0,0.09865207204678965,0.011069469131145204
0,0.038003601632518036,0.007395577254554794
0,0.05704460005114022,0.03283597850038728
0,0.045174257531526575,0.07808502776780205
0,0.6377570092305551,0.31630032883702536
0,0.041267915668367836,0.004436826829345414
0,0.042777285465482935,0.056497334338950635
1,0.9999999925459736,0.9667860011604791
0,0.10777328151310589,0.08593425483362153
0,0.05991981645481548,0.08705901607067151
0,0.012743059035734893,0.01600831166030684
0,0.072233421841575,0.049074464791510536
0,0.05181313234511224,0.03143428698948017
0,0.021126098527283307,0.011904207706411745
0,0.10794375033975497,0.0699954464045024
0,0.014053637272423371,0.02126609557592968
0,0.027267869815777404,0.014931210384687102
0,0.020419194368098637,0.022612727658535312
0,0.011599279254320879,0.016174696080944635
0,0.01424059777857445,0.016726791129249897
0,0.03332629117611903,0.026261860188184053
0,0.060174900291634366,0.018415324550674114
0,0.09229549345410912,0.010957875898726103
0,0.03289398814393354,0.01611567165512065
0,0.027465950234778203,0.34901251979530173
0,0.01832630770810295,0.11617961193793913
0,0.05669752461616346,0.006950467799465944
0,0.0323651056429438,0.010473166905158463
0,0.0880325225952605,0.03575796694957641
0,0.18615203066116126,0.11068960335716298
0,0.0036525015355464235,0.07550109300701152
0,0.08656818238123133,0.0045694429006107725
0,0.011251238335210263,0.0407442913390192
0,0.2856263224222201,0.027286951108666392
0,0.039789414058155156,0.02183060368659121
0,0.04042939995140789,0.017135362809901373
0,0.014815452674977456,0.05358732788371679
0,0.0758756011709346,0.15181180272482997
0,0.564062655529337,0.2261111541466749
0,0.001999104722475266,0.08916191777619506
1,0.9999999993548141,0.9356453891321809
0,0.0278400814706532,0.0512077919630377
0,0.00935817665857893,0.10037372691465375
0,0.05680320533470536,0.0403544068854944
0,0.05176411004724152,0.12561017173558534
0,0.014314416639736443,0.02583439083135915
0,0.16273919559547592,0.24668963514117723
0,0.08624477309933554,0.008816052403586336
0,0.2365392053293526,0.03265036240402437
0,0.04329981133426196,0.013919139918625551
1,1.0,0.9971415969175721
0,3.254805330061118e-05,0.033047273776775146
0,0.2689842896549265,0.053930834925532405
0,0.004148643099427167,0.02836661889371502
0,0.04928026643847367,0.049871517336795165
0,0.0059963950990096415,0.031823454098905496
0,0.001149013253990166,0.004081017280702261
0,0.16872238584035143,0.0293327223290193
0,0.010295485384773241,0.023630165086555948
0,0.13510345969759732,0.05718006673295433
0,0.03905910497620655,0.11005634813955742
0,0.02784101375292979,0.01207300472010996
0,0.04637890375986936,0.015769874971673897
0,0.08487178776414392,0.3289933562711521
0,0.015482961237867833,0.07017009269384564
0,0.015053575246507078,0.01624502614555827
0,0.11934599057920296,0.048344240696883506
0,0.0234176462129451,0.14717164604014518
0,0.006167282177941956,0.060779662780680206
0,0.024476924434740577,0.015443436980965059
0,0.04098041327550969,0.07533428915258564
0,0.03210688872453764,0.042742788854166804
0,0.009192210413489277,0.049047896474817845
0,0.1709602899790242,0.04788480467254002
0,0.023330085686216074,0.06419406692056587
1,0.999999983324472,0.7522979409202457
0,0.11237704780556573,0.016175254595357683
0,0.02434298890860576,0.013627742477431376
0,0.008618771473550045,0.022212803901648308
0,0.01589278589251247,0.026396743301896813
0,0.009826457384130793,0.028406266280416467
0,0.1799301417647153,0.06512515073304036
0,0.00976680130757321,0.006854910950940526
0,0.01700047906783725,0.014241921842809943
0,0.20978430005883672,0.23684561964811995
0,0.011217621897364081,0.03641744367254051
0,0.12374635401435032,0.14134369459590387
0,0.0014791347415720945,0.02308066901441154
0,0.04672880683104481,0.01435436423952961
0,0.11697324191999617,0.008170198626195965
0,0.020895140258497657,0.10411048724422517
0,0.027429194383605814,0.06833624175890425
0,0.008931756706698239,0.01251454049456891
0,0.005033636308153027,0.06751280847945637
0,0.24674272520919707,0.17514318228097298
0,0.25246568484221393,0.04034231551165573
0,0.06366775193226283,0.08107005895178421
0,0.023185646755754855,0.030767921184956554
0,0.008875324514975321,0.023392043855020476
0,0.007330643888811317,0.03008688411571693
0,0.07588626405242815,0.006899659613516844
0,0.026863640317557835,0.019269422447190244
0,0.013436450367867772,0.025503275214209937
0,0.056015823649772506,0.06436485365114386
0,0.021556013396153928,0.01888940328367126
0,0.03577809797462064,0.012366228124625123
0,0.0347450697539429,0.007354387544439388
0,0.003331417685835429,0.06054423540891864
0,0.002966739398151271,0.004957593164733405
0,0.022658344760222427,0.01585611218621228
0,0.10961364034939308,0.024290507360782122
0,0.0447069714416128,0.0359739630199987
0,0.013548534255471506,0.011246476659252774
0,0.41646208154573805,0.06193040365526888
0,0.019985677721464423,0.0377534023437909
0,0.01799651373611454,0.014631704366459488
0,0.07073205798905166,0.022576578476453713
0,0.023470114910079207,0.016772229104811864
0,0.20453058685382955,0.04861485527112633
0,0.015285661397369775,0.07027419493609603
0,0.29854794940126467,0.21368366803793545
0,0.0010173590146164882,0.012615305157796793
0,0.35035781127128285,0.035674526976830594
0,0.010212617799251776,0.02782520680331772
0,0.14594460565497352,0.016130533436186454
0,0.002760149138436826,0.01332071227538031
0,0.013479870690545228,0.0478012442971091
0,0.0016353164333837726,0.10527540491375631
0,0.0034857554817442813,0.019013736040818154
0,0.00983026786049081,0.02928921289755694
0,0.07060601471380697,0.012045663086901281
0,0.13403005737887094,0.3256633406210843
0,0.024895356470298287,0.01312823854730328
0,0.0028151680759177363,0.01522245396876955
0,9.57608018648082e-05,0.007040333694518086
0,0.05865682277460246,0.016819643633344483
0,0.5033390523873579,0.09949759128917404
0,0.029605679189549802,0.07513329645994898
0,0.02070772788665592,0.011627300350560178
0,0.3258499949731018,0.12562955335800183
0,0.005130801226351073,0.012089510293056677
0,0.05711087735694365,0.11210776794525411
0,0.10977242740647386,0.07150143272162832
0,0.012042277638290619,0.03953585628635539
0,0.10821836510600183,0.07027826906833805
0,0.06254626319115826,0.013897683608660824
0,0.060010156822494165,0.017071067391795737
0,0.17475190369027965,0.866539795232485
0,0.08825855007621157,0.03944171840929171
0,0.002191541367112017,0.04263851252840815
0,0.04712340506711111,0.014380564301603633
0,0.007449215292143422,0.010567058315500153
0,0.0063476509960990815,0.12278596235847411
0,0.0184293494589934,0.01966634842394332
0,0.39482515711009103,0.05765584585540483
0,0.09105566111689985,0.02727482719484441
0,0.1422860624819733,0.13737922600262736
0,0.15404174984073515,0.010848647161166446
0,0.02696897267450025,0.0038466773926270708
0,0.0721247413880144,0.020761507098269825
0,0.004751429552178441,0.05102474255052709
0,0.014700612471009485,0.04998320022506067
0,0.03826324070657275,0.025879272080704313
0,0.07830534228224764,0.02125953538086142
0,0.24999428736706986,0.020093459648162084
0,0.011614842087704752,0.018142071257048427
0,0.026008467623896595,0.019857511571744337
0,0.20592991150767676,0.03663456130749905
0,0.007922373670944874,0.06074133533926937
0,0.07113844062400693,0.03364638749166432
0,0.01247363972471316,0.3140101768157063
0,0.017204553887889898,0.024078375381988752
0,0.257421159005325,0.013763446512175263
0,0.1247050220059066,0.03328111211493236
0,0.04448371710477961,0.013528396912794996
0,0.027235268284495646,0.01785387145990942
0,0.013357506534767258,0.018744601995185482
0,0.006945492456097786,0.03502427720567753
0,0.025549893338018687,0.004648055809133587
0,0.21243052412409877,0.006663423652658858
0,0.0010861866019423753,0.27588594180248116
0,0.09401261311307235,0.009273000823669122
0,0.1261015276247059,0.21784690622193278
0,0.022592001533480503,0.20055969703677923
0,0.000749426812760927,0.05687971784662286
0,0.03184166524844817,0.057864691908116925
0,0.010406605662544343,0.08614349886758108
0,0.07366036897392718,0.02982279550584729
0,0.033148814932668975,0.08476385449676883
0,0.1965045324134106,0.08006488027644505
0,0.061803628819829794,0.05881271372839639
0,0.044658030103560745,0.01881769036802506
0,0.028209176407152457,0.015529214741521961
0,0.16338837892806932,0.016764547427761
0,0.013712374487240617,0.024242951455227642
0,0.2027112628347857,0.11252677692321054
0,0.08868841714682653,0.025649335392549762
0,0.004018466299766997,0.019767678926143565
0,0.0013077511826893474,0.043143016647731416
0,0.013827497296869285,0.08480676096449659
0,0.0002110167764863159,0.0385881710279561
0,0.13775756469841408,0.18444756684040012
0,0.04299055175027026,0.0218098646189362
0,0.06100961507148857,0.022307055087468837
0,0.009430870093618338,0.0123499291956564
0,0.0025637648809505105,0.016124562556864
0,2.5836879311618916e-13,0.014292822616620224
0,0.008106944593918421,0.056918078113551554
0,0.02153087688527957,0.07017770453418917
0,0.14963645827690394,0.05799874021044166
0,0.09606178742716827,0.19076767656305968
0,0.012001530180468843,0.041353215848336136
0,0.1419091758290703,0.06229074634842049
0,0.07143435016583721,0.011159294707208226
0,0.00839689868194204,0.006194813162581909
0,0.27765113060559066,0.03283802226569062
0,0.03270391366645117,0.04459578541700683
0,0.01713149795875487,0.010264373984393236
0,0.033036818790861754,0.008388305268470043
0,0.03978150167068054,0.012154916673747638
0,0.04181034967795119,0.011929870271835395
0,0.32783864277327807,0.021470616828169916
0,0.020346601703881795,0.023930791026872303
0,0.01405110571899689,0.020076726053388356
0,0.016133594853489835,0.0647253975450167
0,0.11590276818633909,0.0658865714610254
0,0.09055241105809954,0.06203031393225692
0,0.03470033987702084,0.02771285732703526
0,0.026216497156429423,0.01179618713284398
0,0.09547752612824398,0.018603444736701443
0,0.000802615084363523,0.08054907436528069
0,0.10520881459450186,0.018075126014267032
0,0.004022960008571292,0.015123562828691905
0,0.15588871777151636,0.04129627171714935
0,0.028598691261913545,0.009343841886404487
0,0.012006919575010672,0.021641702342812565
0,0.00570608872554619,0.016372336338131118
0,0.028770288796587662,0.00923216471488329
0,0.8990988486694613,0.04280183529358283
0,0.13760122701457128,0.06678287873111913
0,0.061819517560427,0.007552960123947921
0,0.012288397467742792,0.02609845770005545
0,0.0021647924127975123,0.04855907240840176
0,0.013758951514272737,0.02580900681572614
0,0.062102156064398895,0.009824736802928473
0,0.10115019706157796,0.0702018967319276
0,0.061121836367060124,0.006746080696803348
0,0.14991767981932233,0.021595649024857094
0,0.06513558839827324,0.010520805045267725
0,0.004200556862292787,0.008284126857659514
0,0.026321278134111274,0.022485322692593446
0,0.025117667383452474,0.013025894993322348
0,1.918743124472617e-09,0.014914117737824448
0,0.012960169319037058,0.035535918350359644
0,0.04506388077583639,0.13792158777956642
0,0.007841663096373755,0.01429653358179421
0,0.017284024280059918,0.011705209885671577
0,0.03543852293299369,0.01357751439541353
0,0.03633987653526011,0.007987413979550018
0,0.0015582147001014382,0.015405516768457408
0,0.33817199570380074,0.04879162120864876
0,0.021920464656109705,0.01816050939315288
0,0.00719041140617436,0.022756083002821954
0,0.02268639162333013,0.032783200760783004
0,0.4324550144060123,0.2018659697847681
0,0.12805791008083414,0.04459852138819284
0,0.19159039432017846,0.048299700393962065
0,0.11804227735052117,0.07684596448361361
0,0.0002493034703857704,0.029037325491905863
0,0.03257601108867693,0.014134817799685256
0,0.013632559798499134,0.04869613719454514
0,0.03960353555538399,0.011780152256273383
0,0.02468143021350388,0.03184486450507347
0,0.016702290356090565,0.013586737394750203
0,0.0006755697661281187,0.015333293798548663
1,0.9999999967695705,0.7432367346875769
0,0.007250402112221193,0.002559940566320964
0,0.09154718116485029,0.010434001226395002
0,0.07259663145371865,0.21690834312340349
0,0.04189040372051249,0.11158763544596982
0,0.1686207950991883,0.08241449213207451
0,0.01748682596593859,0.037002710927930775
0,0.07669247904748422,0.00445773004217118
0,0.06819743265741962,0.02555739516405705
0,0.010302500458929373,0.01598505632572763
0,0.09211646669379746,0.005015481592297313
0,0.0006281976047433493,0.016055933195908288
0,0.00445533874639162,0.12624044561676945
0,0.08412627978838659,0.05525834111128005
0,0.29590255236697244,0.31176240795052307
0,0.0028724523222991346,0.008938682164459406
0,0.17828820133716974,0.11151846023400785
0,0.023502333738826063,0.16816051450277159
0,0.03460732392215737,0.02446729643823003
0,0.028521875611816964,0.03047317828499499
0,0.02179209321431772,0.04641650970311191
0,0.5328727276625987,0.15671241985576262
0,0.01491162354348771,0.032322856424919555
0,0.07024793610609374,0.011043405320433419
0,0.0347626795853275,0.024662304281166426
0,0.006975548590842009,0.0402298795497117
0,0.004989044031780933,0.002759860818509822
0,0.03893698382507056,0.017740750979723472
0,0.486989731414831,0.6671281003874218
0,0.06584428267794432,0.015492883267526283
0,0.006241401763356598,0.012490656346619196
0,0.06003084369368827,0.06346683900628841
0,0.006403812050130103,0.058215608368841716
0,0.038534527228198105,0.010822106560903221
0,0.06210064979607312,0.03475387436937923
0,0.014832583827243293,0.020345457665264712
0,0.027511100491206388,0.0107588551177391
0,0.11897616149865717,0.05515627081253767
0,0.2975781515067542,0.3503710640203048
0,0.014406387962819428,0.03178536156167601
0,0.003170675519368491,0.023638798508927947
0,0.018717314788516397,0.008346800781321422
0,0.013899996228465729,0.017285700806435968
0,0.02136676503247568,0.01869346082240379
0,0.07593988331979522,0.05565727474758998
0,0.053596278788877884,0.034059536000747716
0,0.04131161179774572,0.012062791999619354
0,0.035802897496379674,0.032745234444708955
0,0.2325509157316983,0.07733875454239775
0,0.04207739188027724,0.04632081397876887
0,0.2748471927101532,0.10607376200084849
0,0.06151847294196802,0.012028338043700985
0,0.0022961835856998777,0.028086184287696565
0,0.007011327947220721,0.008675687301034034
0,0.014530239088382104,0.01388591212339186
0,0.01786909968573951,0.017969625886512994
0,0.7590321905646581,0.14635019998371554
0,0.00045937189638780787,0.11190737473023929
0,0.04758819377476038,0.021371899788879517
0,0.1258563786226507,0.017721708158764938
0,0.016733147548258578,0.00458431024689273
0,0.022941495544548222,0.08967802973385289
0,0.022345610103577256,0.0695080733258618
0,0.03406504105430103,0.09393429388654594
0,0.028999284076588038,0.042787057859977766
0,0.00010877000137184111,0.013331922912863822
0,0.007628061488299112,0.109375759670029
0,0.02317292826973256,0.09077989832628526
0,0.04446034816938605,0.008429093600188644
0,0.017606618784682896,0.0618561296022921
0,0.037056184368238605,0.026207605907471173
0,0.13312484406870434,0.0416056274847276
0,0.5085545728005428,0.10006769776846465
0,0.010645176987029022,0.07140405847679196
0,0.023632892768196533,0.015656086582311032
0,0.013694727264837581,0.024729613146402755
0,0.20242002714789312,0.027078174861066916
0,0.02196025049514728,0.04257093664382378
0,0.045194577233295334,0.08098205570442107
0,0.013954468793172267,0.014798935036849993
0,0.014146515704045716,0.023597630655889622
0,0.04845006550814459,0.008679399134609378
0,0.01928472652170537,0.015577325947554328
0,0.17468577701268195,0.017424674184151345
0,0.01491759115699064,0.03204319385635471
0,0.08662573444594482,0.04651502318216018
0,0.02936155188120638,0.010702219398165961
0,0.11336761382416295,0.13820370673544655
0,0.023901400139575642,0.07727513541274317
0,0.1481196090064791,0.3337371649223476
0,0.02185971526549337,0.06295880184420168
0,0.01866641667913635,0.00377841530787243
0,0.11641330087432092,0.1420324068681728
0,0.003840922824659303,0.029123614489924128
0,0.5060005520741631,0.21562184230477915
0,0.030621361690444788,0.009612491417645965
0,0.1333888197014928,0.015649586752350814
0,0.06049877047060837,0.016983902246172387
0,0.8855785070720434,0.013875103231654258
0,0.025822405479811354,0.012968242699207141
0,0.0015660060833137166,0.051447889786314545
0,0.008845350668823786,0.04042065878232641
0,0.025173815568103625,0.008504561285710805
0,0.32608400423389927,0.057057014123381065
0,0.035287394018071086,0.05374741275311636
0,0.03372620920669765,0.008141003500410733
0,0.0012919041247125606,0.025289851879822283
0,0.0011809240383158154,0.05445231428766195
0,0.29637334836638807,0.03569646188701686
0,0.09525925308909408,0.02798997907587966
0,0.1964838802439996,0.09361884194693183
0,0.11162305786548185,0.01567475438681002
0,0.026258744647493004,0.009029496793593106
0,0.0163953706630618,0.008954874770433411
1,0.9999969034955634,0.8465685297209992
0,0.01976207863442225,0.026820976959562464
0,0.011775516883952992,0.023164955393448882
1,0.5382308142388135,0.5634918630814961
0,0.046461672999025996,0.014292552494391085
0,0.028325135211972607,0.02483325106815974
0,0.03619021733856148,0.013390384471651032
0,0.1345195184041694,0.24619863964812483
0,0.015869616083843508,0.04383559192876164
0,0.06262707929621719,0.14976549874084363
0,0.03979447367802782,0.09057242958377633
0,0.014036812295168831,0.03724358733617034
0,0.005094036197883632,0.05092108074429228
0,0.0007728125478516556,0.029597506137174972
0,0.05984767133131461,0.01773008861713927
0,0.06759701814743944,0.025916698893051846
0,0.05229871531482525,0.020278790124562872
0,0.25985388960779654,0.05227088581836655
0,0.03625941797328275,0.029983630449017813
0,0.015803990823032858,0.040414065234752224
0,0.03382837461093136,0.07596757761044079
0,0.007674072837440252,0.05006103162186893
0,0.004205534193038893,0.012002269948249331
0,0.004415709633551316,0.0110235361743658
0,0.12036882873937078,0.07752360059219683
0,0.006336651992587812,0.029196145382777032
0,0.021316201641080782,0.03957099453303664
0,0.16370485374819246,0.43957164392453985
0,0.19239757742552133,0.020651439721632824
0,0.041780059396720234,0.041806220082240414
0,0.017239106550662978,0.05264584920673723
0,0.014918508237518741,0.004610403782879914
0,0.02932530623410716,0.053854308749400205
0,0.0938880608115374,0.47759273999758267
0,0.02559742267014289,0.01741000328978269
0,0.008196203551733136,0.045944932647179644
0,0.005069866991335556,0.07713277292919467
0,0.04197284662759483,0.15965661387561225
0,0.01270248663135213,0.023339709172994653
0,0.1496558220654816,0.017735901911865463
0,0.0133476479147896,0.011004893140390676
0,0.0137082174731401,0.015714691379875103
0,0.431119985259538,0.03908995017325824
0,0.08304332111623047,0.011608840420778156
0,0.02272402891807622,0.016313126176154977
0,0.2638942694826525,0.045393971656199565
0,0.019314021847024777,0.0245610749677892
0,0.06548989853377447,0.005858474063694492
0,0.008871062636844389,0.06788263344972076
0,0.01831889609620138,0.006673491461917284
0,0.001367240118661826,0.060247477702220234
0,0.003182646291355985,0.007951054329495924
0,0.016399492902914328,0.004241269366045197
0,0.31354103883439244,0.06601870454403598
0,0.03402624492848749,0.044866961438112515
0,0.013258888637953754,0.0427553636308877
0,0.04524459674131755,0.05883143523689108
0,0.004939288105297337,0.04035572083957795
0,0.015563942252733413,0.005949754532484167
0,0.04435031486251426,0.05097839603019559
0,0.47788395700638514,0.009798334348497298
0,0.058770980227953996,0.013793332565542816
0,0.014974785112510451,0.006361600716743893
0,0.030286312832333732,0.018096157849941133
0,0.002780722536038539,0.02885136469760948
0,0.03127942365389316,0.0394021366666423
1,1.0,0.9996833044848972
0,0.021629425500379173,0.111556850910077
0,0.24191277823616325,0.004579125118805359
0,0.03214786746489205,0.11174559504511714
0,0.0001898103399195043,0.01693828166500518
0,1.2696630310666525e-05,0.02473156522520272
0,0.0016143719982910337,0.044250029909878405
0,0.04116229963596887,0.012281992538452467
0,0.18519326811924222,0.08322810259040683
0,0.014987699872970382,0.016704632542666367
0,0.010860132196923616,0.07068385504259926
0,0.037794247841701406,0.015803605140911527
0,0.0007375759562589565,0.0014954602489801485
0,0.02542576415427203,0.04887001636291605
0,0.048533460077564206,0.015316314310968884
0,0.048555163568588376,0.013160729512201432
0,0.06278554861289484,0.022779815399294665
0,0.004417739415984272,0.021370340710745384
0,0.004861075944988768,0.13578068038590083
0,0.023641651009012957,0.10671850454763736
0,0.00013604379614424433,0.006779247697412843
0,0.0077651798724985505,0.17511705825409465
0,0.044444592851412244,0.03269325638540824
0,0.017754689039950332,0.07029593117597237
0,9.23555583454398e-08,0.01935298158107547
0,0.05104831690334777,0.03704336776181547
0,0.054496131062929797,0.028940411061610292
0,0.01919305903310811,0.05573600651226059
0,0.10614452793019434,0.062485913598455754
0,0.010060942930588358,0.02089862910688043
0,0.017513314624979168,0.13351047403465194
0,0.07032215160346528,0.0740447281548815
0,0.048610972846923096,0.022411604263864862
0,0.010563070607935293,0.041196439980790936
0,0.1775746424752196,0.12405163821242267
0,0.0025212096934290953,0.0185792293604404
0,0.04103797811425956,0.04553774359816377
0,0.2695907112581499,0.02161252851134627
0,0.013784826824379115,0.027808643743856512
0,0.0010215507343830827,0.03970926814140318
0,0.04029723116668464,0.014774240355817503
0,0.046643983847708306,0.03340662065673722
0,0.3803125034018604,0.12612314474791597
0,0.026735574591999,0.010736716719853405
0,0.04434657260101192,0.024871463578628343
0,0.015593224578104452,0.02066678157000315
0,0.037940429526423285,0.030142415257281927
0,0.24999904212696863,0.13169301563028657
0,0.0057124376807635106,0.0426134413544357
0,0.06960407507684167,0.030115276950191186
0,0.053573159876954074,0.07359385794499661
0,0.0301568395635801,0.02739648462988012
0,0.8232004800009731,0.24278945580999756
0,0.008844344578036307,0.031614529740159804
0,0.06930519137204837,0.06666597739992189
0,0.06977939076777509,0.026773177134786653
0,0.001192110512383302,0.04057899976692902
0,0.0978716658766962,0.026940908378875184
0,0.020477395217292343,0.031406146547396055
0,0.021666731800348882,0.04364266507197334
0,0.18272360821328573,0.06463633108543847
0,0.005290269166943741,0.06390879173826108
0,0.015380835704132349,0.012887674197741153
0,0.021247296814528586,0.007935634355335092
0,0.015912912123619845,0.15057797320028365
0,0.06055140141740476,0.0330907688359582
0,0.09492297067217172,0.10146101105101277
0,0.10552933759006522,0.0714049231273462
0,0.02159344008229914,0.012756285624412524
0,0.10580763080191725,0.00927501534647334
0,0.011525046404598135,0.08014754069196603
0,0.06254808988984693,0.032179934714989755
0,0.0455828043462091,0.034705884579160795
0,0.016795902646398766,0.0160544984712873
0,0.00462614334938906,0.026887157008603398
0,0.019095856655449307,0.13932368985551893
0,0.4053471917496316,0.03744543285762094
0,9.38189790655987e-08,0.006330981272855301
0,0.01945610656412408,0.005230743717806596
0,0.7827776465629517,0.13086760974331454
0,0.01644391306101694,0.03757013640362834
0,0.009857463564595522,0.15677830327303166
0,0.040352176887322386,0.22345035466181415
0,0.028881986108043222,0.01784836213374197
0,0.3986191699388934,0.3417110679331805
0,0.007633997016708811,0.010983713108482219
0,0.05843510357180448,0.009999209921271759
0,0.04452015197415443,0.012353687265943413
0,0.10171799935709583,0.018476983618943146
0,0.021252582813771192,0.06534026488103073
0,0.00030427756081720804,0.0032326474065673388
0,0.2495538117062169,0.036559486196352554
0,0.004997228711112854,0.19038403467769702
0,0.06183241930547071,0.04436206456914112
0,0.652583781066685,0.026537629487786086
0,0.027702078923292475,0.011950659183580839
0,0.062435605181447786,0.04093589188184406
0,0.32449816253672165,0.12824265167172405
0,0.0003994591747944246,0.01015057918049869
0,0.6194014237665614,0.3285719948253913
0,0.11140001279020981,0.041766242386069304
0,0.007211237910233153,0.02921411798482131
0,0.04017705134313297,0.04877368262045779
0,0.009617841931626094,0.04055259346529392
0,0.14952789540070302,0.04675767281858059
0,0.02287402076649918,0.010936180554726883
0,0.032846128296808524,0.010594997004578312
0,0.0637459519504409,0.029261852662991562
0,0.04760202984371146,0.06525839911922598
0,0.005623919809652661,0.01775015716402869
1,0.9999999998731988,0.9997709547810912
0,0.12194043582462352,0.03629506166119214
0,0.010787747059297829,0.08514685282441146
0,0.01375688335447589,0.06769794938188402
0,6.65845604850538e-07,0.04882765786225678
0,0.01490421806438592,0.07137043102321257
0,0.03893228169250121,0.1038809131653045
0,0.009592267460113156,0.034290084076701165
0,0.030433255277927975,0.036745476843269474
0,0.001338860358463916,0.014471159159245007
0,0.0042775228397453876,0.017434517563703136
0,0.036436850883779105,0.01725818925335625
0,0.002923131828281864,0.03730467593561668
0,0.5126129266614404,0.12968797738655352
0,0.024019356854370764,0.1276723071694512
0,0.013958836161539546,0.02952307421503878
0,0.0618429762928272,0.03228496288071221
0,0.008057931467658794,0.04175779714734109
0,0.029789059421826775,0.01185542622292362
0,0.06683773656042635,0.0163355727583767
0,0.02783053275383993,0.027522701909480335
0,0.006743588367159921,0.020591856979539924
0,0.07611048455252484,0.03766151310655021
0,0.009284341514942411,0.012939678506841008
0,0.07033198789701814,0.00378180055151504
1,1.0,0.9998881473685172
0,0.010171867361385863,0.041885976427507014
0,0.030248260902121175,0.08474810307710233
0,0.06770983466456125,0.09190022654849886
0,0.024882612094042886,0.004523708610575733
0,0.0032622349786607784,0.004972199811215449
0,0.032587610511623,0.05401922066543173
0,0.004562505763101922,0.0229270787746933
0,0.1329554270537548,0.014685693913567137
0,0.09506248753307994,0.023358310133058533
0,0.10730588004789074,0.01760082020533878
0,0.057774993442845785,0.012877745235155289
0,0.050652683912667626,0.030126520967899514
0,0.015429849655763996,0.11181031785541455
0,0.04503606661683949,0.024767043870442425
0,0.015078319505596283,0.01593017463497057
0,0.1088262756209909,0.04688698760163855
0,0.0455646270067074,0.04980999711062951
0,0.024404644379589953,0.02246196159802473
0,0.46146340201910213,0.1188114544567425
0,0.008071426602014379,0.00868647729763992
0,0.0061044997555909425,0.019086339618094025
0,0.0003546451582828734,0.00472293584045958
0,0.06651230672366822,0.12609864942460636
0,0.11269498876421544,0.0369889998834171
0,0.02647141641461422,0.021663567162634706
0,0.07999002172214903,0.01579195628820058
0,0.050854328330615275,0.011211348983996165
0,0.16014526204519525,0.29889330352571275
0,0.06594100631803416,0.013880101668095177
0,0.01758453294717993,0.020037526282399663
0,0.0060639777954302025,0.010836619113658344
0,0.13731787261835648,0.038252558281873725
0,0.0022927256143549166,0.023769317282614222
0,0.025530260781050754,0.009022561678536118
0,0.8619338194466345,0.2407719271924752
0,0.16751441580213675,0.019062685538456137
0,0.00910505155682147,0.043588831842584164
0,0.0013003537546566872,0.04639852358311658
0,0.42557737296787884,0.09799516742468456
0,0.029915946673795064,0.06084264349835615
0,0.04861539221701947,0.10616387067433097
0,0.07490490761468478,0.029491446982616198
0,0.18809145221110612,0.137867407731593
0,0.0016811756253438657,0.012705222556770965
0,0.10600543758929461,0.011199129481420848
0,0.2000942770874763,0.023982206340256638
0,0.13329262304229816,0.01764574832934262
0,0.03032284944027165,0.006397111510382776
0,0.09113669761881553,0.03375173596533905
0,0.031350904701464066,0.009756872888808573
0,0.043233794640100874,0.08278873405353726
0,0.03922472791919613,0.016840539043615575
0,0.08031995359592216,0.09791673518648432
0,0.05143007400093692,0.10727476383249304
0,0.044687023805871244,0.15592963385887096
0,0.152576540350862,0.07934598439356616
0,0.033058677829188574,0.10058201166158287
0,0.07959145374147511,0.055014979807463144
0,0.04932195056646388,0.011001827595495752
0,0.008067856186412635,0.012220473259713637
0,0.10035087708786324,0.02032700451611205
0,0.00783408107503967,0.14314360405910276
0,0.4077855603749619,0.02382631581321127
0,0.07788483597937619,0.010926200711306632
0,0.02656260243920835,0.04159301193756938
0,0.01776214636963971,0.022752409367190224
0,0.08249142493770477,0.022093926810371742
0,0.03162985642101263,0.013689229826595557
0,0.15825064439240893,0.18411062459813207
0,0.04715286220859999,0.13526554733540141
0,0.009996522566039091,0.043845131133646395
0,0.048925059688889036,0.020379357636395642
0,0.0972918073589095,0.015060945187745138
0,0.004065853052594068,0.016453015151617206
0,0.015027980932655841,0.04169635748915775
0,0.15518324840091152,0.013056715571209122
0,0.006778576307493601,0.0066329880199372665
0,0.039146701398301655,0.01762467011885714
0,0.01182110978243428,0.012405520578766505
0,0.00784478836230731,0.02210503001095403
0,0.0021825840394187742,0.00455906140687444
0,0.01539622391688678,0.00878491998315038
0,0.009524001293323755,0.00971559869691163
0,0.10019016426656581,0.02012755640483398
0,0.104180568653663,0.03235708626527422
0,0.042046167510166294,0.018035128638129495
0,0.02909013093278128,0.01719823795163898
0,0.012216118209170367,0.06341464344794263
0,0.1092766702567175,0.1483201206677508
0,0.23517557592915242,0.05128693926437546
0,0.02485527497611274,0.010825518687405198
0,0.21208111830530516,0.4241717426929851
0,0.005300116334483775,0.010338026597161303
0,0.011446507293531633,0.008278517721792875
0,0.06755575548253671,0.007197060842285596
0,0.01759768766014358,0.014933060677861737
0,0.008114292761236519,0.12339262920961445
0,0.009858996905148165,0.008364349228108175
0,0.01548927245073777,0.012454384363415378
0,0.013204459967579452,0.054067298166300494
0,0.034196829618802625,0.006492214467958289
0,0.07612499550630347,0.17033754761419687
0,0.0005063414172975771,0.01809314955880873
0,0.11865407439454521,0.06165463356442366
0,0.06228622502023568,0.017985473862375
0,0.06712154207068896,0.03773620074993555
0,0.01369487462112703,0.026889019592177592
0,0.005650492037389677,0.018604991296794687
0,0.04045231479974064,0.014048654437330891
0,0.028105322099929487,0.012755696405434414
0,0.01998754300194316,0.03782204468488935
0,0.10577714086147899,0.021021851263519704
0,0.03788956530292478,0.01945278965361051
0,0.0925821843902247,0.009491475699849804
0,0.05525484699434445,0.05659047474360534
0,0.007675279580613932,0.014524943753190599
0,0.08880111411776907,0.01189584784707817
0,0.027323141230382663,0.009309274402397455
0,0.0005609830402456754,0.015582956445719677
0,0.06591076807430078,0.12169839193514584
0,0.03967408575681064,0.015528040071397537
0,0.03868849339854274,0.05879807621634569
0,0.01786840980819894,0.03821922188819898
0,0.010631161699355947,0.0045942468392307576
0,0.21303978621686595,0.08365317312943829
0,0.003163000608254367,0.022129251013572902
0,0.10273096423577353,0.02142962183913174
0,0.011620971664018685,0.007942472874388595
0,0.07449962045088182,0.06312888974572109
0,0.012912173495966163,0.009374882743104362
0,0.6150197788665631,0.17661217524959702
0,0.0014373902449137494,0.018206260564476832
0,0.0031367057242652242,0.0386120638769508
0,0.08706635249575617,0.015188148861373775
0,0.0011113238631836478,0.005154537800564366
0,0.021635765539439807,0.016594010674883457
0,0.1560256270954217,0.289493886406286
0,0.0358610455965822,0.13827461844238437
0,0.006634532864130211,0.025271149831109223
0,0.018487495689722726,0.12942264650994215
0,0.0008371458208436904,0.002698506519203209
0,0.07126603345472377,0.01645444799017449
0,0.022683876132122607,0.021358520811139706
0,8.299278878045607e-11,0.05179797029430636
0,0.021370288751262765,0.026840033990656504
0,0.0192162513389834,0.02089260061230994
0,0.32322180415684504,0.00608806664626063
0,0.21991097770988705,0.01578492931857312
0,0.002494480776161649,0.051089024645154545
0,0.29748688559438813,0.03635708745247309
0,0.02908483821911826,0.02365423460942102
0,0.27853160876703464,0.01178144541922213
0,0.05336557822550055,0.01151155180923647
0,0.004862699957268862,0.019714131247282166
0,0.01737291443260859,0.008247528132896056
0,0.1325834053098468,0.01731884932070644
0,0.22848947919185633,0.051117457961373625
0,0.01200309095749607,0.05662792586191119
0,0.00046974773806148385,0.027265300973267487
0,0.007446984416121414,0.0534414231606887
0,0.1097077399425592,0.05485054339891962
0,0.028281666089901344,0.04407774441967944
0,0.028606085343945608,0.014960234084416149
0,0.0398272967990853,0.014266298190167798
0,0.05332410556062569,0.031253491681187136
0,7.191355159804555e-06,0.011197751802505323
0,0.0006802160084867849,0.01950472483831599
0,0.264378011977749,0.025936747974291
0,0.15485860184073186,0.11541364884706218
0,0.22853861240592194,0.1454792266287754
0,0.05735013095153777,0.06467393955585501
0,0.03164285058919532,0.011884085657720384
0,0.12936974316909566,0.163106246949511
0,0.05862904892559593,0.02394640739987301
0,0.06823899932900146,0.01563542936487112
1,1.0,0.9998669307685879
0,0.16148382724355115,0.13980305477077165
0,0.781579844657147,0.13462210589775606
0,0.0009529036971566921,0.0033811113941197997
0,0.22580274817973306,0.22423223553550786
0,0.08371850519669231,0.01079549421130153
0,0.004916310780547034,0.006290263232506859
0,0.07655943555067736,0.11904230756387524
0,0.0313518634268581,0.05690522552604676
0,0.04140372292475806,0.021123475660485006
0,0.00019768994787627717,0.02497285380704844
0,0.010999765662331979,0.03568808958044097
0,0.17073754419500153,0.2992571469239901
1,0.9999999999999996,0.997152213029965
0,0.17472685135309332,0.04133083698528486
0,0.013197912705760081,0.025159017839120206
0,0.05301149539325356,0.025657190256761293
0,0.23207095035207623,0.02697365359503838
0,0.012058752556371986,0.05273852345489253
0,0.034967565031586795,0.029810869367374142
0,0.00015661245760767095,0.002122299063879773
0,0.03452927223119252,0.009430966088122368
0,0.04438230616859248,0.02330800985080355
0,0.032699114917418844,0.15184635459485835
0,0.04300110980834066,0.033273734794748745
0,0.05655013575098786,0.45402055440764755
0,0.02976618074016308,0.023331451155596112
0,0.02263086626028044,0.0071919419325808635
0,0.01439999184086893,0.10591607797268689
0,0.015032388607120492,0.11252285907199784
0,0.059154016310346544,0.01937955508191223
0,0.03858648834723658,0.026747500253537296
0,0.01604272028236919,0.016077309912304105
0,0.021642770425659433,0.03873053407167693
0,0.0021162121561405906,0.13542338519920724
0,0.05207750031276712,0.061073265339163366
0,0.009208987839530558,0.02411482529150478
0,0.04239796320776695,0.010014381947307402
0,0.09531515731364404,0.08694377922237011
0,0.017764157042286736,0.007851785519938233
0,0.00013813339181678786,0.013983071983673637
0,0.012751820448569186,0.07835046170405927
0,0.026445366096100348,0.013621259508428242
0,0.10289773966612317,0.007880039825313608
0,0.01879052910972552,0.027027839339635002
0,0.19766027253617027,0.006697335101604488
0,0.14540212350714316,0.0048567854404316735
0,0.01037169111841953,0.027689968373737595
0,0.027180205925561193,0.14255984000867905
0,0.01443335141490147,0.01517493906662236
0,0.02796801387736734,0.12179964851006979
0,0.012882131990512295,0.014490696968770334
0,0.879704334013231,0.41327896271201425
0,0.5386057349819555,0.12603026760452785
0,0.17814114331262804,0.03304248377265664
0,0.042463947420138766,0.010933313999151926
0,0.9704972788145526,0.6700267261970014
0,0.16838526692921246,0.03624934820734272
0,5.9667123648144664e-05,0.04097851224623047
0,0.14172402747853688,0.010401500710887916
0,0.1939345342037308,0.08510773575064574
0,0.03392415920740342,0.036546092645373604
0,0.05313234646636814,0.22918075146780167
0,0.04477865197925608,0.013022283398207268
0,0.015155123713407768,0.023177532648820467
0,0.0839949482215306,0.03439930378415484
0,0.1668096719298424,0.0759286741082325
0,0.9672050565476724,0.054351670645196644
0,0.023651087933491872,0.022535362496892572
0,0.03350888825118373,0.04540247459147989
0,0.18389121890964272,0.0460161356471024
0,0.010700104836392338,0.04593617603132691
0,0.003917641849309018,0.0054976865639541125
0,0.01418753143223441,0.04799603559218125
0,0.015199443919379788,0.011143169265952402
0,0.014255411992620672,0.02231724594934912
0,0.009478758715043244,0.02798663828752756
1,0.9706018010935621,0.9997734260800326
0,0.2881184751696168,0.02185091812942275
0,0.008765000137545954,0.01730947635031684
0,0.9598789893332003,0.2385397030552594
0,7.610898765250972e-13,0.007159626358766946
0,0.4666037001182559,0.06883339845922339
0,0.04252099634943196,0.03331904766728053
0,0.10940009810845139,0.09287378789919265
0,0.15412623182456797,0.03548371140678299
0,0.02521384439613995,0.019927320893471257
0,0.04537014803581933,0.011036532552154261
0,0.05219246446408002,0.029571576293201902
0,0.21178435765001763,0.04913820336631452
0,0.0026773231387631573,0.025784552306850714
0,0.04833618939533346,0.05644922448389128
0,0.03957328917504331,0.011370636498455993
0,0.03162924345225775,0.021948162901857422
0,0.04415461531356752,0.0568933534698242
0,0.12262935946496605,0.020949569683648122
0,0.18136150947192398,0.018604047393780992
0,0.008353246862145149,0.025235822330252275
0,0.10677193814479136,0.026840080342638684
0,0.10608424404200165,0.025418829481375787
0,0.6307936947044875,0.09877914599630082
0,0.07374695314857187,0.11812980522448918
0,0.10663071729893453,0.01058957792880278
0,0.017510139499673998,0.010430615733159081
0,0.1262471364591591,0.13924215071285337
0,0.07274207514401135,0.028138823611056626
0,0.0665316972312907,0.0126633735822183
1,1.0,0.9998354407768599
0,0.0015114411001920715,0.0031604895903668082
0,0.08689838296085317,0.579602186195668
0,0.009432042896071198,0.02989073421833979
0,0.009420027800633064,0.02730003163462087
0,0.026396406217169665,0.07337602409526858
0,0.03410761303078258,0.005515062670185662
0,0.04274705945849953,0.06483576778845525
0,0.019029407394365427,0.02314352983883472
0,0.10892083668392144,0.02651739166211001
0,0.0031413944459425273,0.032507320804640964
0,0.0243773643502768,0.022060091790660336
0,0.021372319989506748,0.014269374647459124
0,0.047168790582707364,0.0124436509711734
0,0.0021155607446250967,0.0714417003830251
0,0.01854684471746097,0.00490017134448739
0,0.1263565508279073,0.00902298493950842
0,0.0122018475553883,0.014526908592517093
0,0.026535682377949576,0.017045682953610527
0,0.08079595662433874,0.015220390690254786
0,0.4753501962764251,0.14799972718887647
0,0.9263565424956784,0.26986133407150453
0,0.0524216659461481,0.012669269536683531
0,0.07363593665368955,0.01701809288948282
0,0.04858653718432738,0.0467775561913571
0,0.016396026188877866,0.059658529166791395
0,0.006074990961592809,0.019499509451102258
0,0.012234612310289113,0.0029244804134984773
0,0.14889418090520268,0.02279937130145359
0,0.027042704347533454,0.030626225823861247
0,0.09473515210635548,0.006698044246383588
0,0.46757842647532255,0.21298666510318728
0,0.043789373509791264,0.02771896732925322
0,0.14323076012334288,0.022993359124026714
0,0.06765933180807558,0.0516109946638212
1,1.0,0.9999158937667492
0,0.016466656184562146,0.013048155061459408
0,0.07505999214842297,0.014744568718851133
0,4.51929887408302e-05,0.01557763269364575
0,0.07350991872818186,0.1487024550764165
0,0.056814613347369515,0.011897163602451296
0,0.01692402863342213,0.02085605056275633
0,0.003955526901078765,0.0029142515277988798
0,0.04051091652366733,0.04206660574463683
0,0.028258726991428836,0.01779186234465361
0,0.0003072320345136082,0.00942781034488402
0,0.10833563314245613,0.35546416936748854
1,0.9999882132828916,0.36922889820219557
0,0.06845932976378656,0.014052682029136032
0,0.02080965125081109,0.021535389656661047
0,0.015231783596899254,0.03698976672701157
0,0.033019146441435485,0.0947261013088384
0,0.06158150115841262,0.013496891680773225
0,0.006258654794504132,0.06835062478177545
0,0.017066283123680328,0.01963266247539416
0,0.041833465089395866,0.02975470190640083
0,0.04704721537084927,0.05788917758848359
0,0.06971848140286638,0.00392470450628243
0,0.07825594683904746,0.07822782759993581
0,0.024722148574334905,0.06883651156989683
0,0.19993770042988185,0.10395241229332926
0,0.015756616940344744,0.020547711104789798
0,0.0776031461131071,0.03152345771221747
0,0.4605343718091995,0.42442869695720625
0,0.02046398364325163,0.01082357806337483
0,0.00012351143043431154,0.3917829263448558
0,0.0038425372036063146,0.020756440513082747
0,0.018119709049617596,0.016266078042213247
0,0.04038310035297857,0.012656344602176784
0,0.03997796085492171,0.01631001350476824
0,0.3165181788965058,0.10793505069952034
0,0.0006848364069523622,0.034936281750034374
0,0.009519326829445413,0.17225803106390766
0,0.09631300187629005,0.03556494135617798
0,0.0037920299815839844,0.028423761089640006
0,0.028760658565352686,0.005464093894399455
0,0.031100994192440966,0.0947755086308409
0,0.0806066051848694,0.015022371983396844
0,0.0001303275615651115,0.05964274518197694
0,0.09844950641469459,0.013663117604931956
0,0.03380105756837189,0.016052452007122138
0,0.0021422231984935414,0.008177614376352628
0,0.01737503651659301,0.0050244570686537775
0,0.03293997161918048,0.01452040109958711
0,0.019303088326787548,0.018617201364714724
0,0.006850388339384499,0.09169885082700747
0,0.13219359314316964,0.14565253198840789
0,0.08924349528135304,0.0664109987892399
0,0.1260259231282275,0.02333876921716853
0,0.03556982147712845,0.049754313941556084
0,0.10160112963509313,0.037086893293766444
0,0.11237179874277929,0.04888222529424062
0,0.04079190382855139,0.06173279978753672
0,0.02898874351178807,0.013135073266395621
0,0.008426405728123742,0.02370581993888689
0,0.05777824723630884,0.03567269244173774
0,0.019473415850839608,0.009430215372426784
0,0.16304026259450827,0.2404040737043131
0,0.047100227638157306,0.017396970578775102
0,0.23985168801967546,0.10302450047505601
0,0.02570420755824256,0.008725866268548538
0,0.01323275046351387,0.019760185342216914
0,0.9108447935104701,0.04348306906293014
0,0.022570982962443288,0.011560288695233078
0,0.0796286408255059,0.006137534427657861
0,0.016708003505823854,0.08255735383280853
0,0.0024722914556176475,0.06315447733967168
0,0.7141537969844522,0.5525919504714781
0,0.15249404350586152,0.04637368950899682
0,0.00268755156288509,0.024911594822032535
0,0.14073374798620478,0.018851371477334664
0,0.018709179680642327,0.018301464170159116
0,0.02707643744086068,0.01098171470616438
0,0.00797376608317091,0.11878493219135636
0,0.030627823505016652,0.04727089251008349
0,0.0414227954796549,0.013756563104321348
0,0.0011882955045048101,0.028736319377461496
0,0.5050173225996454,0.26364540386984825
0,0.46871270729977166,0.3342231053500155
0,0.006673064805701167,0.09926677321538568
0,0.00864755760579692,0.021906761908826816
0,0.1232570904423189,0.15323478460169754
0,0.007791618118401732,0.027279109782531247
0,0.08225953088456178,0.018206317489462224
0,0.039704665148323826,0.0400325849821071
0,0.006483676036704026,0.06984549360127867
0,0.05893642503091196,0.043570426070001105
0,1.3198273828608039e-05,0.011768857576411355
0,0.2018681283928632,0.07953267811521929
0,0.2278163649404422,0.09407974811652209
0,0.042313187146929276,0.07859412868846065
0,0.01449494124632924,0.021780605346297666
0,0.4981096886298269,0.43201471337228464
0,0.5150916772635907,0.021201066400056215
0,0.16577470757134294,0.2858230487772042
0,0.002309332494281302,0.011276207606207504
0,0.05605935995967421,0.005968785525128209
0,0.00327404282193737,0.007300969354407937
0,0.018591737557312006,0.026871550751387585
0,0.0667348642634924,0.017288973387590608
0,0.07000401980114702,0.017212539470685056
0,0.05919736756362172,0.01494355726809586
0,0.011497262509200601,0.039501637084351025
0,0.025787013170705322,0.01868721150385977
0,0.0105483310752542,0.01845262974349757
0,0.06100730394352687,0.15886550383303244
0,0.02914767935264307,0.03149024974116837
0,0.00128283045120845,0.04461274518732059
0,0.02067578085716719,0.020115615572651006
0,0.0002720336634166747,0.06198741227813909
0,0.14570201266884172,0.01645803776000847
0,0.010165010742463228,0.03590133413362048
0,0.38820329153287647,0.31300018292936044
0,0.019336178636340674,0.006695785778967774
0,0.14763093275474268,0.01975232750161202
0,0.19574472400693604,0.05183526389570688
0,0.04037268806416259,0.05159982306336859
0,0.011024566579810515,0.06815460515058581
0,0.0019063336037422362,0.03554764820232468
0,0.00577551937486706,0.010920967458519504
0,0.7508122391872621,0.2007565454042622
0,1.8104034444495569e-06,0.03425159447409208
0,0.003276159038199499,0.027706817321833
0,0.04429159308307445,0.022948765105597166
0,0.01673255964025167,0.06882203993382222
0,0.6802867279035792,0.18855383289320451
0,0.0005805274681231343,0.007625214844405214
0,0.10087548359954915,0.027054364483278255
0,0.010641195175474395,0.0017703230518617496
0,0.041536833152056446,0.021147177374092864
0,0.019178532606904605,0.011968884063968763
0,0.03834123718520346,0.011460462980444468
0,0.030795827588417098,0.027792657249146722
0,0.002230836136132204,0.05436242677210528
0,0.007533502246343379,0.10259637832836677
0,0.13271259506753028,0.16447008250827172
0,0.01782639437900974,0.015862234267164873
0,0.005944537313080807,0.03655271701187874
0,0.10268518164796928,0.17464095019468892
0,0.17373553793881877,0.032624388503950046
1,0.999999999999986,0.9907365466495455
0,0.06253998582163128,0.004923807887938462
0,0.0013761309374860171,0.01494962308106352
0,0.1324348019199579,0.02066587447744946
0,0.0008527810358146717,0.0862017056425601
0,0.02339342529418993,0.007277903285207462
0,0.34530953407570525,0.14402547267410656
0,0.0409339874818063,0.015417983033283922
0,0.01714840957278786,0.017805224492217765
0,0.013592420088612368,0.030381421417611517
0,0.05515945707481391,0.006611658456328345
0,0.15374135241194056,0.03219038268663994
0,0.1385967297085853,0.02171815450327885
0,0.3994308820789455,0.027565893716481764
0,0.11997770422341499,0.03332509031202395
0,0.00023080032286304733,0.02326746345828037
0,0.03773355416694006,0.02004542480637865
0,0.00705871412110134,0.012660115821859259
0,0.011188954936829148,0.043213300048619854
0,0.17373340460774192,0.35315198921791435
0,0.07159932997247175,0.03817789140602772
0,0.007064151411695102,0.028747260587820404
0,0.007788726452737017,0.03981551136279535
0,0.010260453582831461,0.0022496699647755075
0,0.01455492949609073,0.0882161361466987
0,0.026823095006888585,0.007058650227135356
0,0.03591768941636835,0.021015202439394743
0,0.05630687565366516,0.0668043718356001
0,0.004706349594436088,0.009197968619392887
0,0.12102347180839892,0.03341599574819274
0,0.08720463340778184,0.011949355902206053
0,0.24873429235135394,0.14932299689355408
0,0.03865872373364885,0.01868295938750992
0,0.01100340793181958,0.04374506630733876
0,0.04462259400634276,0.004580501093650148
0,0.01847591292932915,0.021848586955904727
0,0.040154734138615304,0.053865699602629595
0,0.8677316501404307,0.1412098195276211
0,0.028897554923041,0.039071076053864534
0,0.9348977258160922,0.270357397441553
0,0.25912666552225105,0.05586874135965158
0,0.007576909806683748,0.007013888908569312
0,0.019475237812321095,0.03416155243151085
0,0.00044786148835444204,0.025807482432224933
0,0.018567351535142655,0.010851695789356838
0,0.02541049941889118,0.04371830908876737
0,0.03036107663967602,0.03407401049431059
0,0.04757296759938237,0.005183785804821849
0,0.3105019642411474,0.11955154803909471
0,0.011042702936494037,0.11096447257820945
0,8.567795522422123e-05,0.004693990284956091
0,0.005331366262419573,0.006750625329713185
0,0.0003000289138476783,0.005497162997235062
0,0.1112341126522759,0.2227369929268212
0,0.003878763995001353,0.011458239016431438
0,0.04829919122307578,0.06046829092533426
1,0.9999999999995579,0.9998107285145633
0,0.2792371554150655,0.13243830200747445
0,0.08825296098474478,0.011288761081893457
0,0.042349974061776055,0.01486671745315515
0,0.17241999049713047,0.06560810310724596
0,0.011470631988820605,0.017908825365556724
0,0.0001352779092033248,0.06930477435439478
0,0.009256528181782324,0.021635492516411243
0,0.0029938760913410297,0.029659033195778044
0,0.02957227340837431,0.016897396830895035
0,0.00067700099073719,0.012541993721280818
0,0.20550587694257177,0.017973284867116125
0,0.021118351937211257,0.00420991276985383
0,0.01783409100955897,0.013391074302872324
0,0.1494570816873934,0.0186806110622727
0,0.14215991145692092,0.08923125182803664
0,0.019736489141206022,0.02650055962303202
0,0.06202183816094269,0.01612037149623674
0,0.03608852493747499,0.023673595154048186
0,0.0004739844817154806,0.00817935579466376
0,0.0018460960056048245,0.007693035147579266
0,0.24600669336228265,0.046260611226827314
0,0.06916235590904772,0.05163373266895493
0,0.012840964289162317,0.02935641748804256
0,0.02038786481325285,0.05901724809510202
0,0.002827395188343564,0.02749802898115373
0,0.00011520095763613777,0.02214430834084468
0,0.0680222750109468,0.018337819223245237
0,0.031189332139141903,0.050803987638088854
0,0.002421176002379592,0.036842651118070384
0,0.3164369988149004,0.03380956410587707
0,0.020558165027366727,0.007566125341792439
0,0.0028892802773391457,0.022946321321781732
0,0.11996485041037981,0.02632403576759565
0,0.0048883386526428416,0.016071815505896692
0,0.00618744543299854,0.06682162524599378
0,1.853448235802111e-05,0.012008379384405413
0,0.1438668713866473,0.015935635517260162
0,0.06474597252263158,0.026878761878724754
0,0.22092044390877194,0.035568469071504356
0,0.023368721652579822,0.008437244225554941
0,0.10869463974120626,0.04213566765501631
0,0.019204067837664526,0.013508217906353516
0,0.46856105833928663,0.14745658160376013
0,0.047071506230498446,0.03306812705911112
0,0.009115395451646753,0.04395509262059352
0,0.33462123771122526,0.05088370262731213
0,0.018454023084754814,0.13258760058253322
0,0.999598035762224,0.02364742319021601
0,0.10933126698787768,0.06934936004750546
0,0.018747388446659168,0.10598283916861398
0,0.012086741446613002,0.004474494922231731
0,0.10193718976673201,0.01387116985433767
0,0.005440936772506304,0.05443136237175958
0,0.22135479599955524,0.1891562464091261
0,0.0018488007572482782,0.017350994069063205
0,0.11257184386985075,0.037473769096509124
0,0.007965476327541157,0.013413618557205966
0,0.010459108891559772,0.017160697310589723
0,0.01631442603062046,0.014211290381292147
0,0.004864333242697117,0.07589985981581779
0,0.08269397152889252,0.06734444936476926
0,0.2879212380166519,0.08825982566053484
0,0.0056199258142586314,0.005339637621212616
0,0.8837367611768944,0.19472718560881944
0,0.5027836702787296,0.03491385744549168
0,0.021799786699124954,0.23705925927344434
0,0.07268544092523956,0.02991260627442241
0,0.03887491918307202,0.016491473886096304
0,0.0061962519918853575,0.06574278171341966
0,0.03679719239608005,0.03449404024310098
0,0.044589812297431856,0.09709591280046805
0,0.056681491335933,0.04985846193519272
0,0.09961415580365382,0.023522615844979923
0,0.23437251108685644,0.041303036003123114
0,0.2576637606896,0.4423749733176696
0,0.15312527293965134,0.025569167816698296
0,0.012754867340005051,0.014685876481508507
0,0.019277118885205162,0.001807822725690469
0,0.013103687046575578,0.025039307100043075
0,0.01460974802034737,0.021248371388936267
0,0.08339733069339957,0.0543065205763681
0,0.3742112103977866,0.3625000387078891
0,0.007607140393696476,0.025083403657551927
0,0.012639838813586187,0.005507442725708977
0,0.08279489035884467,0.04300394243087809
0,0.2546107590773654,0.17797439004824697
0,0.19480545935571933,0.12326730499383783
0,0.0013463274614260205,0.031811772460195155
0,0.02030374828418322,0.011526685897815032
0,0.045471788826581476,0.03685083102728768
0,0.0006825868390161551,0.010853493034528334
0,0.02193159191659066,0.07649782512265382
0,5.238620468457955e-08,0.006261142905639114
0,0.049007791932579245,0.0131142335773275
0,0.014255737054868227,0.301761944788966
0,0.0010191917497950882,0.005316533740932074
0,0.194245920787162,0.20750996244783382
0,0.0002628318631062534,0.0885008558969309
1,0.9999999986966122,0.9952923515235232
0,0.12914352621499647,0.026578559813763853
0,0.10470953029667016,0.30183473703665087
0,0.01978387913202145,0.027009789740884995
0,0.19151464831103374,0.39109977639875937
0,0.004244843439687618,0.0342657440309911
0,0.027299282131466672,0.01944149313496758
0,0.09477229348214443,0.10245384143760783
0,0.021421372276991937,0.01961362611499385
0,1.5195197573177464e-06,0.006726081769064883
0,0.013371429558422849,0.012116054353721002
0,0.00019102602849855783,0.009494283103904131
0,0.010367907157024845,0.012666791963476172
0,0.0008050344356638295,0.06776076708163406
0,0.013458346149449598,0.04845394596802048
0,0.00013431132615591062,0.004454291378914526
0,0.015055256173142352,0.04177134279280121
0,0.005797743136941853,0.06182193337587048
0,0.02295349154393537,0.004491430129280085
0,0.03257198147096003,0.010038026186939613
0,0.16526155454625724,0.12153065388806121
0,0.018047903890131996,0.01785740188805062
0,0.06755087524126696,0.029682876423909554
0,0.00031447187984687735,0.03910336713633469
0,0.07799928545838222,0.04841865823938415
0,0.01789764324481119,0.00773397487758085
0,0.05914564055019274,0.13072362720967123
0,0.009664311384577887,0.034461359077171384
0,0.2395846361664792,0.05404188778155545
0,0.03010842336142245,0.06371356182513144
0,0.1546137324989477,0.0179530525390752
0,0.01018350580971834,0.00476053476539894
0,0.03030537314332132,0.018822574263541322
0,0.012821201621423011,0.028501906906239854
0,0.05961818776472945,0.049909661617417674
0,0.007623881107832775,0.007310208701994056
0,0.10603535203565012,0.034269604577783164
0,0.028660435416569496,0.024813073191951737
0,0.06991559943664022,0.01700212108443377
0,0.43846379749707454,0.005091672962551266
0,0.013673918522969184,0.0777334747440259
0,0.020201572789618108,0.018831698869325127
0,0.0134187515822092,0.048070091117889464
0,0.0021496067432813432,0.020613227217260145
0,0.0636777608564649,0.043007370093500676
0,0.006578948956167934,0.03318100650101981
0,0.08416615472927352,0.0650485034217331
0,0.41537705114147994,0.31983234749455497
0,0.04958339422123177,0.028097944127825156
0,0.7218378575058837,0.17620235197908515
0,6.004526385689569e-08,0.0582045339618861
0,0.011235392872529964,0.017191239132166535
0,0.035978159461407665,0.012891397374980806
0,0.01892607958904898,0.013176286395230578
0,0.07807080845067677,0.022265911681546464
0,0.007509179508880058,0.006712849892006167
0,0.039062269287678066,0.02608916118851758
0,0.008412521713371219,0.011892620990588486
0,0.0003551798643182406,0.006664002369396638
0,0.19860021891134227,0.31503131712690424
0,0.04863054618766835,0.038928631980330225
0,0.07535182930435431,0.009401150281198202
0,0.021475691567513288,0.013861137780587129
0,0.10840951304835841,0.031586387314704915
0,0.00783492951943758,0.18558671764573698
0,0.09331485734698296,0.050804208101845036
0,0.0379584346052469,0.01261906081329702
0,0.06031433851687217,0.04185853060927791
0,0.07814050730784904,0.1742569289692382
0,0.004630052367036752,0.05202873688658563
0,0.010030028930425592,0.05510963810268906
0,0.016370709541565186,0.015527357402506521
0,0.030454915612354486,0.007612434887452588
0,0.10586061933276329,0.013971144136148396
0,0.027720219272972586,0.009447680905454307
0,0.081499288956743,0.09174882227072528
0,0.04815097747217105,0.011858768847048872
0,0.008138910878153625,0.06463756658257493
0,0.017732757070495136,0.05348498235684002
0,0.20849586786075128,0.06675907806907219
0,0.011172659400788583,0.01223861793974721
0,0.01627429056668052,0.06926041296726419
0,0.007088332133603684,0.03839885166708942
0,0.010746586850823898,0.10408217165718303
0,0.01813797901655847,0.10681194212210085
0,0.007405720933773097,0.017158545076001407
0,0.007238629956355709,0.044116107628596406
0,0.045799405633681047,0.025706537272075287
0,0.1235699784880277,0.03640204051964531
0,0.017625477323454226,0.007946639157967523
0,1.4821142370178859e-05,0.028562073166809438
0,0.04881589393357045,0.005505217011756066
0,4.566565593397851e-05,0.003853706610843216
0,0.04961548864801374,0.12851912191170348
0,0.06022687917085647,0.023552178923523605
0,0.04222740660444327,0.030489346086200526
0,0.18680093600127837,0.025332771207713944
0,0.04057133556192323,0.0759939123014057
0,0.04220202630394865,0.02337907784665504
0,0.02954049761129891,0.10108562936989654
0,0.051577189161137425,0.08501053051455237
0,0.0003742580993832285,0.024262950116291156
0,0.12897606902440448,0.03658832101994418
0,0.11499500744112517,0.02388315128922232
0,0.1415874953002306,0.019139958701116927
0,0.07058425270392762,0.08966035590155773
0,0.02805430120119397,0.05564132581775562
0,0.01553263454774541,0.015429345218611636
0,2.0407619202671945e-05,0.011140397664200562
0,0.0044613053941730246,0.02282645539560693
0,0.01979382039427504,0.04023445443685972
0,0.010196480512651767,0.012870278091702037
0,0.05554003801227333,0.024553258295421255
0,0.0010604376699099845,0.005816730248087625
0,0.17353842409413167,0.24503942595683106
0,0.04607303658500044,0.04376269302074714
1,0.9999991060937069,0.868276366771504
0,0.06741337963740084,0.03557549718014319
0,0.024011440006043015,0.019410730154723072
0,0.007118936799667491,0.05059542561570168
1,1.0,0.9998585145629821
0,0.04350884512249626,0.035659173598305165
0,0.0003207938594383655,0.0382401350356507
0,0.05655493480851128,0.029806536774808698
0,0.022292319914444948,0.009448351576801222
0,0.0001177307636934491,0.010033451021075033
0,0.017786807839571435,0.025953045358743095
0,0.03245247383531423,0.02456339032748819
0,0.015412296233511424,0.00920271604707741
0,0.014388355571426573,0.012143364378940733
0,0.015723613749436875,0.00920495998943069
0,0.03948191895194341,0.06620919635047082
0,0.029747170887988447,0.01590696416428858
0,0.03563206609050025,0.019442290543167477
0,0.02950434814057507,0.03187485483219348
0,0.12175523369221711,0.2175376200576536
0,0.04023665414456867,0.048452490517399104
0,0.19158156802738047,0.48428170724828445
0,0.041016024186386765,0.003007196924616069
0,0.008068515170320135,0.02797866555099349
0,0.022309627024706444,0.015971275253000426
0,0.03495830998159615,0.03375243555589608
0,0.018042406482957886,0.006733383971693035
0,0.0001643579580346758,0.02041902692004356
0,0.036480409221136406,0.018636157267403298
0,0.04991349056126627,0.0114199504635769
0,0.02867225485264777,0.02713421064232701
0,0.12194332767840568,0.028942789497483815
0,0.020923104909363315,0.04125077880276525
0,0.056800440641610085,0.018025336581405507
0,0.005505867097838814,0.053721612060239655
0,0.036671898239754086,0.013984696438083637
0,0.0007403576748107691,0.005494433009086479
0,0.0033955143073820075,0.030642584475334064
0,0.07990398879291269,0.10389022589433701
0,0.0018918001854710293,0.022876137109401163
0,0.010803045145000951,0.05830703834279359
0,0.4318607485035734,0.1778141014309741
0,0.012507220016365745,0.03484661362285477
0,0.05033492988554956,0.12919003008553098
0,0.2991877382493308,0.14037328221231493
0,0.07195806888406447,0.06403946919781761
0,0.3195643719818507,0.15302515196592584
0,0.07800594746774944,0.22183146279389032
0,0.032065274105517586,0.014355341107318108
0,0.002842721158754253,0.08986063517641033
0,0.030584690023813182,0.013646191817819038
0,0.026350405267854215,0.02024136360501733
0,0.04473707707000791,0.013138986461520964
0,0.006410979913553964,0.004815671054293006
0,0.008379826492770711,0.09607982070489758
0,0.0036710855887929898,0.005097170562710777
0,0.0050069418288906965,0.03742530710836949
0,0.0032713020796964263,0.010148904961712165
0,0.0021780462223649766,0.03935522543265101
0,0.0020786780651938334,0.004908943508694758
0,0.1733486575451213,0.14922134492408637
0,0.003235060489351611,0.025571625472064815
0,0.01121292771984998,0.02760838387165377
0,0.023392839971752687,0.0498210912940253
0,0.02022228122659416,0.01269998679743459
0,0.011989172679761418,0.03154103433479762
0,0.056703979086141554,0.013562623112289196
0,0.02707079494036751,0.010044532243813062
0,0.04505192238374188,0.13207774963606905
0,0.10951606271756578,0.11878241533287837
0,0.05181594019121217,0.10893431022381864
0,0.06236486727250802,0.04308980565796337
0,0.3262553524020475,0.2917472530189438
0,0.036494787835680824,0.07099730455736745
0,0.00031208534861784946,0.030558858815725943
0,0.015942867351409002,0.016016342986294126
0,0.0372217370748853,0.006085166298135286
0,0.03349382600049305,0.01312171335787492
0,0.10350530748210417,0.3010108621530791
0,0.012755598916648545,0.012375558364598874
0,0.012781221436579051,0.030904874240584787
0,0.004334213656524236,0.013575454691355576
0,0.02414275639648253,0.040279258564631305
0,0.03177027161990018,0.029425040575022713
0,0.7984468781745855,0.13399279113878426
0,0.05535643413002795,0.014830234363080059
0,0.13328170991946653,0.14378476637181364
0,0.30722199403644984,0.050016873415822026
0,0.017296147527861013,0.009881731498441773
0,0.042700022428783076,0.012998398554977498
0,0.3993031275921989,0.11664463349813858
0,0.3416659908444912,0.025648335183452775
0,0.11580130515790597,0.04169915055344392
0,0.20887504677440372,0.04064359845173636
0,0.013776183113147267,0.014087480710875276
0,0.20924294037275573,0.09755701042017162
0,0.02983908552717743,0.010097379669579461
0,0.062209894732991135,0.014717086965995663
0,0.345372083606302,0.15046013447390835
0,0.00016718874573885313,0.07819963365410833
0,1.0,0.8690778073961047
0,0.003039340923989615,0.0031272821608254947
0,0.05518801640311277,0.14076009853029486
0,0.01133300644483459,0.13133631934983897
0,0.0509249194739547,0.036839465837259
0,0.039775762442932905,0.01700603442789565
0,0.041157533395162996,0.03441749592362817
0,0.13409375799553078,0.009698876308196247
0,3.590496372257689e-07,0.015531452410712843
0,0.0007324911883112065,0.02187237266493318
0,0.016874991028246928,0.01436029124425493
1,0.9999999999999984,0.9996960298722458
0,0.008118202049977407,0.01899239730770035
0,0.03165222246646324,0.016670626831554694
0,0.0003651207410308442,0.013516119878195385
0,0.003874262372163408,0.0174985314768929
0,0.015824434012793043,0.012476543622944392
0,0.03511142001611726,0.009350492146384103
0,0.10224906305542594,0.03500825997841212
0,0.4475697527527824,0.07585930211312279
0,0.015663236477118828,0.010437084621727313
0,0.016742765381474484,0.01853315693969491
0,0.018546984425347687,0.029697665777801623
0,0.11470772926848988,0.11550784805192028
0,0.014332128479540051,0.016974623067682038
0,0.08337669730836234,0.03602105045022443
0,0.010123398232233738,0.020132971425466818
0,0.0490225484903854,0.01984904212335541
0,0.008685894949437667,0.021673372899532282
0,0.0796709814608146,0.029881549248062567
0,0.04569884278782063,0.03680275371397303
0,0.002853060459073461,0.002094890146121457
0,0.11769862205364073,0.032527776480183075
0,0.054113607334273214,0.14571570680539186
0,0.022939888772555928,0.020066973990405326
0,0.014450627612624724,0.06552304736779521
0,0.059282039857109926,0.07208181747965249
0,0.06670439280052427,0.021871102759132902
0,0.07231789471455294,0.01391566766602008
0,0.07654325741461099,0.08599525750765163
0,0.14085833895001862,0.03434960525780828
0,0.13104975061744342,0.06841408645193325
0,0.042675394923738896,0.006041627409631657
0,0.008330965846412026,0.027452234909285115
0,0.05599787442366869,0.019641432021035205
0,0.07501593944770563,0.3199324504590855
0,0.03000112463700548,0.03150240463485218
0,0.037019783994205205,0.02213370655970724
0,0.06334887986340886,0.03745045668234752
0,0.05136835231767487,0.016551870313284478
0,0.04549771694037153,0.060566682569268046
0,0.32516787622816373,0.03771736953448626
0,0.025385158902473247,0.1694701125615973
0,0.06007418995293281,0.07272050486555309
0,0.055826114944836705,0.01119069052507306
0,0.009600615877803245,0.03109703522935966
0,0.13359173549835357,0.007309235737686764
0,0.005384315333166798,0.00692858623489187
0,0.10994247693439946,0.055905351925010366
0,0.03614395921057099,0.05253260720753581
0,0.01913480094445425,0.023394864548710627
0,0.15328439024820392,0.04492982258345119
0,0.01406654976954499,0.003259453714978661
0,0.009036477807546918,0.03645352423331148
0,0.050312996101677714,0.06819725177178236
0,0.00210524857328971,0.05605254015259683
0,0.0007447451561682278,0.03497655864295977
0,0.9419359947104126,0.22067469826591407
0,0.016802307495956088,0.035449603021485504
0,0.13594860113220364,0.04749667289817539
0,0.03489339639546643,0.006472712300520785
0,0.07223414705897711,0.08321923891025791
0,0.03729972206505653,0.008572729191389692
0,0.0033452435818841133,0.010210091443494981
0,0.013604101756001826,0.052918451627816866
0,0.0535933939369607,0.01634347491935856
1,0.9999999997506415,0.9997848477583768
1,0.9999999999999991,0.9999040057593882
0,0.013738374684687154,0.01156061102921232
0,0.1096722218031488,0.04394357072668587
0,0.14325023579766372,0.017999159813481398
0,0.05804210992126497,0.06333858537267421
0,0.013427884148536262,0.012781198623352624
0,0.24292819384046102,0.05975198587502856
0,0.014907740634547756,0.06889664262971784
0,0.002544737147008262,0.012897393508449624
0,0.018864550230967923,0.011377217567864875
0,0.36665866841231204,0.043513835540758945
0,0.030710317599579515,0.09153180725355405
0,0.10047687878726344,0.019248040773285742
0,0.1259044389132611,0.024698153314152302
0,0.13646114134918202,0.028757731133449996
0,0.0353356350228131,0.01869581171624079
0,0.006151927358082733,0.0928543284549301
0,0.010003193796197973,0.05305015184865705
0,0.01904487326518771,0.04344741010846252
0,0.01401208672246124,0.014032074716506927
0,0.025954623421419118,0.053054848916597765
0,0.11332471133955335,0.06342366128102866
0,0.004944711579802188,0.047366223116101495
0,6.378368765979268e-12,0.0217902115694527
0,0.1683298546617247,0.10256398139859979
0,0.020246627231238226,0.01950983672744652
0,0.03213325786942359,0.0730493681922182
0,0.03577862297742948,0.13798853195696584
0,0.004143747246027899,0.014537730101044343
0,0.01234648786045119,0.01612895025942059
0,0.0032578437622681074,0.019026051077459052
0,0.01338767618968057,0.052855214798733355
0,0.016231029094338243,0.012454619237294873
0,0.025957419944956824,0.015354367571881156
0,0.15635308393769706,0.28985361136202703
0,0.0243760749439418,0.05028377366308484
0,0.020595837253843095,0.007298856117550661
0,6.34976923980861e-08,0.00831255946450511
0,0.013266263010794217,0.008675065107179537
0,0.06055273201094143,0.05014014985926423
0,0.043105041032439284,0.013079836211845948
0,0.06902446674767357,0.08411177229814833
0,0.03170358538002115,0.010290017070982696
0,0.021751303853032814,0.0048273619280706625
0,0.018487056429251424,0.00414511469212708
0,0.05480144523786894,0.048065234546131125
0,0.026405254430901214,0.021491429175790378
0,0.014497805505633015,0.0065825533952752376
0,0.1718754858391204,0.12470569575562818
0,0.05582306420933208,0.08654077236263263
0,0.02312176032058416,0.011417220146995458
0,0.0806339798747102,0.1871233589846787
0,0.2417368855825441,0.03488274344325311
0,0.08279071706975866,0.023519286889517058
0,0.19339562336672153,0.07566500112069241
0,0.28782027028660095,0.03445692139653213
0,0.273544744909518,0.03357119450233097
0,0.010259630858275323,0.005396918969305234
0,0.019022832720686347,0.023199948368175516
0,0.01317810510762707,0.07891940843209515
0,0.009317429233172912,0.04129629349784299
0,0.07330362694778889,0.0100062332360992
0,0.0007235916532161473,0.1071919351369016
0,0.05326534020655995,0.02471423870960796
0,0.029694875086576967,0.022607594435245244
0,0.04680587140502408,0.01116212817645373
0,0.03547623115253455,0.023311350893604983
0,0.01253205859605055,0.0277447242662962
0,0.0196487823666287,0.016268769495626865
0,0.011000066817423543,0.012169565788414346
0,0.0031636870000805914,0.03404987051601341
0,0.003172067230811831,0.03404987051601341
0,0.0016540969402338535,0.08017017805010208
0,0.6621474232105515,0.1324431034440983
0,0.0022696742462646516,0.015502881154744986
0,0.04007383386616793,0.0311558842142118
0,0.02034778379297934,0.07171786277636973
0,0.10161000692258153,0.0449274968595796
0,0.03889931375570439,0.012596110463203974
0,0.5001257124039573,0.03832913558081122
0,0.19737938003901603,0.019004777855004693
0,0.019807589540318388,0.01827036076517371
0,0.04025986078071802,0.011633220085670954
0,0.037502815102522694,0.08758713269661333
0,0.18943906510094566,0.20357432577713125
0,0.09026259831700115,0.00890728974947119
0,0.07166061770171898,0.06940354131623777
0,0.2166014164425986,0.025547566826620845
0,0.06601597716039648,0.04699035183185408
0,0.010462471397825478,0.012866663463212453
0,0.029780524505393778,0.047199323887339585
0,0.0110591506628766,0.005334663827485684
0,0.6089725738575732,0.4273941545023277
0,0.09800937829803844,0.024395131868823573
0,0.041856807317655974,0.03161050338463094
0,0.022814260506771225,0.025666184046692513
0,0.00517084823251158,0.020248368098590347
0,0.02345265676102946,0.11386006964693683
0,0.05250395271719148,0.028098744424571
0,0.019272327812995052,0.01737103183971453
0,0.018284567318439957,0.01501616000491441
0,0.0011604450986581853,0.055034487384817525
0,0.027691536062136635,0.09173371412042526
0,0.035198818155523025,0.030879316270890217
0,0.13379263354945803,0.04130605409323768
0,0.0012048425439517316,0.12262890396009325
0,0.0025466609894519415,0.018983376608669316
0,0.008697481426540057,0.011149501230880089
0,0.49614100390643645,0.14237618872924218
0,0.0128903763403516,0.044704476395246905
0,0.0768308696074404,0.012515842642111334
0,0.04295244944288473,0.007721378540785123
0,1.686707103314651e-05,0.0037548906165344197
0,0.0014325779489057463,0.06423374638201584
0,0.049021173743118915,0.0072133214977934575
0,0.006751271786489269,0.013585070815312418
0,0.00855090646070166,0.008683902205090544
0,0.04061154022672702,0.022022833614602305
0,0.018692414742872223,0.004458589737788267
0,0.13089639796607952,0.010058644818510333
0,0.0009010195144987539,0.012102726626904228
0,0.02692012577713722,0.05334372231833388
0,0.07430024565681789,0.2317064699235778
0,0.1187604761738382,0.019315840993509435
0,0.04066894533723789,0.008124290440273681
0,0.052756990897121166,0.019014780787063156
0,0.02734715649620597,0.010202115478202187
0,0.00015766649636794544,0.027633133726089294
0,0.008115292485875012,0.012203155293844237
0,0.023995760656896428,0.012291707396019532
0,0.06680570489695778,0.01152392380266362
0,0.009842020368170657,0.021269736773464276
0,0.004793052019151358,0.01178796862412038
0,0.06398202444278848,0.17233745502755055
0,0.047878302726711064,0.01919555179400877
0,0.051656599405842975,0.01236836168934492
0,0.08001961323795984,0.04081586679750949
0,0.03532429668536857,0.06355529377716455
0,0.047060033556993765,0.015687808489143806
0,0.12088369772015084,0.010392133094371241
0,0.7377535798224256,0.14522340727124558
0,0.030043215157475486,0.039478629500779155
0,0.00013418423984633534,0.014762178970126279
0,0.00831027787635706,0.0041409716883759485
0,0.03594891511427547,0.030421360903645348
0,0.06579893961413089,0.013106199783278004
0,0.007111202728667222,0.01977055392447964
0,0.006633866923616017,0.04119522184745129
0,0.00013495031774916986,0.005523358309255645
0,0.049620994571793337,0.025194797559165875
0,0.10170829102394295,0.006760222739195351
0,0.016131730890289558,0.020766273848343748
0,0.05916566701901659,0.033347254168760034
0,0.05823137952546057,0.03937886146801168
0,0.06337354357757097,0.004664258900950429
0,0.011751179328825148,0.004278292240444119
0,0.008784216101242357,0.15714535448648806
0,0.03730700485440378,0.02597957788341795
0,0.5628299220241081,0.15339507205707054
0,0.02867971923096361,0.05792204493380729
0,0.01136393063739207,0.08511666504625247
0,0.15603919027283808,0.13766659141461884
0,0.004208971231202113,0.055891735644264355
0,0.006350670549759377,0.04022922138260608
0,0.012291543031235965,0.01882341934781494
0,0.045660668563731605,0.014838648862672082
0,0.2251437041802449,0.08010097532149713
0,0.041794369841962706,0.011044068420662271
0,0.215446757137493,0.018348086690167166
0,0.03815879024362281,0.011324535530594593
0,0.002735118366422843,0.011795357595235367
0,0.07482949855017786,0.05091092781380955
0,0.017195425048227093,0.01931748858047077
0,0.03491930612229533,0.011533101262542991
0,0.004595955465823398,0.01836548376762021
0,0.01397659843639594,0.018758090761397464
0,0.0039148802152511085,0.008672862807186245
0,0.041377545160257385,0.026962271086105008
0,0.025686961233069346,0.03194198654142155
0,0.014404177667304613,0.04774936335587681
0,0.20304181529957335,0.04749432877307019
0,0.04822881464546049,0.007307735330636555
0,0.17138873698430515,0.01596504646189197
0,0.5253316961490552,0.08089999821290463
0,0.02212916058826998,0.0419185949028244
0,0.0672041545581559,0.025726803806277555
0,0.09206848381536539,0.017682670608187366
0,0.04805320979757692,0.05006780670612343
0,0.2010231507831322,0.025887267730164854
0,0.07553134815940842,0.03424498432589934
0,0.06361633913403661,0.04160656393459204
0,0.020326928611081475,0.052400202746342765
0,0.029930682851249616,0.00816434409931284
0,0.004419273926364533,0.015933301548044218
0,0.017357389240838596,0.009088125584200076
0,0.03935228835044598,0.012610785409336946
0,0.05552053851125266,0.07848603084368504
0,0.020585749805417677,0.06229772217179099
0,0.0010102996959994415,0.011544721185423795
0,0.11784942121032614,0.03702029349728079
0,0.02701044527797813,0.004902084475207946
0,0.008745334778135421,0.024453308457779755
0,0.029520888904726962,0.05068249980020783
0,0.0054134445772859256,0.11511071754302411
0,0.3781645454188811,0.03942707709789976
0,0.0008215368404806799,0.034573815704375996
0,0.020831045150327143,0.011189392666787258
0,0.023324542507840253,0.011967292402622343
0,0.031191471606029725,0.011476606396708252
0,0.04152104649800044,0.008749999174073483
0,0.0008281661633767074,0.005974066649956157
0,0.021153777320459595,0.004867920004736485
0,0.029825895274175708,0.03029180875585873
0,0.0026288775236141516,0.01620793250671302
0,0.00010123408807237616,0.04169249102595551
0,0.08255639013305112,0.19065450056547326
0,0.042877120089651846,0.037134318712086514
0,0.17680252313233594,0.13362996764359633
0,0.002660202006538571,0.016565106422606408
0,0.08144162635047725,0.0156563852637184
0,6.351040770719283e-05,0.0031021384572571436
0,0.024821535608865866,0.015164281757910618
0,0.020794529299910058,0.023780344878460615
0,0.03937550940351219,0.02237587911179979
0,0.01125788414916515,0.007864005478792001
0,0.019048492914425303,0.01953832714274685
0,0.006629628176204978,0.16356456177630413
0,0.47615916904454586,0.04979033294210509
0,0.382382971165329,0.31780345966839635
0,0.0031683714936887415,0.017492798378713398
0,0.24729219519506337,0.17806426442145054
0,0.002570668394134821,0.017166671446547106
0,0.009202725798470396,0.02128624123905922
0,0.029057589606095342,0.012290710170635426
0,0.011766026299025642,0.011703837013052838
0,0.020936863261455153,0.012244657835385028
0,0.10408007176147552,0.011579149827914687
0,0.011202899479456995,0.05503719817544951
0,0.34475758047341204,0.04994509192076803
0,0.017486754861236443,0.018363346530087147
0,0.00030634667321287535,0.06655139734493463
0,0.006037813498886792,0.12355551542648732
0,0.10450854464037684,0.028498350880131272
0,0.11643514439822737,0.07064087571982976
0,0.014187056496996255,0.027656344953592035
0,0.005730254196077077,0.007201019142834283
0,0.015273230499721428,0.032094387211672154
0,0.010202021289326945,0.018880283441617903
0,0.03405558125058941,0.03590883404183444
0,0.0014416048977962997,0.003931617665365866
0,0.025391864666529478,0.008993088075584675
0,0.014599596884681496,0.024930990583925904
0,0.08979855813005765,0.04881749092169332
0,0.08816362751033761,0.058789961152074015
0,0.07792862636709005,0.0171662930751758
0,0.049506279589765306,0.039631758921799
0,0.00888378851975014,0.011706000443463996
0,0.06044389533654868,0.057395545222317004
0,0.079965617044802,0.07304238796052714
0,0.05341884663802826,0.22409415853326872
0,0.01108333497192427,0.029749975970256855
0,0.004057389575778524,0.04262569597781496
0,0.06510695145282412,0.06585513644040561
0,0.024701756063820492,0.02327085291118183
0,0.0006910433425911845,0.03077450532341832
0,0.003393774645413011,0.08269327528842296
0,0.032064986195777107,0.08738589338026423
0,0.626734577226402,0.09230794421519034
0,0.012514845475028681,0.0122259212732373
0,0.011509942813778748,0.00213448946696016
0,0.006677163871604861,0.019261723013416377
0,7.170809323429505e-06,0.03731795648946708
0,0.09466723060964718,0.0924962891704143
0,0.04096254166969024,0.013591132780729938
0,4.041213801909776e-15,0.10014652669336174
0,0.027617244075754086,0.015316814757228897
0,0.03251124911672205,0.013491103899699312
0,0.0009985404175683447,0.01018313383851357
0,8.233219834887229e-05,0.04869710169693586
0,0.06565744596962521,0.038421846987647015
0,0.06054945732488896,0.028163828254016334
0,0.028550847580464313,0.010543783404786072
0,0.061741836391942785,0.0470515416285317
0,0.018228822224099633,0.022005045946645565
1,0.9999999999675595,0.9993085622117734
0,0.0748244620078268,0.07038519275966378
0,0.10008571381974517,0.06491197983738377
0,0.03567248124708681,0.00779641204309134
0,0.044532871679489175,0.0074711608974905985
0,0.0007646675209039029,0.033673685868263546
0,0.005492719505136629,0.06010076565346872
0,0.020078263179926795,0.005826259333535207
0,0.005575010233198916,0.014857563526782917
0,0.012327048904976047,0.007496615734460358
0,0.027078337936515137,0.11413643667054137
0,0.01582850258584271,0.12197731782706091
0,0.020110528354740326,0.05024360423446222
0,0.0023368589518469682,0.032712131784826064
0,0.22408692965601734,0.07054107856840772
0,0.10059415414887873,0.08249328111166596
0,0.021508186931219444,0.01941184926113149
0,0.27792912299884914,0.07939857827116246
0,0.04182815877370054,0.12232996676989367
0,0.0755864325625343,0.03805392546100678
0,0.10964832725623844,0.11102155752765165
0,0.01053524031040551,0.009156418844798595
0,0.016040783881322393,0.0044456513282388815
0,0.016097787043679278,0.00417150015019943
0,0.00013464126764118204,0.02411478057845616
0,0.06722519709545188,0.06680166893022689
0,0.0013826447179286566,0.011750490342327068
0,0.0171398489901208,0.005463222063632772
0,0.000915580778405187,0.010510699471341674
0,0.013017485377311296,0.03231199352135215
0,0.04025971485195129,0.01338047804768366
0,0.06670093217188346,0.021215982326987674
0,0.04071799969494944,0.07588171112015231
0,0.012854153129432841,0.011519388640561073
0,0.03307055400950779,0.006014572187547681
0,0.022802310604695696,0.03879596543116484
0,0.3419225331801223,0.06158879361784012
0,0.02868907977832631,0.010184484821141026
0,0.007212762527684033,0.03654422323718256
0,0.05068798093477011,0.0210348210801726
0,0.04143642879320649,0.024788301576672014
0,1.723487835513524e-05,0.0036492221532650328
0,0.029998730036324736,0.1277506601814646
0,0.025973285478240467,0.23347541888332388
0,0.08085769888914258,0.006065866886639078
0,0.28818851627331893,0.03905848654967572
0,0.0002210448584806982,0.01254504544330417
0,0.35546530277985705,0.05742101729084187
0,0.00969830438910154,0.010603529421533506
0,0.06390680504561531,0.013048123004419132
0,0.2123964131278785,0.0882031090928063
0,0.4660713559046882,0.11804516886778488
0,0.005815988299746424,0.006753973152081311
0,0.0019199308541822115,0.057770443211752724
0,0.09663356541021058,0.4808319996611431
0,0.002625926290603516,0.09630372078368134
0,0.09017261548044968,0.03567378947831279
0,0.04392353629606727,0.008609253992783464
0,0.0294969075029142,0.01441391686770149
0,0.07017318478135916,0.29094266940023983
0,0.06419488733884275,0.03661143484560796
0,0.03453377352713169,0.19030785522574623
0,0.002138023355628362,0.035022388349095594
0,8.462966633911176e-09,0.09981442909820655
0,0.04424390201670304,0.020615836299468573
0,0.29062022039519964,0.17997328580197813
0,0.016048189062065614,0.02783910083682037
0,0.0063601825419494955,0.004292032238656545
0,0.010939639300413135,0.058074673729781326
0,0.5852042569523237,0.13614363751394817
0,0.04556394482957653,0.09357899578232767
0,0.0005292980142163898,0.026282644301732175
0,0.007004377642277437,0.022257189980707293
0,0.005362694524865917,0.018278731968166078
0,0.02441860786062834,0.04640966012402288
0,0.02095953467941086,0.019036425857998203
0,0.0009377406932081043,0.04045057922633543
0,0.03305170163191094,0.022737424023560205
0,0.001100155370667969,0.0054117191186271365
0,0.018836701006257794,0.02286492184613173
0,0.03284219629279304,0.03448528711448257
0,0.11291430524807633,0.11510276602852854
0,0.0005288329704111087,0.005388010653541397
0,0.07966019350023079,0.034418225265542536
0,0.05923859225547874,0.07459475908231575
0,0.017524873339714076,0.02336149586809684
0,0.2139487136960498,0.04106726828561383
0,4.4912524150581964e-07,0.06430945398366274
0,0.14898856741190358,0.09933386812207455
0,0.013038285166901021,0.00960518337466489
0,0.014649577958531215,0.021912837109787378
0,0.052847323863625006,0.01603296982843108
0,0.06125107151327063,0.03859939242511988
0,0.040104428675870336,0.04953914872463034
0,0.6774749959015337,0.18974721593811586
0,0.003744894081704985,0.016319755007596543
0,0.04482675904706422,0.019483022428322044
0,0.0510303346167727,0.05476870069864368
0,0.3209959185048957,0.26224242310663365
0,0.11092987011704074,0.014440394436241106
0,0.09510910088001666,0.03316293725906723
0,0.006608591537515112,0.0028642304209188937
0,0.10751357272059,0.02568866931420686
0,0.03655272047896785,0.05330324994775645
0,0.030791726266614694,0.008775855618385673
0,0.019906009325506447,0.04619568110882782
0,0.013237715871854868,0.009704988143519024
0,0.10790808334420343,0.01612411463821554
0,0.0022009063381080995,0.004691693418951871
0,0.042127377259554864,0.020184789310728275
0,0.03903281122343695,0.05082024097758748
0,0.041276323288420576,0.008442206587201712
0,0.12176861990307276,0.01635568948934464
0,0.04381119315825304,0.010878288745736594
0,0.2324714783001904,0.026577843974597202
0,0.026894481463155952,0.08747022215548275
0,0.021527155797672663,0.060558014552859245
0,0.3593440138650301,0.06502307546667699
0,0.0003863913799523862,0.010118691160627385
0,0.05192170043478123,0.12149966874648853
0,0.10823093970729346,0.01608332225125479
0,0.027783841094102067,0.012525090522092884
0,0.02578101839828708,0.019178126632559307
0,0.02000196231390949,0.1179753248035089
0,1.4491771538548719e-06,0.004667953235451026
0,0.07742684196768501,0.018272531216093207
0,0.030878165574631734,0.012394736940108548
0,0.0001237512369244343,0.004993965344810256
0,0.16114054366252026,0.2767686000034745
0,0.0373423377864085,0.19063396980490094
0,0.000184550414714448,0.019800414939987264
0,0.05138403227541508,0.007724909793281364
0,0.10966611689897598,0.03861167114078504
0,0.021685511007069218,0.012059416418346467
0,0.018475860696837463,0.05209495974027383
0,0.014355839050321732,0.03641320140169668
1,0.9999999997722453,0.9975393460110562
0,0.048819147662124925,0.08169305542637968
0,0.03927135431808749,0.010006043974579633
0,0.020835389926104047,0.05468094467858713
0,0.04941610896136467,0.00632071034595658
0,7.476129553259502e-05,0.017302057557763206
0,0.0013840767973045975,0.018503352055710617
0,0.02409623990520148,0.07647483362019392
0,0.05908338207788778,0.014732827925743644
0,0.01905482834301386,0.0024406089377351516
0,0.011990002275909002,0.02499919707864792
0,0.12140441837415529,0.01980321031523557
0,0.002763267090011864,0.01308353711183182
0,0.12228932278780105,0.0647914670151147
0,0.016329323532935015,0.06349300445200103
0,0.0004902763092776414,0.03392656783088868
0,0.004689980773820022,0.03219524317177047
0,0.01670716309799694,0.11258818525118196
0,0.009258151874062365,0.04021774613078277
0,0.022153849681030607,0.027975016234312495
0,0.04204856317908551,0.0054954470765074094
0,0.035783591095258124,0.01299714654359521
0,0.002817211889825425,0.0050958054180447
0,0.11364433444351237,0.12783485499914
0,0.03898835179336113,0.05826833430069465
0,0.05756499526606264,0.010322851573213
0,0.014717761718732765,0.01571852199491861
0,0.031128863985723097,0.0432822481676258
0,0.01701314344122041,0.04352358433805953
0,0.023166374947686343,0.10817172016464988
0,0.05511082050862762,0.03570498719565862
0,0.34609416757064276,0.18851878646996792
0,0.14678463584588738,0.36490332351581084
0,0.06564492832071879,0.055431521531202795
0,0.006050201356861901,0.027558810365496244
0,0.719645344138589,0.12144513341463616
0,0.5919390383086558,0.1848952638058402
0,0.022319262206384048,0.08142079582046942
0,0.0049384703774904195,0.00933302191578017
0,0.041221423345036305,0.016881472259765364
0,0.04611266439433268,0.014773639922868257
0,0.04509368334059199,0.03139396437222404
0,0.03730292134101015,0.025933272393132457
0,0.010373998803134228,0.03517884663680978
0,0.10519606114843123,0.031971198507548565
0,0.0007219469435837704,0.04709163768157211
1,0.9999973060997784,0.8586688209718204
0,0.025964106183185405,0.09215639037766377
0,5.01412126624128e-06,0.004282496074122448
0,0.7037225874627517,0.055658334733026026
0,0.016602707870285803,0.04823042293572058
0,0.005023350727286447,0.3018914098570533
0,0.0055291903579964405,0.010610187937326647
0,0.07115937845008904,0.10074480613079038
0,0.055189963791293414,0.017068809632511915
0,0.010253199744221076,0.023941842464858233
0,0.04887024479514549,0.017500082628042653
0,0.4263262779000879,0.2065634332106344
0,0.038549574897902866,0.011517888546640846
0,0.026856538015245113,0.08353783198101081
0,0.18877758617913518,0.24858270630772053
0,0.01909686257312745,0.014283862447460549
0,0.017909850083939676,0.0067320185651497414
1,1.0,0.9999036406775833
0,0.11438849324175356,0.03730869993719583
0,0.03700629143709224,0.12482519431489197
0,0.0019069212426395168,0.04775470007090961
0,0.00250382329966948,0.01004992857421742
0,0.4562314656156856,0.11414313354305514
0,0.005855090512660619,0.007026776100283465
0,0.0014606575663879025,0.0323198089079421
0,0.11253739886864973,0.02338196508077441
0,0.004487153107027066,0.05116053952400146
0,0.08480292453146568,0.028063444987500154
0,0.18322340237394158,0.1939780165619479
0,0.05748402836960471,0.017626003098414143
0,0.4722363140137895,0.06697741001808273
0,0.025184041978319867,0.2869220800814083
0,0.01286333482392697,0.04543234264004293
0,0.013889808404540226,0.0790587422179757
0,0.009027078181212563,0.029702461720743794
0,0.10561139513627783,0.1140079506167238
0,0.02833464481459974,0.0841406211054719
0,0.004071115447018747,0.01795748627353585
0,0.18520659257768513,0.040483999053259084
0,0.05315816903285039,0.0690518866688379
0,0.006869286575293085,0.032898906684149694
0,0.03267237233355949,0.032028512345546586
0,0.0025995535675184945,0.0263834218477321
0,0.009819670834873293,0.051804478845463874
0,0.006279060835174873,0.012114374968651767
0,0.022663124584081602,0.01176627575744237
0,0.1685461862038884,0.14062942020320804
0,0.01816578301196881,0.01800201921189007
0,0.004496033191982264,0.01275163909160482
0,0.0726724113748563,0.14009096537439258
0,0.09322872622384289,0.01952770660794326
0,0.04560031344349527,0.01131605593556306
0,0.018366855201635748,0.029373688624561498
0,0.07905820057755882,0.027689308054720568
0,0.06319855483469342,0.08852920679628919
0,0.018878074892234465,0.051666607535344536
0,0.01469319964676242,0.017623064869155408
0,0.019947027807895767,0.02912689091638233
0,0.03730187795665206,0.10196649062282868
0,0.04473906436545212,0.010941571398389728
0,0.09415621416683362,0.04769151751241227
0,0.00678837217585489,0.018713564413535392
0,0.012802421832172325,0.005033277680582939
0,0.023998004262543744,0.03338627673424483
0,0.00818790026421156,0.024618123991622137
0,0.022438224819566407,0.08557842189029662
0,0.0026599694839366185,0.057652316627176105
0,0.21290374233978657,0.14902804045723966
0,0.028390697523529233,0.031043481984618617
0,0.0013703350060996651,0.005030160882199646
1,0.9401317425607686,0.583424550131648
0,0.1253366781587076,0.014272475383060222
0,4.3884152411818215e-06,0.027294304856320187
0,0.2149803376918242,0.17715744607958572
0,0.015033587914621147,0.04444586320645771
0,9.611885707331988e-05,0.026559118194575022
0,0.11647424534827348,0.015814805118770155
0,0.00797182945367561,0.027063741212960034
0,0.0994438922290626,0.04057170572771068
0,0.2147803482661903,0.1177525290461459
0,0.004379307793464464,0.009464779175763395
0,0.006701214337089557,0.053082068100561354
0,0.056199224936455905,0.010118681552403926
0,0.04387918300169352,0.008307760813116571
0,0.01734877742202678,0.06997756475512755
0,0.05676476688356986,0.02341311560363078
0,0.9370217615840817,0.058684196333309215
0,0.019002653645147072,0.014010232623703845
0,0.12392997490783467,0.4436741640028848
0,0.05484717966449538,0.085712618229634
0,0.02780964956425084,0.01147197677259385
0,0.00979565336242627,0.0199750838206243
0,0.025007461273645375,0.035645043540515765
0,1.642557434737982e-28,0.03404155420276351
0,0.011327757057719998,0.06444328369094131
0,1.8016744911885366e-08,0.013714366957859558
0,0.05209397693104618,0.007583708727893565
0,0.025422247832521814,0.019188401145868842
0,0.05886293384810832,0.014856290626917987
0,0.14196457616695868,0.016483602711222994
0,0.002216574683124605,0.04137390423034982
0,0.38637058963543625,0.144806380535886
0,0.01961466323858617,0.1027433089241208
0,0.002417651329383554,0.11961631178730264
0,0.010728978754199276,0.13895365424835174
0,0.03709372269872542,0.005465753276730559
0,0.14356983808950824,0.042833499825208565
0,0.014159548584602598,0.049500941170271366
0,0.07272569827690872,0.011850389146129105
0,0.012596642133933356,0.06010579286755564
0,0.22769433882542148,0.011952076983361004
0,0.07359386391926387,0.00995929709362591
0,0.0003566567611975673,0.012363309877203393
0,0.04971628330554488,0.01622775693585942
0,0.017090339210445,0.01742274578615467
0,0.0025274727775843665,0.02598971442330304
0,0.0508324434992862,0.04163170316039909
0,0.001048585094797511,0.10840732824683327
0,0.16700023941727854,0.18075953972521547
0,0.09949116712543227,0.06768394169068807
0,0.022102713154896723,0.07610094200802751
0,0.0003394573622350037,0.022567279609919604
0,0.07843946025209503,0.049494721318355424
0,0.23655705702419821,0.04776761996671026
0,0.017845016384618922,0.012338541834193332
0,0.0023000534949364753,0.015720315971269102
0,0.03811202721147606,0.05454318329893381
0,0.03169593000005327,0.03619225956993903
0,0.13907758538234644,0.01024389210441588
0,0.0002886747332722522,0.00962053451534609
0,0.03897989325793394,0.013963276703144782
0,7.572837924542411e-10,0.03326991563451669
0,0.05196766638723623,0.0644342121956398
0,0.11246696712569575,0.10588961540437253
0,0.03504402356244569,0.006077802657264813
0,0.12682420424649896,0.42670320253605676
0,0.053193348020555545,0.012348857614469981
0,0.022450917751038118,0.025608404981097517
0,0.12859003064862592,0.020864575200642863
0,0.41935184704222944,0.07666534814124082
0,0.0425203240248165,0.09870484063546678
0,0.007900986467346511,0.006467625841788285
0,0.014640514795002429,0.015872519629498275
0,0.04689551689909093,0.012804091593475718
0,0.026091231172855396,0.026597229136250213
0,0.02011705132168769,0.031445509530950044
0,0.025211587411965716,0.03697303198960561
0,0.25013236280757295,0.11209050600132794
0,0.0003458681274629076,0.014062078529563702
0,0.01202590142145231,0.027225366032952496
0,0.031000115635722927,0.011657257668547676
0,0.03685918831118524,0.0355495138300291
0,0.009657047041404496,0.02132996569103855
0,0.004184158729419109,0.008211027021430162
0,0.03213757585030907,0.012067412868557644
0,0.008577765045057075,0.04706272354876204
0,0.13185259710879765,0.13520599857426127
0,0.03536887350180109,0.04527296549864628
0,0.035282615158961465,0.015356874318841788
0,0.014615171265342163,0.05616832478457151
0,0.001697341577823856,0.01773443159495981
0,0.005780647105585043,0.022286299539240197
0,0.024218264403675013,0.010076202151585644
0,0.11987579191793082,0.0304516913516483
0,0.05661666537377848,0.0757897492637226
0,0.03079093364967007,0.07365029474019667
0,0.08414133415459889,0.03872211392490743
0,0.05976540581716958,0.020108295199034943
0,0.06273717233188446,0.13335080315010417
0,0.00012121036441920904,0.028262209330208343
0,0.020909577048092605,0.014226745914806676
0,0.03769005782301738,0.10304556523120091
0,0.018769386298727344,0.006288311567616178
0,0.0010577937402946702,0.003026566396257961
0,0.0013309535186548024,0.025174205955248153
0,0.24870752885931455,0.25813797599597665
0,0.03597409470245256,0.023984087837291584
0,0.023474148294221675,0.009259942294540765
0,0.034260082394276296,0.02245178478920017
0,0.02894591027681574,0.04084826154429871
0,0.01950257241734278,0.03952319002301044
0,0.017266367885631545,0.05932966242509159
0,0.020044119836443004,0.0953476054411096
0,0.09978053107012688,0.03782596961038024
0,0.03571027112855686,0.05611078669077709
0,0.016029431367549814,0.025696024136478014
0,0.030362191777732982,0.032061397173073596
0,0.05143091945695227,0.05824352445360575
0,4.293295961344607e-09,0.007606182863526002
0,0.013884216219054127,0.010414885706336243
0,0.12303004330495385,0.15503697442080147
0,0.01447939861482665,0.02145003126766643
0,0.011103017226863588,0.014994042919884707
0,0.0346267619563739,0.020783617326345982
0,0.00382146611712291,0.005011381233956685
0,0.057414000078589156,0.006436187263681399
0,0.013457141526448781,0.008783963840501483
0,0.026793810477946246,0.08938089290154663
0,0.001677484799597824,0.0151678164789541
0,0.0545204454680485,0.041883790161284296
0,0.03418651525328091,0.01511859953809215
0,0.015654420557316234,0.12620310338664875
0,0.008951441128669059,0.0244069074606519
0,0.004422657809066183,0.012274128376068312
0,0.047650824261298665,0.011399068768703238
0,0.02339366995250183,0.04100673805258558
0,0.08172946007980367,0.0384519506370866
0,0.004520747500233831,0.02493719289131854
0,0.11704181254921346,0.07677861317780718
0,0.03033102337971292,0.012712956201537328
0,0.01349680639953726,0.014014307836868491
0,0.16904362589809324,0.014757729258069837
0,0.019213674058180943,0.0044834554908379344
0,0.030308112040137072,0.029099530033853842
0,0.036920155372746975,0.04082933380564487
0,0.014990397057135148,0.012256211526207875
0,0.007524467473881287,0.015405897658612744
0,0.16591208156058623,0.09709240677265193
0,0.03267779584155568,0.011452943529094126
0,0.010494770809359417,0.020069942106110374
0,0.03565257755599465,0.05451174278876853
0,0.0034856401273973335,0.06402235212098593
0,0.04042500200636402,0.017582472548856844
0,0.022515195339059744,0.013222676549934856
0,0.15607525576621795,0.018683065392251876
0,0.049597553690939995,0.05872496431019415
0,0.053545616523301316,0.005279411703368126
0,0.01918146369448018,0.012764583353998164
0,0.003975433223505942,0.00739480206210054
0,0.02073177183000185,0.013884016106378492
0,0.017848470374172684,0.015486199034813792
0,0.17703474525140853,0.21216438228362608
0,0.04438642370430703,0.005381732703503523
0,0.015653122613241977,0.0327378039892419
0,0.2561319783677285,0.030676625094331902
0,0.03878874469583168,0.04561611138372263
0,0.0036996800378668133,0.09084724900976726
0,0.038030628993225006,0.01754855227568692
0,0.013758107458193565,0.040392954102951
0,0.005497865122784904,0.02244796947852862
0,0.045420863300491304,0.018031223664044357
0,0.04824444230417035,0.026837455654615216
0,0.49015344607592326,0.503003597528694
0,0.04822491644760825,0.007437250035024321
0,0.06547963932658026,0.034325439450618715
0,0.06877825483728867,0.01683634148251223
0,0.06145913856666477,0.03964290882949188
0,0.07731806710600965,0.010218531191612994
0,0.1379158577733373,0.027513885225213235
0,0.03079280354299076,0.01838126210161418
0,0.04261859249940991,0.09912873473546921
0,0.03372887405610846,0.04182409299526576
0,0.02516256447840968,0.024343589663601797
0,0.06836259705999342,0.015894402558536514
0,0.05444219055267402,0.0174822337499947
0,0.5389407137376011,0.1023095312324712
0,0.13479550042847302,0.18088529366701284
0,0.0026228447889103,0.0403212449871189
0,0.05509163096738174,0.08508078088458144
0,0.027334963112068716,0.012016267635526002
0,0.018506210745200886,0.02312107847980889
0,0.026755318258067547,0.0046765651509995745
0,0.007019406571320618,0.008030796148457217
0,0.0580878673373956,0.00729347795201225
0,0.024023504485533365,0.07598781915861343
0,0.023496936837616594,0.09240318020412884
0,2.8388558052695415e-21,0.03642003537825447
0,0.027714542375815866,0.009260290904781364
0,0.0009972410802170251,0.016248775122929094
0,0.01651751483489393,0.014539058467607033
0,0.06651052691665407,0.027239760335911398
0,0.008421297840078364,0.030643298006124812
0,0.0036405814842798328,0.011268529121772439
0,0.020350202555626883,0.033394588642150495
0,0.0286729895624388,0.06817473124813593
0,0.027678335665206034,0.016145688164463226
0,0.06544089585833328,0.014952685485587102
0,0.031216935537978163,0.018943367586349943
0,0.04370360668411288,0.03657929710792213
0,5.407838328602933e-07,0.02686389571791065
0,0.028713026050743613,0.010193334128877846
0,0.024744930182858962,0.01621435299243435
0,0.03626071917360193,0.3475172540214583
0,0.027789307524134946,0.011590314735245355
0,0.0012116215184795095,0.27030150443434275
0,0.10236321198660962,0.014292466836117464
0,0.33271343168440926,0.05946461022870458
0,0.03897788823338999,0.13200372270719704
0,0.11377372472562927,0.011211591132678132
0,0.019384008338931013,0.011448169847388678
0,0.014621248348659693,0.05739801276637321
0,0.0017546470941397164,0.007477412044790599
0,0.022964752062975772,0.009119991395797833
0,0.2584236736763823,0.052782218013597046
0,0.01741370999849405,0.007217681509955456
1,1.0,0.9999332768681136
0,0.009227455232071006,0.03557909250158883
0,0.023017359320197293,0.16326512282956754
0,0.01718661395077668,0.013635025312736821
0,0.06094915571718123,0.167391413384215
0,0.0400648836898681,0.035236921909481383
0,0.2763662307385294,0.020813016435501038
0,0.00011136928739704522,0.007369110049274222
0,0.00033900675687629703,0.029020502348069067
0,0.23693207469885125,0.014605748870169005
0,0.030012557294644217,0.0054371925342014
0,0.25180635651661487,0.024020632603215738
0,0.10093884490176702,0.05420967069221282
0,0.3128751512297228,0.15470358099988465
0,0.36159002487069963,0.22300273800268847
0,0.04029300513505569,0.04657778999384871
0,0.01947950898148326,0.013791444979197973
0,0.0008391881086328634,0.017814131741560872
0,0.003996823920979079,0.024886632210659496
0,0.05567131188259767,0.04294763142165962
0,0.01967799288299542,0.0024883130680327273
0,0.0021925614398491293,0.046030811788049554
0,0.7761873544805256,0.1411133348191556
0,0.055897132089066125,0.044235102335643206
0,0.052629074691593086,0.03477419193742479
0,0.0294877337871071,0.016388759124514988
0,0.12826462064737992,0.025626006049111204
0,0.06304700082491206,0.07726800358138954
0,0.02937662149782485,0.008418357874399776
0,0.007260518970910504,0.011478644112448448
0,0.11132661274946518,0.11166496737542034
0,0.0056971717753430936,0.004567439382929058
0,0.05590994228580053,0.04042202123049469
0,0.007682203192259296,0.017972688682919413
0,0.12719543300217528,0.05718809819046984
0,0.07830392163646577,0.03541509003826165
0,0.0033335781096250827,0.07443534386167816
0,0.021479034580375745,0.01614701810320053
0,0.016401504548616486,0.005134109516325095
0,0.010774914520313986,0.10917441456373346
0,1.0654005894237165e-07,0.01996783916269108
0,0.11003083425293997,0.037554262853576374
0,0.1065893107125584,0.006052222023643
0,0.0015935516327307004,0.033722194644819195
0,0.012816913030018175,0.012967974441433418
0,0.049688867536669165,0.013974802243280978
0,0.028459239854358304,0.1607923468032624
0,0.02942824516792601,0.10260468448648816
0,0.012069380821997839,0.04515012037193362
0,0.009544639480938456,0.015919401762079857
0,0.011438296280346864,0.031141295439617054
0,0.05539394234671046,0.034427137260226615
0,0.0634356667240379,0.012072939746928286
0,0.08833626688978936,0.24382682537536118
0,0.027752757082044645,0.014146800062173906
0,0.1992853838807663,0.013823724685385216
0,0.0663618181331558,0.03818821248153085
0,0.0175152614458988,0.07915792020964918
0,0.02898586312179379,0.016889744303434765
0,0.024782732335864123,0.004829177866476326
0,0.0008862063280613507,0.10590318047219925
0,0.08590697975928037,0.16107753896334823
0,0.3400059211580632,0.1817106341412739
0,0.1343383525461419,0.024062680218663642
0,0.15449793979570084,0.21150903928943315
0,0.011754617675249832,0.012200516271715428
0,0.16444651437517405,0.03387518481246326
0,3.09474251630229e-06,0.06327635233215641
0,0.03809028008729418,0.025317990539913054
0,0.0006013476705068673,0.017140748817442947
0,0.020040808022119324,0.3557661006219858
0,0.01951849444476756,0.3012725082198854
0,0.024422427020733443,0.009559672044249085
0,0.018753169762540406,0.09441730824797122
0,0.021617357743387522,0.044369174787025775
0,0.03254102033967874,0.03895251170844249
0,0.03894249114863795,0.5592921848036568
0,0.008495054965320145,0.05448506974545053
0,0.026105147251434178,0.01633729386590259
0,0.037668254798485366,0.023383566643477537
0,0.005281565473260575,0.05384735859894192
0,0.043656349556455906,0.11134162320895516
0,0.007968099475427945,0.011251633212673513
0,0.07225174203022075,0.03552675066832601
0,0.1149058551327355,0.05538150830488026
0,0.05242562184766418,0.03651354752471145
0,0.04405284401129807,0.008273617875819955
0,0.15316804266300552,0.10871043647206434
0,0.01507223670788175,0.004559830859828715
0,0.04193893488676863,0.05808227918093837
0,0.0030206391554618863,0.015573762435591757
0,0.08059548448536115,0.009664307398805121
0,0.0743603935538325,0.05754908831766801
0,0.02239616089974271,0.027629575245622665
0,0.07231089423378256,0.015674263446491515
0,2.626023363146276e-07,0.01976763888882322
0,0.06691890157344565,0.019480818801758067
0,0.012735687889600923,0.028334778056310655
0,0.16002280080265222,0.14958084047185455
0,2.0892768476006137e-06,0.010696374962662103
0,0.04276452905097555,0.03886895332434414
0,0.08332996121718174,0.010210611507154866
0,0.49729472471276115,0.4820864693869742
0,0.004618817682628384,0.004469573182227884
0,0.060155781570683624,0.021738526893630088
0,0.010230138580681374,0.03138559735524182
0,0.03313698000420833,0.0192161384183532
0,0.036377911882396564,0.012751935948325134
0,0.06896491318048206,0.013713735572460355
0,0.043866052130716364,0.04491604429694586
0,0.027485519098668622,0.009928774933362541
0,0.004272732998931972,0.014348419644967195
0,0.020563910302810146,0.006316912545829222
0,0.004018590118441788,0.013115835972174502
0,0.03336035415112795,0.0605319784751976
0,0.024079215583124647,0.010070950809263818
0,0.0004507904210039082,0.1013927084953811
0,4.814598903337508e-07,0.01640321558008914
0,0.03881790006526335,0.11548278794441441
0,0.01030673458755888,0.013753719584422014
0,0.10276051304303734,0.2216197869826071
0,0.12600363717091126,0.07294505439925081
0,0.08363367900702774,0.012187354995321788
0,0.010636497070861893,0.013562888434582539
0,0.00126104228995771,0.1786214553041456
0,0.05448605240762611,0.1043094697135202
0,0.017245712634948347,0.02046674156533875
0,0.01853129628799979,0.018395659754180994
0,0.027803380230529747,0.021981858639378314
0,0.034289012914230727,0.01543536005730144
0,0.0015133626762041824,0.020698792007477575
0,0.006141500935942619,0.21066211608188082
0,0.42031268775290404,0.328133295730792
0,0.10219990834469532,0.0334407869112776
0,0.04419298052690212,0.1150823847315592
0,0.016222428613599082,0.06102849077615066
0,1.6072899639572885e-05,0.029948007184711335
0,0.014894107114611643,0.21097338746479252
0,0.0031684780739913475,0.010148904961712165
0,0.024161704464752333,0.13574397969026472
0,0.002470458244840915,0.01181987266947802
0,0.03433388552299301,0.21499121275299582
0,0.006228884666451944,0.015399246741387247
0,0.0016693318567510941,0.03586010126479754
0,0.06427617858685633,0.022852684370462614
0,0.010742932245460926,0.024463823089482285
0,0.03195325894297461,0.021659063952866757
0,0.018327372417110143,0.027573351557148275
0,0.13708584029785723,0.09415415798637275
0,0.005006015884384351,0.009432977086086354
0,0.003041892303634402,0.0366055669608193
0,0.0007140982385799594,0.16803131427980642
0,0.05017938285451791,0.03643461216650345
0,0.009781820285357882,0.14737252815410737
0,0.0649056357984086,0.027449733642390128
0,0.011612231593042083,0.03946764734928255
0,0.0443802104635578,0.011082662442929644
0,0.024107585552717886,0.05478953999600879
0,0.050140621147343106,0.014681039769595408
1,1.0,0.9938074192399291
0,0.06215212225169227,0.011423669550585436
0,0.003160873908038151,0.01020304006693193
0,0.12872529294661217,0.017178542127588493
0,0.07552110997079714,0.07907648530634662
0,0.04392936665211188,0.02678868743812981
0,0.019623642911905666,0.22985248589492194
0,0.010166321643732355,0.019339135634062796
0,0.006402045999524888,0.012147834457446735
0,0.03916767822874725,0.03612746282276573
0,0.058255633591227374,0.026665774141364316
0,0.1980276585719738,0.1213285409290822
0,0.024995773174815893,0.014599680795360418
0,0.031402082967964935,0.12391229597300654
0,0.058483224123700446,0.09546301448892264
0,0.16386797149159507,0.013223036210883603
0,0.004392231923431113,0.11775454544015694
0,0.060459827616683164,0.16078378578403726
0,0.07607048407383857,0.01118630942453351
0,0.0027171978136267894,0.016572438945825597
1,1.0,0.9978315184920771
0,1.0311508724584632e-07,0.031130999146546857
0,0.03807822011870264,0.013659483552769644
0,0.019612095908407484,0.0091321205827386
0,0.351830525061268,0.35833448386286454
0,0.03956299368902478,0.029327947774471088
0,0.03919114116195416,0.014696238524391435
0,0.02150026939874913,0.008824254377768223
0,0.15333560129410664,0.21441555231250456
0,0.0013625203342893311,0.05327319654761851
0,0.018713126142295228,0.027384523343793498
0,0.03177527822141437,0.0044707340252636224
0,0.01254805525575292,0.010232190457180075
0,0.2119917530111468,0.1289207362203468
0,0.005889354950877758,0.01608263096518133
0,0.19989777465799008,0.04691561551824623
0,0.022021508863093463,0.0035347780999496732
0,0.00038021650943205,0.023802130417266306
0,0.04385771597037274,0.03814923439676545
0,0.011855142704113888,0.029771226776727763
0,0.10739368113075684,0.013922643405293868
0,0.15630085824637735,0.052108326950936076
0,0.05402280613104815,0.1255525346997882
0,0.04308613432818482,0.12449383173237487
0,0.12207938665754227,0.07243150703493742
0,0.02356875468448285,0.01313447084288398
0,0.02326998216752625,0.004188575814631811
0,0.038330384929956864,0.07041778251976677
0,0.037546785215412735,0.0397198187981549
0,0.012788373345718394,0.011679960937047413
0,0.033251031738205976,0.028984631831693402
0,0.0060859493909803915,0.006532089435618812
0,0.045744203886403254,0.015227820800770016
0,0.12658163999582978,0.24710213543484827
0,0.06970930065553596,0.12623209890319648
0,0.43041640659773533,0.14031674954831325
0,0.01763539910069563,0.03242868614072309
0,0.023691121733346816,0.02060586944426789
0,0.02417004384869617,0.007147456861099189
0,0.027198245632170413,0.008556381535370926
0,0.008323893466149488,0.029908802478893572
0,0.03677736537379482,0.07356420861184479
0,0.028254828262825167,0.02319848764199962
0,0.06978109864577531,0.03190332239745574
0,0.0723849376625644,0.11033342706033723
0,0.009033062446363802,0.015201973783953951
0,0.074440819605783,0.25046351131600014
0,0.2255411102337115,0.34809620180915357
0,0.003929649596637958,0.013721930734591532
0,0.02947726725592259,0.008485427761788079
0,0.012386169292176365,0.025146864948411455
0,0.0739592205157484,0.13728192360462713
0,0.14471535748123363,0.08466096091386817
0,0.013273468130074335,0.06221881574017823
0,0.0332029632481197,0.0435836329853339
0,0.123845744663062,0.008352922681693851
0,0.0015206129964847011,0.017106634715938353
0,0.0021508269361409805,0.003735226272428381
0,0.0027344558867811643,0.08604233916100058
0,0.01753763361862934,0.07279408560025961
0,0.05490461208944881,0.011160236562543828
0,0.035643195680133556,0.02865815200419975
0,0.13125210197799353,0.04068507398695511
0,0.024306810992090172,0.01843039206411891
0,0.018929293538826854,0.01906549072018394
0,0.0031745933409801025,0.0112065385397438
0,0.03275541069021329,0.038666117605657115
0,0.010094921147576593,0.227229713214568
0,0.08021594426779231,0.005030076191315752
0,0.20771015360438083,0.0694237734547038
0,0.022686274862020645,0.12309220241007457
0,0.048927177476365574,0.029419210457438495
0,0.0014287067590447067,0.06681720166296151
0,0.1804712860412318,0.07528832428132562
0,0.049955626361578215,0.06154644976258595
0,0.0021753496868540507,0.07283281238114965
0,0.04728145392335793,0.016790621319083935
0,0.1353388564014166,0.006254798827078526
0,0.06806924997250316,0.013827673613577443
0,0.13752077889090764,0.012930784970949722
0,0.0374641884308587,0.07478990579611759
0,0.001516975992979125,0.008618270245408646
0,0.02178952566979269,0.00659962893620177
0,0.014059654154773614,0.01101537982842965
0,0.03409993902058706,0.018809319075900853
0,0.026629617055728846,0.01222804157250249
0,0.0049943037895842975,0.013563657970817372
0,0.00580722454211814,0.04369588745005892
0,0.08781325061456528,0.03634465612900168
0,0.027747191984525372,0.08770434498137017
0,0.021654282000451153,0.01139058702551335
0,0.016565767620457732,0.04647551903393837
0,0.2217598241871171,0.02934954291880262
0,0.10484812847147582,0.012386973901532322
0,0.014159541271469789,0.00414046957385351
0,0.02908688804006978,0.03072835033105413
0,4.456282055024996e-12,0.005418725465300226
0,0.014101162986373693,0.025969671760112726
0,0.00016779458328346675,0.04263930091861848
0,0.005080357694021413,0.009175760046954685
0,0.003979747001853186,0.183879171942097
0,0.027913795175953868,0.1008797056981678
0,0.00021760613348876073,0.03603350846949635
0,0.02155239501938143,0.018424384446520507
0,0.04240222300711571,0.011930557830187576
0,0.1638843059084547,0.0850367505126639
0,0.0037640202192202143,0.1852551081240929
1,1.0,0.9818166113027933
0,0.03892842784291216,0.06666959290284102
0,1.1922764171353944e-05,0.044770039347527504
0,0.04178083403372871,0.013932744315462426
0,0.09969030184859672,0.008676421191691914
0,0.36486014600837824,0.08238783522558867
0,0.09470998025249353,0.11332700685016456
0,0.00041453470824475704,0.03457931964298202
0,0.001350391819078453,0.01260161634954998
0,0.10203763347982722,0.045301347936364735
0,0.14567935179937205,0.04614932244764533
0,0.03421802046591294,0.008802973623104313
0,0.0049971578525801995,0.08859366268129275
0,0.010003028391329513,0.05283039561686814
0,0.0014039396100018777,0.010365624405013776
0,0.04872588889862407,0.010526995055455622
0,0.047850544144756195,0.07365700471002236
0,0.008488386047537511,0.06053628497728225
0,0.026056842798484987,0.014178851339390567
0,0.02742175834118168,0.010992416496975719
0,0.020552800583894533,0.026539242870206307
0,0.020311646599147075,0.028328430000825883
0,0.0157859371949079,0.018501371903256018
0,0.0014217146573359948,0.010069295962195213
0,5.247446519679019e-08,0.051270540724367784
0,0.043517963036346745,0.02956550437708228
0,0.03453131847683651,0.061505870920131496
0,0.0009656968997904192,0.042452703313879084
0,0.011442703469302906,0.006483527342967622
0,0.017262259779482994,0.003408751258122299
0,0.17497987455366892,0.03653809616262114
0,0.041335355029260404,0.011506659805438583
0,0.0546515130443201,0.013367105868556
0,0.017235537107994692,0.03775000499983652
0,0.016253054487088952,0.02415018483542192
0,0.04030049053667614,0.01460624545593142
0,0.08528606740904955,0.012235588963955367
0,0.04651732199212265,0.013779213412045068
0,0.02409425151306169,0.03825572846411189
0,0.07145197752330448,0.06163389895257957
0,0.011697333370815072,0.016920380646650374
0,0.020849615496616566,0.019397885386031186
0,0.04675947133060203,0.14269896764071646
1,0.9999999997018925,0.9945682680060776
0,0.3005726552306274,0.277788410431891
0,0.422821010251458,0.02358349050770826
0,0.1399375128398445,0.05852374708001808
0,0.027550315515299118,0.07116165033768401
0,0.027736194108940973,0.07949052732369087
0,0.011690152669474018,0.024980795964103852
0,0.05491717299957125,0.011253761492901979
0,0.007679336467228352,0.009429434826322972
0,0.08234158297032551,0.016706789058224602
0,0.6010440285856798,0.022258960753941397
0,0.005543620313897145,0.022704408351547245
0,0.19050069414584653,0.04499793481470953
0,0.01233887553622141,0.03150008066270747
0,0.01938763603906097,0.01818903038155405
0,0.07221541038303893,0.005240915339790286
0,0.05295662246683889,0.013594718383436767
0,2.2485677951649175e-09,0.008374102530387553
0,0.02394038681138505,0.07457962288825405
0,0.03985014549983433,0.004614720821040159
0,0.009709056950534268,0.0058737494547971905
0,0.0621845856079506,0.126593620130544
1,0.9966640162240231,0.5847961410312779
0,0.18600425670354606,0.03355405962615828
0,0.012991832493534942,0.011252130089786849
0,0.013855190569815488,0.10219957591596568
0,0.023176242256637856,0.04269465620305881
0,0.0030839342268563657,0.03165856708537237
0,0.053212768772017534,0.30999465605483784
0,0.005779642761567898,0.008945967833757049
0,0.02194851552990641,0.03522378846097826
0,0.03376355159904674,0.057549085506066675
0,0.2424423920992494,0.04076334020379088
0,0.026812233955901318,0.01822111604889389
0,0.1531633120446123,0.017742269947795455
0,0.14698210699557274,0.08848281976108507
0,0.006790001783650069,0.011055811051211381
0,0.05771898011454785,0.015548319246981232
0,0.10272523604679713,0.04437047976200175
0,0.018233079373554582,0.01016731382871944
0,0.013116832445387342,0.01336315121058457
0,0.00827737730759823,0.0070388333534938795
0,0.01937865415060565,0.0474845705057313
0,0.055641628846277824,0.022819224089281033
0,0.02914677337016821,0.01954015285884244
0,0.003737713664493064,0.01726790796503192
0,0.016980380720425747,0.016092356627423907
0,0.019710372237386923,0.01650913217123291
0,0.08079838373153006,0.22446642466003436
0,0.01796096558769073,0.106347376914795
0,0.38938069198061637,0.1320020230220815
0,0.0032587340770500964,0.010293826045656847
0,0.03805816362832713,0.041015697662737834
0,0.3455852723005109,0.21692299268987747
0,0.08327510803595384,0.03539489268095978
0,0.1729907718952061,0.07761024340357554
0,0.03198495008806377,0.011787151321760758
0,0.005362254553618443,0.002547202063702416
0,0.012432410376709427,0.24459137627825644
0,0.004638221530306505,0.05972414002187017
0,0.0028229426356334328,0.02096724319564893
0,0.018540161906193363,0.01133206204400147
0,0.0023722525914518615,0.027457613275004393
0,0.02087081858929623,0.04406720392285444
0,0.0024671187755716164,0.09360712907621678
0,0.0017542578742978721,0.0062384806802353535
0,0.0023222642034494427,0.0195900179231494
0,0.042807574195574266,0.04255128172927986
0,0.015520241767081827,0.011156675106879971
0,0.023577320834716226,0.022525051197197436
0,0.07653200698972165,0.0074995830146126225
0,0.00302811770118269,0.0590878913828189
0,0.22958942981999358,0.16110946211797808
0,0.06452739282396022,0.02678097263396043
0,0.04074639348348225,0.06010931228196646
0,0.13151809196572925,0.08755760278420897
0,1.6447703137051418e-05,0.003634001757077389
0,0.07719029142369112,0.03875823745350739
0,0.19792772537841152,0.10468388931241489
0,0.0689653264116838,0.0736087047815438
0,0.002814544837330126,0.033098380311951434
0,4.956506387189332e-05,0.014025134441417383
0,0.01773063069708308,0.010825357912389083
0,0.06308674551748204,0.03389712968931448
0,0.016899159868383546,0.03174554063447944
0,0.08084987308671746,0.021596144319495903
0,0.009869905223169712,0.02084513235805053
0,0.1012833958430128,0.006614113802480074
0,0.0027544920983182865,0.010761785458577703
0,0.0959701989584271,0.0663004888092464
0,0.009353648267039124,0.041548109604138066
1,0.9999999999467262,0.9995574722326055
0,0.9702141517069796,0.6005227238376516
0,0.02775510776095129,0.026729902177514617
0,0.007992701125363058,0.027295760672188134
0,0.24645720295122517,0.06323040795634897
0,0.0031256364177086296,0.022570600653516407
0,0.004628039823807567,0.01842446544178164
0,0.06987481432691933,0.01169765425959239
0,0.1603235244842925,0.02843876953267113
0,0.06270064628254172,0.010855855840851854
0,0.03247298023465908,0.020175245244116544
0,0.04318392312457936,0.012514230868366406
0,0.007679614367028147,0.14001409459719025
0,0.00879362917354147,0.02739375138934509
0,0.03563990496788774,0.1699977728835814
0,0.010461323154900332,0.061241846976565824
0,0.01619589877589852,0.042282398390654514
1,1.0,0.9998675876127361
0,0.007755359968153949,0.15696837986799
0,0.12276643682624791,0.0908015569711693
0,0.036474045621742286,0.06633034333277008
0,0.00892872010881752,0.011900560941149423
0,0.08780744396239366,0.09308559023691182
0,0.004097821010023363,0.03387854361473322
0,0.18303980802278405,0.02377095158875466
0,0.04656449427079397,0.03787662682120635
0,0.030831917235904092,0.022119905458074202
0,0.005522096944415224,0.021172485676629563
0,0.02792097803099126,0.013633454928776618
0,0.02686095637615408,0.012415018202538982
0,0.0023385993453086296,0.16610340506154456
0,0.15637805623341108,0.10826096567510393
0,0.012994218116455434,0.011095797668457079
0,0.12864781509260542,0.018175619160691187
0,0.031336057812418376,0.009138309184095939
0,0.017075645911128718,0.008320731895986408
0,0.2742524639381466,0.049993661920302024
0,0.03897827450871453,0.01087510890695627
0,0.008132919513235004,0.03186058456299339
0,0.03843385823132728,0.03443703545252848
0,0.01755579211117088,0.028274711325976375
0,0.03436660830391889,0.029167568699640614
0,0.015525097717789874,0.12699341015381774
0,0.1026341696379453,0.20575677069281897
0,0.12361613217700733,0.03073818715319614
0,0.024149525599282195,0.013087405480032453
0,0.29734243376826835,0.10176179254233463
0,0.024356897983617093,0.06936234589736305
0,0.03130519107600166,0.03951792687997735
0,0.003051118273353257,0.062398325734520615
0,0.003992174616624318,0.13426962658666516
0,0.024323756830989016,0.014602929621290511
0,0.016880648788922342,0.06089524543820118
0,0.005383315903873683,0.04080990488805431
0,2.4293893779214032e-09,0.010387689798493615
0,0.06625427892891442,0.018110025229246762
0,0.06060256936442423,0.0591462693631478
0,0.0030779133552384557,0.05917334868662478
0,0.4713290770711422,0.024023374756880576
0,0.018880408441198746,0.04724018091301021
0,0.020980155755147358,0.004909752289722446
0,0.0015596090470527517,0.013464356867748153
0,0.052740646134005316,0.053544758720988544
0,0.002164829174879416,0.022665961022095338
0,0.08288418272121738,0.06340461195472329
0,0.21020823021296908,0.1465651919907731
0,0.010669517376309468,0.024811767452719045
0,0.05438006761059493,0.026486906364686223
0,0.051592418837794626,0.011969967209711342
0,0.08469475942002865,0.20403220791377358
0,0.01822813772601447,0.01722828328752108
0,0.06224187814898139,0.010697610212077064
0,0.012843160986056952,0.009282716552714811
0,0.07571539200118434,0.031128093616427963
0,0.012177126706476036,0.00524699986309251
0,0.009604651191696142,0.0277543072669112
0,0.03834645085002937,0.16693038757005305
0,0.006599736178260374,0.011035128674054925
0,0.008359036922004376,0.1421751354508659
0,0.023568432480394773,0.056635916732117215
0,0.03825244305022387,0.08188410278964485
0,0.030482012033838927,0.054554667339500214
0,0.01593361501207579,0.42457705261903333
0,0.0019976804385256567,0.0031665039721607896
0,0.0033023101929419213,0.013368563691706442
0,0.09276916677791044,0.033318360638111624
0,0.0790453924370178,0.0570921998291756
0,0.09005308839283244,0.08005831552948824
0,0.18325242565877808,0.2325778856172457
0,0.028973026820727665,0.028641781880543907
0,0.02227078594852389,0.08985859517758701
0,4.951580092544175e-06,0.011828704069673556
0,0.04692152341167278,0.0069204313155739735
0,0.0002615468232859947,0.018231310119559824
0,0.01686253854494375,0.04761818495709279
0,0.11114157509857389,0.3371410509880377
0,0.01938284677674531,0.027488175907642437
0,0.046055124759520165,0.047142120899822254
0,0.09189786229319949,0.26295280594809045
0,0.11259957835160633,0.24227895711806258
0,0.09119677460438157,0.05021902594848945
0,0.07168550134942947,0.09887582960921733
0,0.032684902904033884,0.03369014003712827
0,0.0037854628328771235,0.06372873686936029
0,0.040805557023073896,0.007907717226484194
0,0.6487161146941426,0.07769135059684795
0,0.08408863333036466,0.014962736021292552
0,0.005922939928035268,0.03883168848019234
0,0.38114915895418167,0.2265215957006278
0,0.09320077352615193,0.07089048098336037
0,0.05063431254912166,0.020896615796553213
0,0.08518034712981096,0.16791602739535796
0,0.014318919303147487,0.020257332799811054
0,0.01326724047022628,0.08659314056854935
0,0.5855929124065833,0.27649882557639854
0,0.03927872715586206,0.3134337099527987
0,0.0063444288952567126,0.051770040466562986
0,0.11564755398296533,0.05681893702335593
0,0.05163924611817377,0.03553258444538518
0,0.10188048838184119,0.033230668639447146
0,0.020671705193325274,0.007266807672438075
0,0.07657717541842675,0.05066910359279513
0,2.7818227900900012e-05,0.02810245227441896
0,0.05570112436727104,0.020117391783704062
0,1.3138125243156761e-05,0.09598982545273108
0,0.11827050509299682,0.036978397899863256
0,0.003426528696696863,0.010275789399667284
0,0.12094392740884893,0.02379613185865147
0,5.587963013447876e-06,0.02735517563303677
0,0.004298815262006743,0.011969125635485512
0,0.00948064944342342,0.10498596429175015
0,0.07268468543185024,0.08963452248293076
0,0.003961128452118118,0.018972651907096648
0,0.012650948781014155,0.03266651430382146
0,0.026416713527711577,0.011773356637558088
0,0.011190569921026459,0.004414776971242999
0,0.006672919043144656,0.02514334396467145
0,0.04724334463539055,0.011031079947910494
0,0.0671136120161752,0.01599360059182263
0,0.024493153580373572,0.19674637798138056
0,0.008202410604597307,0.040647172985334816
0,0.013836751586036197,0.039209886588543456
0,7.2674270958723395e-06,0.012094048492081521
0,0.11785626921517084,0.0228576392343748
0,0.390493111151776,0.1372997066496163
0,0.017465943962883555,0.127038802031671
0,0.01734604711340808,0.011148625217334545
0,0.13695249053389094,0.01263142462109931
0,0.03402347741639767,0.014245483901474074
0,0.2813778928172387,0.1138157263753921
0,0.00915985363702753,0.014048856389171686
0,0.008538127659869128,0.023824746150104888
0,0.004869545339542219,0.06914499925916144
0,0.007253287637585244,0.12451042617082746
0,0.0030550354076779454,0.03268461481971844
0,0.0429067250283336,0.06519979468175316
0,0.4164475444316158,0.11633470820522168
0,0.1025211103696972,0.27772687478008473
0,0.03245058939760711,0.019929179325592135
0,0.07848728923063196,0.00794206702765381
0,0.1385273526076957,0.05525933075761442
0,0.015515674662968474,0.05555862520295502
0,0.006296128575273004,0.016587942072941897
0,0.012352331984316582,0.031796077911820264
0,0.2778538423162211,0.23121235315973593
0,0.1588957359119152,0.11397195018241636
0,0.0012518445277306751,0.07818472565362383
0,0.06025027644588886,0.03834023521135323
0,0.028938588517713786,0.009909096580131518
0,0.0032399469195995823,0.028463033607915963
0,0.0491747731776773,0.0268619709990393
0,0.024528917239240798,0.006602516066920773
0,0.01567629127117677,0.01162538453393096
0,0.09043994347795598,0.027001268624136883
0,0.43697389190398006,0.12641865376274092
0,0.19246095491374743,0.2791043713868959
0,0.01390268036930462,0.01331880586988622
0,0.17245851034477203,0.21169464701771049
0,0.011871909468614569,0.02024667782576359
0,0.18215192186719326,0.34030092831167996
0,0.022978911384651208,0.010940501174786538
0,0.0807123025367152,0.33459851746836855
0,0.23527180376198478,0.03631479396678508
1,0.01681099223780376,0.03959721608167862
0,0.01452028976853242,0.020710774499441323
0,0.037487880744827666,0.08227966325849484
0,0.07607559592021543,0.02021326271536616
0,0.010409333482431485,0.021446718668713234
0,0.0924252025036192,0.0031943397895698917
0,0.022276629516136293,0.005039555111835458
0,0.2577560988083252,0.0789147253679274
0,0.06924426736982696,0.02081305582033949
0,0.10884106004122078,0.02510853866317955
0,0.2993225267857705,0.24361812906936475
0,0.04522073495746652,0.014587655544654562
0,0.016014379305815767,0.010603024012796806
0,0.03353902602915757,0.011738347066484583
0,0.005401858577250408,0.01833354853572237
0,0.004940979354755826,0.03527002454692292
0,0.0735265318569862,0.013874474152684705
0,0.0024647217480225922,0.012927901601091658
0,0.0044837378372361274,0.005334177917651124
0,0.06968981194405975,0.038691989916166444
0,0.042017801753299354,0.00828304836981843
0,0.2359989374029185,0.04317482312079204
0,0.046717806099507576,0.024024841676940512
0,0.03678086322483851,0.10548879943013165
0,0.15284873514772632,0.3063933988374174
0,0.06998329237551075,0.09555324160565613
0,0.01704679425519932,0.009638634169408598
0,0.00010639281189539645,0.006663875581494661
0,0.1170428505239718,0.02843409619949841
0,0.035831418727328146,0.019020330501893973
0,0.09404527544766453,0.05637445528618824
0,0.04607201157453625,0.011899182723893138
0,0.02476280223758274,0.017850239554312617
0,0.01593995715903247,0.0033570485872567338
0,0.051532638982057385,0.06604857181089913
0,0.04035333436998498,0.024561250727489756
0,0.1429276263345874,0.00926777875091527
0,0.03394223149849149,0.0017173464427594732
0,0.08545476168624093,0.024576297904059363
0,0.09121641924313048,0.046945320588603186
0,0.006086830129971986,0.008350294152985448
0,0.3505374534321663,0.048205824455453274
0,0.01700914908784158,0.08083092139394532
0,0.010700582231014825,0.043298268378235596
0,0.14117564122090476,0.032034677438069585
0,0.023435991668180736,0.05311689089052248
0,0.06038100179469179,0.046763934933781594
0,0.17712135488362135,0.00619309377329776
0,0.23173226433258437,0.04553470888748278
0,0.009519500085824865,0.015843196622597422
0,0.017976246607290945,0.010093826087582034
0,0.5877023223063154,0.09542585028810138
0,0.4182398578194033,0.2476494171898542
0,0.0775414691917048,0.013595945920496247
0,0.005598326381080276,0.015451996104101516
0,0.03056956330575573,0.004965394100612446
0,0.02273172583788374,0.0789392436875632
0,0.07629022090361272,0.02359343346614014
0,0.025516364307340306,0.07721717226680734
0,0.03279904452077606,0.007162750296683327
0,0.0035128833104572407,0.14589507523955741
0,0.011976108272926313,0.017486756078949884
0,0.04483473068919212,0.037148551512599076
0,0.0033563816297011158,0.013670597742858913
0,0.07219051690059058,0.03646250751980489
0,0.013000899353917399,0.07034922532503349
0,0.011946997969830042,0.0530055702195174
0,0.0011610761717689416,0.004583697138751429
0,0.004884288967780608,0.02248166354966808
0,0.002306487535049335,0.14630859262843873
0,0.0039781446946747035,0.020397795517258403
0,0.02198543856644969,0.01670831183829892
0,0.04806905849119735,0.05881271372839639
0,0.010600433190965153,0.11187355188798422
0,0.0387480113140626,0.020436962009678275
0,0.1375367529504013,0.1479987764001952
0,0.13205417895834815,0.08248088452225058
0,0.0311234892367103,0.010679719863564804
0,0.0489024789547955,0.013311253429844381
0,0.029696229740720035,0.010766470553740954
0,0.0018387286092832746,0.04164148899930788
0,0.0062150996640822735,0.05431043128234294
0,0.878972123093197,0.06191940505573519
0,0.1464376200948554,0.06459182279541154
0,0.052582648470114186,0.025091155286441087
0,0.029010009498740334,0.011550545968212565
0,0.24167243676875974,0.08861027022316811
0,0.05855195639203153,0.007795364891851361
0,0.0004695961512152257,0.008902464400838984
0,0.09726123569530853,0.0940795409731132
0,0.004218194852619712,0.08271295705102513
0,0.08206458932461162,0.02148939687521852
0,0.0017500291922833587,0.008001335353561297
0,0.32068371395970047,0.2995140045588227
0,0.03714577409892003,0.08781106929113744
0,0.029491980506418568,0.006943793237228755
0,0.1314693523591005,0.030278325300417692
0,0.00203442603250094,0.002635369640106453
0,0.02080602118625635,0.08039444344880392
0,0.12012931361585895,0.1208179066579215
0,0.0362943053519657,0.01743601804220444
0,0.057842905291473824,0.060492543053231915
0,0.021734738722058517,0.013214755784672835
0,0.06900216989516234,0.03832800365166143
0,0.020467857267626594,0.02290654483159514
0,0.019660520802332545,0.023887871697324897
0,8.208919435271698e-09,0.0048293371314057365
0,0.06824849330896582,0.02480718352651004
0,0.007192865920227623,0.058294488672946364
0,0.00016951130436644918,0.01180560667948801
0,0.009601226259467367,0.0036532955021915873
0,0.016004028379641284,0.011645930328735033
0,0.047547709818401854,0.01969557478009762
0,0.007001896473790519,0.04837867587999942
0,0.053195448270626756,0.07959830298019745
0,0.01598871940191207,0.017195389986159406
0,0.11512915548557563,0.021532085872228646
0,0.030465819109155537,0.07040813944181326
0,0.012999667174346887,0.054137942447707595
0,0.019775824930974708,0.011880922567757324
0,0.043914613351738074,0.12114881819769872
0,0.024358352016926002,0.04716190351473742
0,0.017005614694874334,0.02185298520095306
0,0.008634685780254588,0.017667585492659923
0,0.04109734568326735,0.05154734396949262
0,0.03728219034271304,0.021791614341345227
0,0.0284246398868969,0.05779807015243739
0,0.0016579768880994133,0.008882007567828096
0,0.010477859228214663,0.03733541231713511
0,0.441606602997138,0.24005290109329014
0,0.06100016989185245,0.033922138451516544
0,0.0007413138056131076,0.007146876225209513
0,0.006400471601211713,0.03011795214590743
0,0.030817750201791633,0.006220656271080425
0,0.09543410778693849,0.005166578030642926
0,3.367856640245089e-06,0.009053584756627694
0,0.0028907589124662217,0.11069441346333196
0,0.3244388246611352,0.05471609277886931
0,0.09407475309152309,0.1733714598840565
0,0.0027119486656102623,0.030067967874951102
0,0.0029447676206877985,0.011701231157094072
0,0.1253888060614426,0.010710851806689656
0,0.04983737496313801,0.28303327064563477
0,0.022882003771123177,0.011285280070659232
0,0.035930675059739126,0.12020939069448086
0,0.4375275859886095,0.08661622351721714
0,0.019123770299815233,0.013482631191355255
0,0.21513859655698997,0.28301940476611714
0,0.05135876707878837,0.005567387102389352
0,0.012769288673354093,0.008969879058426661
0,1.4405329076185686e-15,0.009857529433026105
0,0.08024971288288017,0.07763717186115873
0,0.16670612381885375,0.045875637793167744
0,0.00934743143460712,0.03554306886590948
0,0.15738601509986427,0.09694913269764892
0,0.019644239327183753,0.04583097697900476
0,0.022622066781738902,0.033743682818270795
0,0.020039590074094348,0.18452786496732806
0,0.006388465857809363,0.015962851602932916
0,0.05303699828378788,0.013144382824110607
0,0.04106337952990551,0.017087961209832372
0,0.010042126338821485,0.015712424028040583
0,0.02994606792740907,0.05027433257408966
0,0.1038579074145183,0.01833172815180102
0,0.012683906810448177,0.014703106903308776
0,0.001333097915197243,0.009549125977916562
0,0.07541907850528827,0.015205148860473616
0,0.7163612670832485,0.10145421990644783
0,0.8672172675049504,0.2055145626416261
0,1.1361199876360868e-08,0.011276504462907119
0,0.02471306513258701,0.054156220172360554
0,0.049957921440947295,0.014560886091401805
0,0.009357613114896798,0.010889744616765349
0,0.24743441790969845,0.008167167939737135
0,0.001601682117941767,0.046056182617524394
0,0.05180668979389549,0.044763121076552156
0,0.09721366044811235,0.07527014002053602
0,0.30855078350115245,0.03786602132223674
0,0.03526244492402798,0.01577749623512115
0,0.14935485215643002,0.044975254829773
0,0.017864491522977394,0.024740801113316873
0,8.781352231269872e-07,0.003206524292305181
0,0.007687951851478779,0.04588194297887565
0,0.08304765156198982,0.004822552797219137
0,0.3659829484215308,0.01891449952846201
0,1.8261948743606387e-06,0.1176693322870365
0,0.03307482444215295,0.016428806932900934
0,0.004200342301386674,0.018424490870997564
0,0.011001611274829116,0.008815174413844775
0,0.07365549526839561,0.01278628103476615
0,0.15993132413776148,0.02160035419941787
0,0.023935910827666614,0.07551814192533256
0,0.04568261932044049,0.003777388248679965
0,0.2644400282920569,0.10014591823183891
0,0.003924500006868777,0.028648823574202217
0,0.0592770524431151,0.1306452406470813
0,0.19527429897946932,0.013326938548472974
0,0.004293257666217836,0.02444144170210028
0,0.004281895432883288,0.01796513632330052
0,0.03438650935818784,0.014615183239381586
0,0.1061852929288708,0.06261493253962772
0,0.13556624253613683,0.03544584182855871
0,0.019768124002628108,0.06183090623656024
0,0.09886308062501273,0.05926277754958585
0,0.02003130293401224,0.01435411631269352
0,0.054680947810062774,0.00376612575861654
0,0.016776467144935,0.01846904941436722
0,0.03942221115930559,0.03335555772629077
0,0.019765588176674474,0.19015820500110725
0,0.021771964906629828,0.038538545107444165
0,0.01025131816813577,0.11759622990432242
0,0.07491202669286019,0.018605956373932704
0,0.047666906648374814,0.013722887458288521
0,0.32171204949052595,0.1884749300839422
0,0.1884877897363561,0.014465821423781498
0,0.11875750979493,0.4242789981943283
0,0.12138353181844495,0.08539872314221741
0,0.030579727935319635,0.006160245148429403
0,0.0008907727046784909,0.01064735514781483
0,0.009005603291420923,0.017444785421893573
0,0.07728870461939552,0.023852772171634076
0,0.052054503037010535,0.01399157351206986
0,0.013613118284726094,0.22617742097047067
0,0.0029474827052952163,0.023964326740045
0,0.26389940274037976,0.07055689269130686
0,0.013689469227476027,0.049115101794143266
0,0.09875761888647758,0.03842966860373842
0,0.00041296530491049784,0.029268187295151158
0,0.018304165078961963,0.02016930201126497
0,0.002927533911538702,0.01495667584764358
0,0.05677709346883468,0.1070129831406619
0,0.022594704312655287,0.02534651516709725
0,0.9607517135205592,0.2578428225333182
0,0.022525354032933875,0.0036699220573225286
0,0.04432171206828691,0.054608415192375526
0,0.03840618296670302,0.03365061473209642
0,0.01221301298990434,0.038947690884558746
0,0.037419622289193474,0.0670872863287498
0,0.052110301881592734,0.01399157351206986
0,0.06800266486263173,0.06787970188698164
0,0.008499997738695426,0.18578984683734406
0,0.14935443729865738,0.04629728213963803
0,0.027212895648695872,0.05779663389759763
0,0.009380113320221055,0.005662237944958674
0,0.2709257691500778,0.12665195296931095
0,0.16491944524472685,0.18170254021907636
0,0.06199287344481409,0.02267838994900337
0,0.005085664343696091,0.012640630610829698
0,0.18704313684068918,0.07861076477655342
0,0.05744466970522151,0.017281831353478723
0,0.3073949141401727,0.19261464325006253
0,0.008876081940662313,0.04833974662509498
0,0.011642868543359438,0.05248365868980031
0,0.006335144315277313,0.3749939793563238
0,0.012848594658797048,0.014595053693514496
0,0.030690584198359506,0.031232811589702068
0,0.02397019271225685,0.011711662069478717
0,0.0015198120951359982,0.006667210454324348
0,0.016933476487386842,0.03434833994971976
1,0.06667327400220677,0.014870760551561097
0,0.5215897343900412,0.051228878747911454
0,0.08972105957261463,0.04949808310536923
0,0.028104028510669773,0.010866383175880087
0,0.02646809189852614,0.012241804230234347
0,0.02906551621608662,0.021771517350251665
0,0.003077498874128751,0.0797710842009192
0,0.2306225808973466,0.09523333415132904
0,0.02057925764814264,0.04230176159934752
0,0.7108248411164612,0.306335361720074
0,0.007762319825730166,0.04286238616882568
0,0.0355571998082532,0.01219985298404851
0,2.3790153273898613e-05,0.007086926060734999
0,0.00532233450217591,0.019109814774678748
0,0.017695307701958464,0.029001828127208928
0,0.026139456974144618,0.010366607196663854
0,0.08880636094478953,0.18127484350564538
1,0.9271596611445578,0.19175928514766816
0,0.026097413733569528,0.011830158181348104
0,0.03240656536303826,0.02268388045870907
0,0.09071882823369747,0.0052480654264622836
0,0.03668159984011971,0.01899240502154835
0,0.08034229976651347,0.13537163854054424
0,0.6679254251978685,0.044627100833307655
0,0.01998596628896854,0.009251812247271524
0,0.013695097082573899,0.013830834634413914
0,0.02962356328099338,0.0042982309905781595
0,0.20503044846142995,0.013049915719501756
0,0.12801641074915165,0.023892693175489733
0,0.003017013059315069,0.027498062710682017
0,0.005125599005633391,0.05327554712100878
0,2.9246225726951244e-06,0.01879412949295426
0,0.03458232389868999,0.006442374791233841
0,0.09604575556987938,0.3045506682947573
0,0.04624314030815262,0.002083086082599119
0,0.01726975898840848,0.05761227836911303
0,0.016126672670108477,0.01973534222926442
0,0.19369186128294844,0.022608551081856373
0,0.021177055258565534,0.014608323944445023
0,0.38806929797879847,0.07848843619686464
0,0.05784478365897501,0.05847610290144116
0,0.039569628178273045,0.029663601064772248
0,0.04873053005825065,0.016065610383283288
0,0.0317944337983616,0.031646775053596345
0,0.000109918072027462,0.022938098210803243
0,0.5564905736547341,0.20081590038134137
0,0.2057374138510725,0.07382334949608371
0,0.028270757927001646,0.2169751431403894
0,0.002793157045655259,0.019519515502742665
0,0.07878072189677239,0.06198147572798329
0,0.07220203840332855,0.021019932635799446
0,0.011221982842199949,0.10534713312028697
0,0.014383328460738178,0.008563007255873212
0,0.11374897043034252,0.0365227028780888
0,0.28639220699440143,0.08553266332570245
0,0.06146011722048599,0.12082859052083524
0,0.16120142499203283,0.038637977728834795
0,0.8247382326043968,0.10621965140789705
0,0.005795125592372616,0.36673588196171675
0,0.023814894667430878,0.011347193544070409
0,0.01380815523843882,0.06196359915012125
0,0.0025378631981036637,0.4316445004442995
0,0.018729870985097728,0.03227407564222014
0,0.14431251474298765,0.08471725558750928
0,0.03812022449139538,0.040944423776246866
0,0.024774361008559363,0.1106911134200501
0,0.025821334961392235,0.00964601107487704
0,0.022721899225913045,0.011596948866510757
0,0.024804957672485858,0.08435230105369432
0,0.07255809231390282,0.03881384572254691
0,0.3257948490729444,0.19865923845354286
0,0.020068768224646955,0.018578980896529682
0,0.008813318891380099,0.023374996716893245
0,0.5534760784147887,0.3668441010630854
0,0.06691128350825928,0.02671839675431547
0,0.02685523265363779,0.02714119853690977
0,0.12145671432966913,0.031046985936316232
0,0.06582647887548805,0.09696013262731133
0,0.07989180257881971,0.11836250571450241
0,0.04347691130848188,0.007532631720743888
0,0.004917715203708619,0.029324205572235397
0,0.004835660682605969,0.014857985810038195
0,0.10718146355496691,0.021021015445656703
0,0.040324230472834455,0.015288359348693948
0,0.09445329922651731,0.015106262555649307
0,0.07524614271026255,0.019610987130173268
0,0.06560494960340138,0.028561629335934962
0,0.018910251700216447,0.009476333798563176
0,0.37604610432066854,0.1931480329830082
0,0.04484118052500813,0.007118985254298394
0,0.018378309487486543,0.021969195580780507
0,0.03535624993312697,0.005487098816653294
0,0.018458918925634386,0.18008368308449196
0,0.052019085364858504,0.013774356940476474
0,0.0185292218707754,0.014099223024345697
0,0.00012634058866936912,0.008916541381299487
0,0.02349084940100383,0.012935419672574963
0,0.033315708080950614,0.014474979806620299
0,0.0001460397476157096,0.005947552941007059
0,0.016733675286549027,0.008599826842710196
0,0.01824611433115319,0.008485134411840125
0,0.009557537364724956,0.02198016916648501
0,0.014771622951393218,0.0736441415967553
0,0.028992965270998407,0.01340047247653299
0,0.1156280438536999,0.10346865664622283
0,0.04540089640978802,0.006439504383399566
0,0.03180732202171531,0.014610564726954595
0,0.012341290944700775,0.015303604002494309
0,0.07825018957524867,0.25444464311113996
0,0.007658228625850148,0.5210479354100281
0,0.017915422574925094,0.01553439506345969
0,0.017638120375202498,0.023413641223021704
0,0.03918344942146337,0.20209811423766452
0,0.00012865613096506103,0.01812380060615703
0,0.1869773261491549,0.16016129123279385
0,0.05321934459806952,0.004399355824167921
0,0.01641947425403275,0.018712478825189085
0,0.0022372322142540707,0.004111645934461973
0,0.08207372382118677,0.07242607729146033
0,0.580544852853986,0.14988936635286135
0,0.22724672305278903,0.2779680212172864
0,0.08857171721138996,0.02994582608137341
0,0.015071878846224547,0.07761419986943068
0,0.06077815076182389,0.02005965677130575
0,0.023826063244881877,0.003453282608465097
0,0.06318382253047425,0.00861003049461534
0,0.05163464075746447,0.08191768272342272
0,0.008551247756878197,0.01621901071709962
0,0.015377494867691919,0.027732136163590125
0,0.027955552582876693,0.04285943728192926
0,0.036839680802936155,0.014768795463969576
0,0.44367591390207817,0.6044436963681403
0,0.18976854751197578,0.022899082170446
0,0.00038918158036888506,0.04846037047742367
0,0.022562303012516754,0.012559355229289528
0,0.052953784010509486,0.014946244675904642
0,0.011626745704464989,0.0048400101419513505
0,0.11064608625083813,0.05234986270654441
0,0.02418384887441186,0.019071781122914914
0,0.016186038864797074,0.08925688027373344
0,0.011878435069255547,0.007700807762301643
0,0.0058862831593136395,0.02127549442762568
0,0.09385759472935248,0.031149019289211963
0,0.018300850986406988,0.013165234247914945
0,0.004401328480167074,0.009625306778522205
0,0.013132575574237268,0.019447040171181134
0,0.07393926782527326,0.006356237256478442
0,0.5531377573348099,0.10774392607924926
0,0.019989909175110763,0.01704148418306036
0,0.06227148734140651,0.02983603026656328
0,0.006719943976801015,0.14426893182684614
0,0.2425658467796355,0.018431199783991412
0,0.09120795167881342,0.035678634902022575
0,0.4698023757198171,0.3452365959793134
0,0.09842198523152822,0.02462127732443925
0,0.07069493574656058,0.10883226086071393
0,0.04081526693166711,0.009654739453572854
0,0.005277882124085554,0.012766211264645054
0,0.1338965137595691,0.0422214624753783
0,0.0585792291021061,0.015251598425832156
0,0.06724833116383651,0.020667522801442406
0,0.6983822606492388,0.11220020047027889
0,0.0002124662202528721,0.019792296919667912
0,0.01577211413329812,0.009521789129943961
0,0.0953837456849875,0.010376959802332577
0,0.00883880615223237,0.014175604321286336
0,0.005448656276401223,0.05003251375744763
0,0.6492028966973098,0.12807318603069642
0,0.04558492442872938,0.04058931994437866
0,0.03793247132681512,0.04642064596629068
0,0.03180698786742793,0.01112595483606648
0,0.04196120200195528,0.06498870159912314
0,0.24238402339534537,0.10952325049862413
0,0.029586306655059687,0.16769538727604028
0,0.02046847162343775,0.045331971187456375
0,0.02037087983929906,0.01548467234169278
0,0.0037830138347557706,0.012914496261123702
0,0.0029033013470159334,0.023502312756993885
0,0.0029171075254513026,0.03220913395099332
0,0.011549636071381653,0.020123332920870412
0,0.006272782557158677,0.011527251104657233
0,0.010359973964045961,0.04044118356504974
0,0.07604334378631109,0.017498309534461888
0,0.038433723620785426,0.011615894454511754
0,0.19120048408811688,0.0491890588727068
0,0.012917852361482284,0.0665687810602462
0,0.04862167763259846,0.038044688476028314
0,0.2774718899792394,0.14498817534548164
0,0.010256331666535216,0.07457912576060743
0,0.31837513574484055,0.10675558870799884
0,0.05094457864776466,0.003598820897552993
0,0.00012142472767114793,0.012244172353782076
0,0.040406925832514796,0.013103656561212018
0,0.01592084754695107,0.032430565751213565
0,0.02550136370278121,0.39785599887064366
0,0.1495809264061038,0.3219081736365264
0,0.06032704213539009,0.0068876020679303155
0,0.045540505531600786,0.007278089244134065
0,0.2789286944241271,0.05671886673211133
0,0.013018914085522358,0.1464293156518512
0,0.0021528539327625076,0.0070268873151121064
0,0.010167355334401353,0.04605019703871271
0,0.1074525910734782,0.029289483423079278
0,0.00543521168817051,0.08956214359923394
0,0.0009885988425587518,0.06337735975992233
0,0.057078367151157536,0.14560668500992155
0,0.9152277199514806,0.216654762239756
0,0.016935467939479535,0.047600983031252146
0,0.04116847655897845,0.044581640834493834
0,0.10082282731291375,0.1361203757789827
0,0.07297050153100564,0.057626277342894196
0,0.09320679753840454,0.00527461303342769
0,0.03839489098134715,0.07551792406989871
0,0.004576257283781587,0.15051402617446724
0,0.017418984440289328,0.011118759378664167
0,0.21387321179340557,0.052018362570647236
1,1.0,0.9999366709520646
0,0.007496229719871953,0.016738319239012648
0,0.051434531722072796,0.013450100670847396
0,0.2502352088947001,0.05148654558977019
0,0.06519028027082943,0.012712297366849014
0,0.0009422339030839605,0.013187290206346555
0,0.022711446463155743,0.0973640549919788
0,0.042530875183630544,0.1182492131568337
0,0.02614104375598138,0.06685523220300943
0,0.0017945629339063682,0.04587201597518709
0,0.0021980863839134754,0.053980817542723325
0,0.004420213578151564,0.01961636495415941
0,0.1901604434811172,0.023146718834935374
0,0.025101280133875945,0.012344392632951107
0,0.12028537918336926,0.13341813764498842
0,0.05735803816045603,0.08265893433578356
0,0.0036066138400939977,0.0032587484058658185
0,0.04584793778659812,0.06432131301984678
0,0.09033988305077993,0.03452678186572616
0,0.14745201987305223,0.020506253627185073
0,0.0028329937422656897,0.1434306194269871
0,0.0001770216644910688,0.013851531251556932
0,0.022559601782135907,0.07762807774929091
0,0.0991053587739485,0.05515610466562176
0,0.018971478017593923,0.035358174620667614
0,0.010464625817142265,0.022482695875853973
0,0.013523597922490917,0.09264033096942328
0,0.0017307850711611597,0.10465505195598497
0,0.15129542094467457,0.007185265067230081
0,0.09503032413103929,0.02656964471933979
0,0.0003338714611284657,0.016682410064943747
0,0.046931115491311404,0.04945912430928647
0,0.5001923220903762,0.21027496931821002
0,0.01667735328179704,0.011317721649646853
0,0.032575613920729635,0.21036393438310813
0,0.07578044453394286,0.010066888533646439
0,0.032835612094520156,0.05336635691005866
0,0.12443155830923512,0.031090248377477193
0,0.021400776806508218,0.014954817003563462
0,0.012182435564498818,0.05375584950217292
0,0.05760513535756908,0.01424576589242438
0,0.00031068988655462367,0.0061310484049231576
0,0.00636068265496771,0.005169634533824797
0,0.0006920683010600757,0.07439924415484259
0,0.3358884741512748,0.09847652163017925
0,0.05834533136226552,0.03293908183856171
0,0.22820967158762304,0.07040515707552593
0,0.006526251396962263,0.0033820524193506106
0,0.021526091552968637,0.013657576584467725
0,0.12139933121670937,0.019141946456000453
0,0.06424703190966716,0.1034380781353684
0,0.0018687413401272483,0.0474878201913792
0,6.652240381670677e-05,0.023001937921084604
0,0.26260578879021557,0.07122800710519167
0,0.23262547512216972,0.10921128269621726
0,0.014501817804231378,0.06390401087778297
0,0.18556838373269194,0.0221617524630458
0,0.05372674154253257,0.021686829337326564
0,0.007970752283669212,0.007829454438426928
0,0.23902115849524794,0.09849853731516045
0,0.027973510045536033,0.04147876222796452
0,0.0506041111756792,0.13708583110342037
0,0.05564395075913837,0.007109468179057951
0,0.02268882623283354,0.014596604617971208
0,0.003641279508006911,0.023263682675949412
0,0.09189745339458547,0.07232486691224517
0,0.010912331789047228,0.05109917101998
0,0.006922556727282825,0.027445030270642077
0,0.03972901069978944,0.07762302988868958
0,0.031627430226269175,0.014276027751862696
0,0.07292433483366145,0.024356419733846866
1,0.9999999999999936,0.9998845048242958
0,0.20434591180293551,0.10473990595974288
0,0.1532877266698659,0.16572885976764357
0,0.00015382318036548265,0.0033048162769867746
0,0.06679912613572243,0.0119044530801664
0,0.2777485370277003,0.052124054661170455
0,0.016553745997867877,0.011049871942112481
0,0.18108167465913375,0.11973344314912637
0,0.004705098804550034,0.18874308264697964
0,0.008789364377830143,0.025446900250378674
0,0.01411306289408184,0.15392037763717048
0,0.11223543457939546,0.03464532095185846
0,0.020149822684017937,0.00787827024614703
0,0.03618283211428105,0.0054290676106368485
0,0.11478057404015023,0.06235286019684963
0,0.06418043770680461,0.240883868711046
0,0.14682210809412563,0.026262640525257272
0,0.21065939490597108,0.021335952990733438
0,0.015264864590359082,0.0629405157066083
0,0.0033317086343849413,0.01897688682994694
0,0.38397057185364225,0.24279257920842004
0,0.013837374858117903,0.07666531782669765
0,0.028173407543569232,0.03610414413667487
0,0.01347719745412664,0.115007985165817
0,0.03398497109210206,0.005161024862265259
0,0.007037176433440938,0.06752861491111511
0,0.006809949320118387,0.0035079430065388505
0,0.08006899711452488,0.04861384315571003
0,0.7949762669486181,0.159330002458976
0,0.49674008497311006,0.23452110936491508
0,0.12050547185779759,0.05116398171315529
0,0.15868127341803412,0.3260500071587828
0,0.007133185897510217,0.024375464081000706
0,0.017117109122271778,0.04036013112683651
0,0.0199098217416559,0.006963580238914157
0,0.01935018259915311,0.016425085871567994
0,0.05662845381474006,0.015857794041562845
0,0.09866235422320231,0.012735980461763864
0,0.025282766604679038,0.06160988101168127
0,0.02779048027938654,0.026274311567746775
0,2.055940617359111e-06,0.02352747667296795
0,0.006800364970055702,0.012166060491937353
0,0.01678489228107623,0.03776712920261416
0,0.011102948519978187,0.026124688188882497
0,0.03451638482526612,0.011775580298064928
0,0.026314515587499844,0.02307168516009577
0,0.00016610435673040648,0.016345383545064048
0,0.021671205972384786,0.01038283251113214
0,0.0016284068664474522,0.015214662139499627
0,0.011585084490772155,0.011706043760227783
0,0.12627963762546546,0.014273477933208982
0,0.006655428948166384,0.0092298095233602
0,0.15174035805245945,0.0719513804277117
0,0.010645988962949354,0.013970879939101158
0,0.07960379638732933,0.11953335945586452
0,0.08785737784956463,0.06846345462572062
0,0.03396528603033462,0.06543133746566346
0,0.005025810506354763,0.057226342217536044
0,0.3561160467438871,0.0592628058125618
0,0.018134630453204976,0.06515609516262486
0,0.03754224548065251,0.063296867799359
0,0.1209154407252942,0.026331016614613872
0,0.00406060312530964,0.04942083451979213
0,0.20956713946534758,0.04697711334691577
0,9.184734566068235e-07,0.024013114359939833
0,0.04718292478786789,0.005001220779608408
0,0.46373736671962595,0.0996972239878298
0,0.04401301549777758,0.06771585149693175
0,0.05762792750323672,0.05414004232822558
0,0.5436713010978174,0.3982957298942445
0,0.0005717061085792273,0.06026411245483042
0,0.03332169923935232,0.06665960957061884
0,0.0013599300892992536,0.02507015723966923
0,0.08322745422420845,0.22293601731893392
0,0.021418090214581572,0.007641469072952211
0,0.03151126796414365,0.014163943071795467
0,0.010039929898881344,0.004612102337432024
0,0.008589333193797389,0.015750795609890636
0,0.7302151699676868,0.11890227600189253
0,0.02068202139799618,0.033215037960633666
0,0.034233272986393504,0.056123849230653194
0,0.12555845576978877,0.2944600064356592
0,0.008385492574275174,0.01192003129167844
0,0.0038493779264676758,0.019094836007763735
0,0.00014215272442426677,0.05460301622548253
0,0.32754459445584916,0.06925369541489244
0,0.0001479382728818351,0.12563336223229424
0,0.0907852844742547,0.012181429437544786
0,0.15469263405038192,0.016677353366181442
0,0.03546239660277275,0.040611979552310565
0,0.07798846358277803,0.0168494796748527
0,0.03424670234082138,0.0058199959566910976
0,0.0008013487493425389,0.010874969642192039
0,0.5109172792053754,0.18261721579019466
0,0.013432693616671902,0.032329586855266296
0,0.031067531403373497,0.004852355667718682
0,0.039949539498910884,0.011932303942471512
0,0.051112271841103646,0.07818607279229461
0,0.029395556715355303,0.007955049657080748
0,0.03121294627406752,0.011599817947099671
0,0.058172573113672174,0.06445489564315945
0,0.00029250383611305385,0.07470540392647372
0,0.001723227838130759,0.026882385526157775
0,0.0054332203375937185,0.00560852386717407
0,0.024838868523355515,0.008637576688170848
0,0.044373703450207955,0.04101229124749337
0,0.03415621117007369,0.11702512624274593
0,0.015142744073659193,0.015268732565732185
0,0.016988646966281964,0.024070871656682365
0,0.09299663717691325,0.26092088392873497
0,0.04342079276477546,0.01385254334602264
0,3.387739975401954e-05,0.07196709292279815
0,0.052452171144588396,0.011739726235602791
0,0.019982910453796302,0.024871637209751503
0,0.020458634320278942,0.029177524740705535
0,0.007557456374063176,0.015449621567189698
0,0.010068007449715172,0.01645409580883856
0,0.012157004542569365,0.024287300557307347
0,0.2952115910981577,0.05249133353782209
0,0.15124165893104444,0.006880220488025159
0,0.04733069888515599,0.007107507286411885
0,0.03999297625802243,0.1436042425775539
0,0.010459110937347619,0.023401001244420443
0,0.08503719417061922,0.1262667551014355
0,0.026201675115220386,0.017705046933276916
0,0.04067138243216309,0.01575803726877819
0,0.0379418359434431,0.01813538652461721
0,0.017046609247782115,0.051767288040590956
0,0.04523417924552345,0.26860011995997296
0,0.07524098535681312,0.00826536546124604
0,0.015580939825255297,0.012545735584696197
0,0.11614463368587982,0.017117938159195982
0,0.014155565809671044,0.0672473913631284
0,1.3020912217596493e-13,0.004295176639569353
0,0.044765838300314935,0.15493768485123852
0,0.04210764709168644,0.03424212421841437
0,0.06014196639933491,0.004293214317096067
0,0.04649823088995583,0.012267491183571637
0,0.027014859914475237,0.009425870604170366
0,0.022859262277093673,0.04088249520840719
0,6.899318486480675e-12,0.014348095079164494
0,0.004327494259933852,0.009876092498578234
0,0.051461484478355114,0.027851196205937533
0,0.0037624231441239784,0.04832856982564387
0,0.02756269560889046,0.09583666045030431
0,0.04265334539808432,0.02463130345076929
0,0.11296853635401169,0.02545728447549613
0,0.004520270068393728,0.06472010453745497
0,0.000513280776443674,0.006439542055303761
0,0.002204246045891172,0.12863034328625453
0,0.05810938645832683,0.02131463662089418
0,0.026094807488000506,0.011803630275795604
0,0.057594530958585737,0.09633091814211668
0,0.44571432917304893,0.09249134136651474
0,0.03511019846778406,0.012187284827976987
0,0.2105458003500556,0.05781181784240223
0,0.0007222736922717497,0.06286068571207865
0,0.018354094976244604,0.026375723415325857
0,0.014862838912470401,0.038801075176809426
0,0.030754849613942477,0.04960893147249508
0,0.04123475429879226,0.07040105431440777
0,0.027730829835344518,0.14941686128759124
0,0.8703670423180665,0.13202327656682603
0,0.011793211222098164,0.10454441763938133
0,0.03928515773942755,0.021576834260897744
0,0.051243538332667725,0.016741315386978265
0,0.05573394949892206,0.035545066213333344
0,0.016136501151610645,0.02528840694278817
0,0.054821938772678755,0.014533382467431265
0,0.07827003414618167,0.038809800406761095
0,0.025868463177120334,0.22457737841769387
0,0.01062966669477926,0.011211627779808867
0,0.03545460021552881,0.016377774041592432
0,0.6494451334890168,0.09959159047406152
0,0.06826826778175779,0.016737018164852034
0,0.053175729410972004,0.0800513753095349
0,0.6559647408946098,0.2904563576404555
0,0.04789755623596784,0.03390850333133308
0,0.003372596968959295,0.016744067619308817
0,2.6940150307032055e-06,0.026902805152433814
0,0.01940691930373991,0.03138066595779915
0,0.010221625669090583,0.015977856423678098
0,0.05057696164037259,0.009755633429917832
0,0.32814796567482785,0.12873299849337771
0,0.037812540667248255,0.11761564940252692
0,0.08523360243186871,0.006422776814920462
0,0.013922872629154962,0.06110086356659528
0,0.07927457383724783,0.24609162439517349
0,0.011925021532561761,0.04632704162965283
0,0.0008930006367652899,0.021898882592836136
0,0.004572038261423429,0.038603862324357426
0,0.058402480370637395,0.00813831391352515
0,0.03300223931099624,0.16285030855308502
1,0.9999999999999998,0.9998307515039773
0,0.007229108426821266,0.023964275666360193
0,0.04670933042405866,0.011284599287644628
0,0.00812204472156541,0.005137130543371682
0,0.030983930770989696,0.07909693556618695
0,0.06194954231540986,0.08219653874434187
0,0.021114388523001605,0.010347854956974094
0,0.04534567693582123,0.01883552221382285
0,0.02610520249639799,0.09546470249357335
0,0.05856733371448938,0.028314754832287126
0,0.0013234946444627817,0.03496955658218907
0,0.051459566320606394,0.043904960950817314
0,0.22009582052933221,0.05085735807638152
0,0.009416593708896349,0.028509392359451085
0,0.006714974549331814,0.03288894861624197
0,0.05499670092677268,0.046923823069252184
0,0.02380212704710758,0.04488305843796601
0,0.014233685867901205,0.03818931195069916
0,0.044123751256650405,0.0047150707727086055
0,0.098548177976207,0.0388233619718438
0,0.05845124311981765,0.0021415367167809327
0,0.3286947301891132,0.37023500165053025
0,0.14638541697189944,0.18585572743967294
0,0.055155981321754234,0.023147817829421356
0,0.17531702867541707,0.07594315002069446
0,0.08674840583252982,0.014667144391008273
0,0.6064261785343711,0.23110624733364193
0,0.0173905655773211,0.04446024490576228
0,2.0397294328127016e-09,0.0520850487195047
0,0.14471090322886765,0.035972483055021306
0,0.060551380272461874,0.01765738604471982
0,0.002487987679277592,0.07047754464861301
0,0.24446961469824255,0.14785552059383736
0,0.07984538643959983,0.6992799706360402
0,0.044896010149172966,0.05918328050712328
0,0.015721761390690855,0.0036423821625102388
0,0.02401414893031349,0.05219539509098093
0,0.09749246784746893,0.05014209553573034
0,0.033085126099986414,0.01192030702975418
0,0.29120789101025324,0.08967077918933929
0,0.03187638155663003,0.010872392135192699
0,0.022343799331988306,0.03304166842479327
0,0.054044104170518026,0.14129552588824795
1,1.0,0.9998160891564599
0,0.04351602148814986,0.03156971242493474
0,0.1443379613674449,0.10956015806035918
0,0.026742391215729723,0.01247715066842564
0,0.44117944045995355,0.15602763874338316
0,0.04626527076598221,0.012208044181741767
0,0.6412143344399956,0.14156970349984754
0,0.15575077955852432,0.027615125029161143
0,0.027419490779669882,0.08680792897713348
0,0.00026832121400628494,0.012369888353811882
0,0.00476204422753972,0.08130880723642567
0,0.28370344731870806,0.04165946624725327
0,0.002448328154351106,0.2556803743647329
0,0.010109970457102763,0.03482288197406806
0,0.00019708675438122084,0.015540844802583362
0,0.09673425211387243,0.1373272232058884
0,0.03332508358758775,0.0984280850732585
0,0.01092930526864089,0.058989461872140395
0,0.065012215949983,0.014161173030388866
0,0.00035205921583597057,0.014187854336379039
0,0.03525168809284208,0.06526477363136617
0,0.044272396879116965,0.06605756421170637
0,0.03452414999743112,0.015303870061435357
0,0.052360086299142496,0.0073557977576790175
0,0.013164505321044647,0.010874419666948937
0,0.37679124507504685,0.018666223086907834
0,6.581894472040444e-05,0.028405260740052986
0,0.18992638771165352,0.03155163341397865
0,8.506387914786803e-06,0.015098300922084938
0,0.0002304076173290388,0.013456635293754746
0,0.2494735016696411,0.16152341217540903
0,0.14707531685951178,0.016152416724116273
0,0.32907637116208255,0.03681059520416349
0,0.09209052717852785,0.011777949310234407
0,0.06655768969392856,0.15714339677978642
0,0.018234690784528506,0.04098695079244112
0,0.04326071932017856,0.04132684126689105
0,0.0033574637882546918,0.01024766118643612
0,0.34751319015035065,0.0815904441993289
0,0.14961004347607237,0.009292587152564286
0,0.11671550386296549,0.11556570539022094
0,0.038792891856448734,0.02325990511261322
0,0.11761601494044244,0.1810811638571711
0,0.039732014731203816,0.020554116500373188
0,0.14130828144830643,0.01717230386247686
0,0.22163602981694863,0.06130424147426919
0,0.04107468613287287,0.012058811272955215
0,0.2299869848722779,0.05238504938844266
0,0.012693421932448616,0.03648251353287902
0,0.01286935451902128,0.008967385405056282
0,0.04433766399759939,0.019554189113455904
0,0.05998887693975132,0.06064825858538775
0,0.36136267566850744,0.04491160681708646
0,0.11198576929796585,0.027530893697403053
0,0.009406640760299772,0.023217048721781073
0,0.08980425709004095,0.007726622879818766
0,0.04883600518387476,0.012097925109488298
0,0.04777864172136654,0.02461822437801126
0,0.8108177942194515,0.14653679984029638
0,0.00920353855831829,0.014309027479858015
0,0.0009391193942722108,0.01660143868921726
0,0.9535611006703576,0.06348037265929485
0,0.11500981760760715,0.030444492182500213
0,0.011223392574411996,0.025611894171579684
0,0.03891343606095655,0.09390857411484362
0,0.08396424213492988,0.14448224358418546
0,0.0005563772581369337,0.01195509941308741
0,0.09254295057560188,0.035051559328912074
0,0.07412605735560143,0.22142747124556567
0,0.5741601348473526,0.12971028567603032
0,0.0049248934476922995,0.004307144253280146
0,0.019789897059080876,0.022941841198375654
0,0.005796553028197488,0.02083083533952565
0,0.013162044409437487,0.04613435108341755
0,0.013295817946345405,0.040887350666479944
0,0.026911641514331584,0.022276505840976037
0,0.003861385548960351,0.010131078064389416
0,0.0342259716072894,0.018193731298401777
0,0.03203796649928198,0.02413874718190882
0,0.006873285782350498,0.033245939395594046
0,0.0899308844013227,0.025785705255197477
0,0.3924839683874397,0.6929804994542369
0,0.017493634672138266,0.6013083684979722
0,0.05547895412233034,0.04085946755174187
0,0.42415739104791217,0.04316650642062651
0,0.028874207186786235,0.08276659974576156
0,5.817312194084841e-06,0.04420871284300186
0,0.004622746885228546,0.024863349479429735
0,0.0005905399900566544,0.07859862679723123
0,0.0041597260295803155,0.04011409793670882
0,0.01799447147743652,0.3283304655040659
0,3.676550706974522e-07,0.002731093736770914
0,0.07761332526996953,0.07499661187591108
0,6.372344848910764e-05,0.005083775329411161
0,0.05532572288277304,0.028016022450685116
0,0.017718887002119793,0.017326146302586568
0,0.056425212610322566,0.03187942358195531
0,0.06660258248321119,0.0057543680806011
0,0.08443546161489235,0.025606555179740774
0,0.018330994136947908,0.0036501760594695493
0,0.01627091491482887,0.010729930142998159
0,0.0077516551613343665,0.022039914501221506
0,0.011465598088086256,0.02721808595329477
0,0.023513056841007688,0.016793389271180036
0,0.061782122108669735,0.017737675306657284
0,0.22268353915368116,0.03531740679141949
0,6.230449191426374e-05,0.00913659869012193
0,0.013050930096199303,0.08283631879085938
0,0.046367536214587696,0.1511058873225175
0,0.028399353023189824,0.04425814055164193
0,0.049551707731221334,0.0591838653424049
0,0.1371798886052051,0.02110368869746979
0,0.03617524695565922,0.0863809383456427
0,0.028438291993067334,0.012236516978699692
0,0.013483033833627788,0.013799170324598091
0,0.05430142445458524,0.01588594661452553
0,0.005122892185402352,0.004624866452959507
0,0.012465620748598935,0.048850620626204905
0,0.03355766232192492,0.08319266422402227
0,0.025324766585939514,0.028173503886551068
0,0.03563135428520893,0.051301034711190685
0,0.0039426620720808825,0.0032162634049680066
0,0.017065712186618554,0.019052619767111645
0,0.03091033638065318,0.016680284539516223
0,0.04566159944897905,0.005056516004298844
0,0.007320922915499342,0.015881038978494313
0,0.061009763465853975,0.05982017757288996
0,0.04620338209180327,0.013085374020023553
0,0.006736630357846561,0.049227841680325776
0,0.006681143749501858,0.018414617261801092
0,0.19400895002319987,0.04985716460992441
0,0.10771721506610447,0.03430169787663975
0,0.08538256288124597,0.02701267159337571
0,0.01879879043712399,0.0378440136691766
0,0.012866619454956183,0.026814908429089825
0,0.008467344802970345,0.01803514777524525
0,0.015345860762195296,0.012726887907750712
0,0.005422127490383712,0.02594527423750012
0,0.044500767884673505,0.016677802345629857
0,0.04905812168219105,0.033479151443571144
0,0.11201020768159624,0.016298326848156443
0,0.3538808199175336,0.04011513369145532
0,0.002814548859173747,0.08642635103245634
0,0.15124680213786842,0.21669140744858528
0,0.025153126076070575,0.38072625184085107
0,0.03390046301241517,0.015094142306755902
0,0.28112644381430935,0.18445329882548098
0,3.894863506255572e-05,0.013055825054407886
0,0.022239730080428458,0.02098498077814504
0,0.021884187933880285,0.015375833487623173
0,0.17599549425539474,0.05186730304724809
0,0.003028153460133268,0.003523691536428928
0,0.0478164528837888,0.013757035183866164
0,0.05520358600711757,0.027196289544559767
0,0.006183378595441648,0.027552171860025742
0,0.016219213470349814,0.028122987279744667
0,0.030185915600815395,0.05425278478588243
0,0.013914138188183723,0.029276068629200628
0,0.05634331350004609,0.012964050525073849
0,0.0031500618856956006,0.024171930080319672
0,0.01298934804025044,0.010727271435399964
0,0.02478600594015237,0.01795205760590216
0,0.02153620660990624,0.006471311460992697
0,0.09544403262694082,0.05416604040605351
0,0.04892042982587555,0.0541380685828725
0,0.23372046942208813,0.029171525428128883
0,0.05475044800013045,0.04371504966642104
0,1.7588258046877094e-05,0.013504184225796493
0,0.030679123352937994,0.052115786999020815
0,0.019152497370316202,0.06201544598805857
0,0.0003468679331975835,0.006224911036042792
0,0.028576550739418446,0.00703924261849574
0,0.02649120143569457,0.2095214352394536
0,2.922847141243607e-07,0.014533694218516899
0,0.002302656433034836,0.09084106078323352
0,0.03295493520703087,0.13859884854086793
0,0.019864020230580343,0.01763832118526653
0,0.031963642639535834,0.006463220653685632
0,0.025026367265999022,0.10879953622750806
0,0.07317040838894784,0.14142667994897898
0,0.023156620472516758,0.016749525749764536
0,0.008534261914008153,0.023306243525539328
0,0.01168273507501541,0.019414374691860144
0,0.004882043489830049,0.02777911694027016
0,0.017729312872443354,0.02003527020405916
0,0.12271932076600924,0.0659398318655233
0,0.02274871416701648,0.01686041842561117
0,0.028589974064330753,0.10167464524023317
0,0.08033568961599118,0.026614903690444187
0,0.013070283376803778,0.00854643287635956
0,0.07502129765027199,0.11435101466302632
0,0.015171272472670213,0.06565577187658099
0,0.5629965885055642,0.039544533769162296
0,0.0005965717305859598,0.01006124142234568
0,0.014677152158010045,0.026201000574731036
0,0.01611622624461102,0.017276478408107553
0,0.0011478641293249103,0.12353097206582361
0,0.051105991013308365,0.0768685662961178
0,0.11439334942078548,0.04904738147274156
0,0.009870213779216179,0.061356176316876586
0,0.03691476348410704,0.010915854210660837
0,0.13911555880073698,0.016783122291859524
0,0.41016798801396714,0.10978703044938469
0,0.19610951713739216,0.051723852535969825
0,0.00945353886514852,0.049642832144359196
0,0.053853776307870124,0.018190851256173483
0,0.00489466926125431,0.1477231916933517
0,0.0024348871113674332,0.02202301238217428
0,0.0675813674088036,0.018706776869619232
0,0.023726315535482163,0.004622581096341978
0,0.037500155400226234,0.010514958989074931
0,0.04249105025946759,0.0122011347593442
0,0.03750703064680408,0.019652605144895783
0,0.00907779236400127,0.029202103159630705
0,0.9978190496314503,0.7929161346138167
0,1.0809735353643985e-07,0.03756956126408345
0,0.004302420457305366,0.021610312935908805
0,0.3132292008209533,0.03767750441600885
0,8.22549513244345e-11,0.045644410625404114
0,0.04402651186666485,0.2519032475576684
0,0.02204384929269876,0.007859843997209804
0,0.08299349471743292,0.05977142200568627
0,0.1152357193559692,0.011285594586844635
0,0.010872560690801088,0.02836832757681395
0,0.011611540915161164,0.016040740015991737
0,0.009633494819974055,0.014831257349248795
0,0.02167655901883443,0.04637426338122605
0,0.02229755838970877,0.012196702805240994
0,0.4525076743633032,0.09714753040137863
0,0.1457526622539699,0.029832028232382887
0,0.060771188604589646,0.025907287258166007
0,0.21605923168302785,0.09650977094450035
0,0.010270814761236983,0.02851648171474109
0,0.011024348126247077,0.025806232551862554
0,0.0005615439509619569,0.02122639877877481
0,0.1799886094453405,0.04864481131931927
0,0.026691475947578164,0.10402954677246869
0,0.048727494371081155,0.023681667732879403
0,0.03369549492747464,0.09267505696674522
0,0.01622995321148796,0.0473152587831065
0,0.05924054115794435,0.033219570752653346
0,0.6881977735732625,0.11846410332285831
0,0.014003074267515906,0.12161248733055757
0,0.07084344800234957,0.04973750325747039
0,3.607139573722064e-06,0.03422874836299993
0,0.053247548264194235,0.013864720235022469
0,0.06862108793578585,0.02953235450338132
0,0.02212019070025381,0.04803918530381147
0,0.020035264078418002,0.014880669700652395
0,0.023709512230309027,0.057043736270984385
0,0.06275127548984226,0.07288395994167027
0,0.6093996040367058,0.031438561153016985
0,0.009477128992486792,0.024819335382268572
0,2.1923086762755433e-07,0.06143660541476963
0,0.024386922979365098,0.006716709943326881
0,0.018536365122810487,0.1878911252714611
0,0.0642996015387611,0.3045974684463802
0,0.011974655380120129,0.18324471575210066
0,0.005564889721560732,0.018641519649258018
0,0.025072913857521546,0.03360088916307735
0,0.09742671386796906,0.019946725501333546
0,0.9641180703441459,0.037155169075241606
0,0.00087036109293838,0.018456486655149165
0,0.024809957621631833,0.006433967580430645
0,0.007654564305835283,0.03557126178771897
0,0.09489972420849295,0.2663520713244356
0,0.2586861584599231,0.025377266639541134
0,6.135111640750651e-05,0.0063716115638441885
0,0.20340736185710967,0.03786126487355121
0,0.22832018508377752,0.1059630381980673
0,1.7316914429369618e-13,0.008084155382903425
0,0.011984010500943306,0.015009908532696572
0,6.005441393984408e-09,0.015401970903224626
0,0.020226876143196657,0.01745314683507789
0,0.0055910916032859545,0.023470582005693744
0,0.2532356644508644,0.12929301568731477
0,0.02411771130449488,0.015036319050937497
0,0.044403203369130756,0.03329420694103769
0,0.9937714364154897,0.04141056184162572
0,0.006868229164510789,0.008132220260339336
0,0.01142175033563017,0.012388230088486923
0,0.06877785112095429,0.022172689116188003
0,0.0029983790811028313,0.010143065882210112
0,0.05527468229419452,0.05903043561721035
0,0.0047826780552345915,0.05532261989163591
0,0.02851039170746045,0.13345231223572812
0,0.06046311265239178,0.015233486533525813
0,0.027525271197701862,0.09242840514524088
0,0.02201550743901756,0.1153595398585798
0,0.15163630382223084,0.04610092969049545
0,0.059098989322251,0.013522774889731871
0,0.08737530881577825,0.040472258205785205
0,0.10602929125236299,0.06679118382023955
0,0.00010926684570871639,0.05179911328036685
0,0.0016931013312593947,0.05704614898528068
0,0.011335129983170692,0.02550488613053996
0,0.026482113667216006,0.014095169940433068
0,0.025747023064176883,0.04147416757033733
0,0.0751726923442672,0.040171098805906934
0,0.24735671731857384,0.022264898278596217
0,0.0023478132384158463,0.0510688304282877
0,0.009803908229680502,0.009941561738123363
0,0.026759276197636194,0.01383197020257543
0,0.13783917360147319,0.17963481061763864
0,0.004546444671539161,0.026185577647992366
0,0.03272652754730044,0.011420484998094702
0,0.03103169852926748,0.009121454532820298
0,0.037257735656560674,0.013279241671641727
0,0.032957367132113904,0.13486898389974566
0,0.022658426716802203,0.01896756037388265
0,0.006689930145683037,0.044690798953285316
0,0.030519617981265474,0.019726625520587317
0,0.9111897631197912,0.302055021073798
0,0.04395777255059915,0.05232440449425884
0,0.011361808584800083,0.016571655370583357
0,0.02483391510083229,0.07857678744967779
0,2.7690096897597054e-07,0.017222507286221524
0,0.17312078505728798,0.02481059746267218
0,0.02091943506615407,0.06531385282348573
0,0.05780978032401897,0.026887807889120922
0,0.12841150932553405,0.13791897047305282
0,0.14059487262689985,0.043305639546782744
0,0.0016498522758827472,0.00897077365532884
0,0.0053927416536568365,0.043835535465089386
0,0.18894780931831973,0.018654583472636748
0,0.033888063538257934,0.04878139302629528
0,0.12544156421005093,0.07299903011407223
0,0.1647143801841046,0.14421676248893153
0,0.06000037417354707,0.1904991510754809
0,0.026163568584846808,0.01052246452908522
0,0.07422567073445398,0.04327419111429286
0,0.08707653444299443,0.03185770714627063
0,0.06092886781404463,0.45237376781069627
0,0.08156172129156203,0.02723229620431868
0,0.027501525472514346,0.09868160945246282
0,0.015502665283888993,0.014353159223694392
0,0.25526442531491433,0.0485422155546808
0,0.00817773340876558,0.002290776130185159
0,0.0038765694040812965,0.01361818541403455
0,0.10140308157596414,0.1854404583014832
0,0.07118160083526887,0.019650457809493125
0,0.240675223239827,0.02673800209654093
0,0.005658066439797188,0.07123502925607904
0,0.05761979009988007,0.04459798481171783
0,0.047056097777572456,0.031461912791203396
0,0.0013194187807686077,0.13789969320449663
0,0.1300999466532223,0.20172578735487237
0,0.0505619073109913,0.023883287422475502
0,0.032109974721277385,0.012087128940613033
0,0.0615386051789609,0.10846557298851744
0,0.3324090525671456,0.03866727125519902
0,0.00015438248420643276,0.00537394890083624
0,0.08512488865349946,0.06810968867975283
0,0.011061030566031544,0.012728313582323295
0,0.011907905671153756,0.014914253518541941
0,3.045072949730826e-05,0.0765067789695786
0,0.38445224689849083,0.33356985017973095
0,0.08928580545390212,0.053624154049601476
0,0.004411340677305332,0.03504495024240335
0,0.0032444101897773493,0.011591707794943394
0,0.01339551532341662,0.03339054665722886
0,0.05158013584333552,0.08395341544697066
0,0.5104505807370225,0.045346804017982544
0,0.07135008656547541,0.017430682733785542
0,0.09044798686209303,0.04731144436644835
0,0.0017777734482444865,0.02737474688861562
0,0.1872084195434208,0.2935753349777692
0,0.12549939813726463,0.5058771399099041
0,0.003958126903905276,0.012804871434091
0,0.009157735032043542,0.033857575494706436
0,0.05856374582479873,0.008855970300555885
0,0.7369993600263044,0.19844625167018518
0,0.004785891884265194,0.013944060855673462
0,0.10184751790974071,0.003741047632492813
0,0.018428033250277354,0.014696138219290108
0,0.0658523231773449,0.022360946228873725
0,9.627195154144411e-05,0.06909450347488257
0,0.151387610018366,0.016011205565416842
0,0.011324557230816427,0.010570697728209169
0,0.03211126904560868,0.013430347823632139
0,0.00038164938527626273,0.01216903565277391
0,0.0018615565667783628,0.07035475018517187
0,0.040572658755155436,0.13258941677532585
0,0.018413101271472172,0.008897686332719573
0,0.11808693200209923,0.0504218271982778
0,0.07580169029944438,0.0029659280838150253
0,0.0692369093880789,0.12742792736897468
0,0.6140545580338892,0.5666552923440703
0,0.021327642797557934,0.039235921845392936
0,0.00026260712264891163,0.04180815922359383
0,0.033743430860781284,0.010335535845202923
0,0.04372860753391338,0.049921857883085174
0,0.009675973703030786,0.12857171339001083
0,0.11173017134488765,0.05639411770017233
0,0.057161733811415934,0.014958782109648154
0,0.07800263910582936,0.013944027886082266
0,0.007641105801100313,0.004104812866832077
0,0.056552647212875305,0.019718772496758293
0,1.07437718877492e-09,0.03233884320727937
0,2.538199748470359e-07,0.006672618896328309
0,0.027455976874340524,0.021163980036222187
0,0.12089619724785095,0.01702022828927561
0,0.011332603133556699,0.008628715229159574
0,0.015664437528897523,0.015002362765360962
0,0.04743605332435248,0.03835393688519152
0,0.048199802428205235,0.18432234806119852
0,0.09991842587861348,0.005283505104910387
0,0.03549979860551367,0.024362305074290404
0,0.01690681958521465,0.033885192125431694
0,0.020771422013928603,0.03438185693804913
0,0.07335256463931052,0.02103435243588749
0,0.04583712787451954,0.09579032163171185
0,0.044174207310599074,0.02108352014353979
0,0.0008504504022809714,0.03102284150449522
0,0.029134607730453812,0.015127804723669314
0,0.01423849923095309,0.06131117785519904
0,0.1972741823642419,0.15595579391988468
0,0.023141619933021235,0.09193458653087137
0,0.017608504492550147,0.014440969505012195
0,0.19414103302618374,0.031245996965288167
0,0.043832970227791535,0.009771198919218215
0,0.0003322114406883795,0.03800110542440031
0,0.00838293882409298,0.011804182360287466
0,0.039036904408097366,0.032981739912285805
0,0.04885601111157421,0.07636514041269657
0,0.016301725049570982,0.1345146231590005
0,0.993157103046264,0.6629000218211508
0,0.10797452504054711,0.017999950684502285
0,0.0233757128118367,0.04236434603808653
0,0.0006058123369473239,0.1437016142470056
0,0.06935507087251366,0.014352007800985929
0,0.08733003231059305,0.009977908903609813
0,0.05499850801796324,0.08948390878292052
0,0.04862733414763975,0.017335455824137213
0,0.2500780579418625,0.030615497594365826
0,0.00014484011976777608,0.013752485408826015
0,0.15024003630007704,0.07334018646514391
0,0.3613186314766445,0.09642006401749134
0,0.016773636850424458,0.00653127654825009
0,0.06810130226425994,0.0871614303087615
0,0.01905610183386655,0.009305773262565832
0,0.02449254904010523,0.016207818939053126
0,0.026864331614869497,0.14695516615374404
0,0.06634946882014052,0.021741063679227794
0,0.012739027159243327,0.022390340229391
0,0.026357045112771267,0.021705171562151113
0,0.0940110300877626,0.009511950092355724
0,0.023370886672736495,0.008209761376301345
0,0.030456872499792502,0.09311447930795286
0,0.03095371416733355,0.018426409896218878
0,0.08671866821576098,0.04153003056954121
0,0.04346867082451705,0.05346154799667925
0,0.03647072646347902,0.042769115751464734
0,0.021035208577251902,0.06045117545544111
0,0.35699627599975453,0.1075786471849004
0,0.05315322141660035,0.06956772518834232
0,0.017746393506891923,0.12302008809159157
0,0.04641191118718167,0.0787192474963113
0,0.06178556357914217,0.04963473371435797
0,0.20146668064336937,0.06596324894156338
0,1.0425503634179079e-05,0.04852692722522317
0,0.34045424718677103,0.31389458482690435
0,0.09621257110290489,0.048789738159219706
0,0.015343472552300808,0.03330332582109518
0,0.0011166115971745572,0.005085151911704717
0,0.2874049181392148,0.16973583188042674
0,0.00889051661132819,0.19468454692107245
0,0.03325481745750076,0.07100450909089631
0,0.18631360298144142,0.09782850713088134
0,0.12839679621839054,0.005714856496681953
0,0.004150977833219198,0.004904022133630576
0,0.014815331756685467,0.05176859110676864
0,0.013834693650261269,0.014757763626246008
0,0.023035704407527863,0.014387899959642859
0,0.04887575273070937,0.028744821663317346
0,0.028701255269759727,0.11138021049681474
0,0.016836104912543254,0.09994857322664884
0,0.020125224119088122,0.11681567506821844
0,0.05811820521593977,0.014027064418783737
0,3.1093349654943247e-06,0.04416263594388347
0,0.0005726760790409212,0.10523741235396254
0,0.038741338314683564,0.0375786896424145
0,0.05579883631225991,0.025625081578772267
0,0.0007215714136866681,0.025021550127824137
0,0.08380640261021657,0.07455929080265267
0,0.04812811381998109,0.012794868528322553
0,0.5781388078636587,0.1322522155119993
0,0.5969998854518987,0.3361772835256573
0,0.1727063857258313,0.022772830669794374
0,0.003286566213212909,0.02180541566801011
0,0.017750306208746524,0.019115640164097704
0,0.005755408587660575,0.015652407820649104
0,0.06456523086732235,0.05037191948246991
0,0.014600021967506246,0.03271627990365189
0,0.0707766054681326,0.08707573780282149
0,0.0403307743237745,0.04272810630113425
0,0.028750459190396968,0.0047021784377384345
0,3.4356411021874984e-06,0.022261838696323467
0,0.009028006672536452,0.05956345188038217
0,0.026609057278805057,0.05122695812230283
0,0.02192557714892394,0.014391770902294713
0,0.04825480219536616,0.03851624574246469
0,0.02484863102165513,0.12598716254634754
0,0.013637058221519144,0.016674105930112565
0,0.004856017527193442,0.01633022630667001
0,0.0017494078588591588,0.029547719734244166
0,0.0016986112461785698,0.02110175610224562
0,1.7582834025570388e-06,0.04520947790437179
0,0.010107977365299496,0.011703643356838265
0,0.18491753456004864,0.023475478202555494
0,0.011848574119157459,0.011532017343031907
0,0.031764141824571795,0.21289984844274507
0,0.013803427787696424,0.03431890189415051
0,0.009044923373274876,0.20589523992052347
0,0.0015323949777230183,0.014190665787032293
0,0.013611198157058031,0.06531541735860065
0,0.08904406241069358,0.267359152609788
0,0.01724200590830172,0.007665754430728197
0,0.08609205438822241,0.06195202538575077
0,0.014051488330676324,0.013531577436278834
0,0.02046642475088977,0.021425409068211235
0,0.010441841656364446,0.02002251308370106
0,0.010682829854181916,0.01592283200003352
0,0.4699099140479636,0.2194983456450513
0,0.07478529176654929,0.07946101747548825
0,0.07443338707457497,0.012938265333009529
0,0.010456063149433086,0.008322731485325752
0,0.06642868042937711,0.012483797456537715
0,0.00015353376827259877,0.18136221267378855
0,0.31745316034479415,0.19094669969234876
0,0.030445012405661772,0.009748679048345232
0,0.04370786005338545,0.015609202784940605
0,0.03247576332971314,0.005014129798640863
0,0.2897123758116399,0.019130117996136252
0,0.022435665331858475,0.013649170671434898
0,0.07350463925700237,0.07640420491460626
0,0.07717381180811557,0.024712238224901446
0,0.02428872040029186,0.017692820061754228
0,0.3525477936650935,0.0935306487607574
0,0.013846421646356041,0.15105582091328854
0,0.05579689634368078,0.02415978876468701
0,0.019920017163951427,0.10323528533300608
0,0.004254316693712967,0.02051226416212044
0,0.09401765087536217,0.03342288463859919
0,0.040799152530311966,0.02205314104317018
0,0.013225333528247592,0.012929559503225968
0,0.006297550244336625,0.07843987409044266
0,0.0070932833478943936,0.00993565429615954
0,0.016178703960626033,0.017777976257538946
0,0.03420560689492988,0.017639458718548086
0,0.34552557575660786,0.027090954304603697
0,0.02355594111778934,0.02653748594465449
0,0.009082376909149339,0.17447762624828533
0,0.03618355359863924,0.02344101056551043
0,0.10081446368760678,0.06413091835154183
0,0.025779587744905637,0.005860317374971431
0,0.08697420385112982,0.012837938675201855
0,0.0026662140097543125,0.022551862181891168
0,0.004026494128966875,0.03978007087249971
0,0.01666282191632274,0.00458431024689273
0,0.017360355747114073,0.017870390803361298
0,0.024021650952652313,0.026478440763102983
0,0.11633652120383144,0.03486395545717652
0,0.03538827715428986,0.016273175461425857
0,0.052602720835517154,0.005330236862343623
0,0.03603430280418001,0.01705328237779174
0,0.05814850029833513,0.0982732299201395
0,0.09142120531763225,0.04025225059725013
0,0.023496752474356578,0.1635532585232205
0,0.023329851129860003,0.0061384274695758245
0,0.22858735805318364,0.05958838788692974
0,0.010536393393462982,0.019446928200378907
0,0.020651356665158143,0.011170486556658484
0,0.02573763494476691,0.029796449893943897
0,0.9981206134744286,0.5726744663070096
0,0.026658004007256646,0.019199222454931823
0,0.04414858992258128,0.017557708215485923
0,0.05129309005579093,0.028646774499446668
0,0.023971279887340022,0.03660060253199649
0,0.06016893323057499,0.16501379295233878
0,0.005684997699913618,0.008048675283770217
0,0.11924012106524241,0.29888919174342665
0,0.04192726959534714,0.1328416264963157
0,0.0042481319640913714,0.012629299872927999
0,0.010551089353499724,0.05957789449413007
0,0.010685032803644969,0.004281618379468569
0,0.09484312785773331,0.005583268235796376
0,0.01637220036332597,0.038149433452641525
0,0.002209525202284644,0.08464316899294397
0,0.003064748438501282,0.03268461481971844
0,0.005237504906221616,0.011278152133825759
0,0.017480678427415325,0.04456754482804072
0,0.03856199119436715,0.022117500787539386
0,0.0427045829057954,0.14692122392940635
0,0.007685586979119215,0.009254557158634647
0,0.01703545864380429,0.1263807965549781
0,0.013546462148410736,0.004528471645046875
0,0.0035285885928633977,0.16541946335834137
0,0.93566755141147,0.6100891662215966
0,0.002642035567734538,0.0031734813102979073
0,0.028423204042352178,0.1267305164600366
0,0.004688992955934374,0.07074027942014914
0,0.009937326421669586,0.014074474956183837
0,0.013059167123777811,0.011323960571485735
0,0.009123530511969008,0.1283177561915861
0,0.001653602023406308,0.022685456618068374
0,0.009534095615909031,0.032148872345698035
0,0.9513010525989931,0.07397937822008376
0,0.07896529121668462,0.008597386625346202
0,0.11017326190816205,0.06313111291885921
0,0.004948387912193552,0.023039899315060737
0,0.009419568851583524,0.004393176055207946
0,0.11045343548407739,0.015258742668925665
0,0.9041564143906634,0.24817704340565397
0,0.015794319464590312,0.011000191503794455
0,0.06326662276441558,0.013955571094295885
0,0.024067984324998938,0.012745091199505506
0,0.015467018438339157,0.0200491208078472
0,0.0007231052278547101,0.03372445637884306
0,0.019717060947641245,0.027336147691875173
0,0.22939843141631686,0.07392980078483032
0,0.049072684935674966,0.013452939357319893
0,0.026518577328584092,0.06053333720102868
0,0.5966938988052387,0.15103630661890968
0,2.255849876134066e-08,0.006431618929835399
0,0.019209219610891424,0.02080594645806729
0,0.008101661422455091,0.2850953222635863
0,0.011191909610556197,0.028828368503291377
0,0.1537210759375454,0.023015026136378115
0,0.006991443436030141,0.024540234512615278
0,0.0034311789538688216,0.01681191612299721
0,0.7173887854135961,0.07541675636820741
0,0.3352145357036341,0.4429478928205639
0,0.9716950091012809,0.1344865303246637
0,0.1987732712396751,0.06274211765625136
0,0.010462827697553414,0.029528323726846346
0,0.07147207093174535,0.014640175258259102
0,0.1646580789376993,0.010042089088588592
0,0.9634928951486927,0.3680543549611648
0,0.03973630325946381,0.022344922852572023
0,0.044491607087251195,0.015549996470789137
0,0.05807359169914229,0.030298249928707867
0,0.0011691620746182708,0.07399172940489848
1,0.2845247853689986,0.05656880322792248
0,0.02302130267102639,0.00175736376499184
0,0.0029945260019703717,0.015597692549018086
0,0.01036108831600435,0.0228815652291079
0,0.02563352324828221,0.014896368594502633
0,0.030872673363276464,0.029111518812917115
0,0.03403141872040586,0.004921332386013772
0,0.03136982061761482,0.005105256667440999
0,0.019502392999607876,0.011267186822875811
0,0.14037346618317467,0.43367948677413815
0,0.0025420082460660253,0.05703327638775124
0,0.019462644815489875,0.025275946032154693
0,0.02033642035487373,0.01388129394025912
0,0.00045106801255586244,0.01001927836767709
1,0.00023274731739105249,0.19521616274081502
0,0.04786913844632386,0.011411177384143207
0,0.015523561719535233,0.04099036780433966
0,0.022302029134972673,0.015056964528581988
0,0.013697887713608354,0.03215622840046841
0,0.09362982556974424,0.02686789466608452
0,0.02246732531524015,0.026511853143280553
0,0.047224271900387846,0.026384609669989612
0,0.030898107330484516,0.010534343135574286
0,0.007675412077188338,0.02212707240325985
0,0.04792811599974274,0.030067986938959318
0,0.057854620354829994,0.015100311865987162
0,0.014300989197345387,0.006221551051379984
0,0.06291293171406659,0.005721198701924849
0,0.18531316270084142,0.046063289989063214
0,0.09081603462658493,0.16001939533168744
0,0.11415696148275369,0.08979667129088031
0,0.04397187487035133,0.004630936968387456
0,0.0409738984809997,0.008393042475712396
0,0.011441357550223748,0.05310918516307675
0,0.045600782532742405,0.012434349499538115
0,0.018534442661950312,0.009649019110050241
0,0.00863633086071264,0.06335646711158617
0,0.09014569419257469,0.046305175609733
0,0.011953453826551544,0.01342719847506376
0,0.09372220126058756,0.050343467172192236
0,0.14140176122596343,0.015290664722452866
0,0.01934506854371168,0.012386535757610014
0,0.0999961878844191,0.017138243020106674
0,0.020781713839953433,0.00790331483024144
0,0.03647718016862055,0.111336561478618
0,0.03622017463794877,0.044993358771683596
0,0.004468748740887678,0.020446765720131557
0,0.09621672760734615,0.008481833091124586
0,0.009007663070655916,0.007003396830528944
0,0.011396074504700773,0.056166962851394345
0,0.015530467251223977,0.021792630327667643
0,0.14329908231427274,0.04846023189500189
0,0.012518613056426806,0.032456065749605294
0,0.023671744990317618,0.025496627019387336
0,0.006099789886899991,0.013668880006194312
1,0.999999999732345,0.4194855179010949
0,0.08578166231127324,0.0488710747843976
0,0.00027427455116911265,0.011576322627222904
0,0.03380881891779347,0.025180376094263993
0,0.014203001842440372,0.030940722868742738
0,0.022233975118444684,0.18883107506966862
0,0.5237059035838929,0.1345378756084062
0,0.000622023081394142,0.024867728677475612
0,0.009840203599833161,0.026469493074464053
0,0.006369558149639673,0.11576524951421793
0,0.013131892126964076,0.014773582095356716
0,0.0023725354964287903,0.046884528241530256
0,0.2693167536351037,0.11919354234374695
0,0.004849749317604241,0.007765566167082539
0,0.005472348573456455,0.07485287074470616
0,0.05513959011207825,0.010233399099280178
0,2.853323123719302e-05,0.005633327803334036
0,0.01151310504372863,0.06319481394599706
0,0.01009130875617787,0.012429139474896442
0,0.0006139472186418107,0.0014804411139726478
0,0.37943801309581004,0.22133765257890228
0,0.010349097005691603,0.01367506215798817
0,0.022373114239425437,0.013818543078201257
0,4.623793815752018e-06,0.014157018315602031
0,0.0003556235041883187,0.06944329671293355
0,0.9727671756361832,0.5207338732554945
0,0.0031937523205400886,0.002917895719735447
0,0.0013145221256615747,0.0179956067859441
0,0.18297803516473166,0.05540005734874968
0,0.26183446544555505,0.04732268913069449
0,0.10580818849075121,0.053324184613238686
0,0.013551665094276756,0.04325491924891651
0,0.03259583053863614,0.022114088460435923
0,2.3237133144582326e-05,0.021297860775015623
0,0.05664419607424185,0.014559650875443576
0,0.1653662968711521,0.019885187715822407
0,0.1031375424186416,0.0500474136602168
0,0.02468672198366213,0.018382832244445094
0,0.22626144037345924,0.01646173044003704
0,0.0028990237645996455,0.011874718824863515
0,0.17381401344104108,0.01143231725959995
0,0.043258846071157216,0.01784827627031959
0,0.004443569740914248,0.024075716731412244
0,0.035324549619034445,0.016920339303172178
0,0.6724285239536547,0.18933102527052098
0,0.0011871898801601828,0.03032051324606224
0,0.053802865419593435,0.10183494718300891
0,0.0028438484337740626,0.008032324383410347
0,0.034587462311870695,0.021150039428631633
0,0.06878336417646415,0.018332537653938774
0,0.018510116260221036,0.010183369036314251
0,0.003620005778980969,0.014198112763426557
0,0.03329242676505936,0.012175409456707777
0,0.010800670024506357,0.1261828256701316
0,0.01876231336710289,0.0029001954274098093
0,0.24411079035483707,0.0629636313096336
0,0.0006878739249525541,0.016557408893454664
0,0.2441561246587643,0.03498892650633053
0,0.030348849723046602,0.016329566031708303
0,0.08868179881976712,0.006465356044774193
0,0.007812438968123913,0.01630665028692986
0,0.0027764142456288055,0.02643724600713767
0,0.028563121753770723,0.04162756937577007
0,0.09528321442094098,0.05909130478048889
0,0.025626234216631696,0.012087379496842052
0,0.0035150403012440988,0.06990580950100657
0,0.06699788256043,0.016212176882198566
0,0.005675768436751413,0.004634722252399958
0,0.045466869735426796,0.1699151787030394
0,0.03203862829300387,0.010318584478469164
0,0.01673581901546843,0.08682560787278691
0,0.07355493446108911,0.024201834220643044
0,0.1742749469787334,0.011223275524041721
0,0.014162432782832614,0.2464508892139701
0,0.015175416530351434,0.0515095057975422
0,0.0437503413724728,0.13691354137981582
0,0.1068138104263486,0.039407152698828864
0,0.17954941092281027,0.08852239402489513
0,0.044457525518082644,0.03954461684803545
0,0.09749282457336418,0.042542289136143524
0,0.014695547253408908,0.013314317750796107
0,0.448554987693239,0.021898684390968797
0,0.13248502369871828,0.06699912097142523
0,0.004892203149914166,0.038816922555053354
0,0.12237452675575569,0.09190173583196293
0,0.8699258705214632,0.132377363032087
0,0.9784094371585259,0.06830416223037487
0,0.009140440487987263,0.0800058201537794
0,0.003777037797116432,0.07028180616261773
0,0.00858569561206865,0.012141275934455135
0,0.019837111554096055,0.01578016688203337
0,0.023205856270996045,0.00875342377190371
0,0.09645178560650365,0.15482642133459035
0,0.34420646041166597,0.27326220701909504
0,0.5787669031865654,0.06593682450367665
0,0.03656685010082989,0.05349363876698211
0,0.011180612358461153,0.021527781948299768
0,0.034679158678799324,0.023210930179998753
0,0.023897904757553604,0.01670342976431186
0,0.017730519276650692,0.03737180544126717
0,0.27382154544199316,0.1996234372978515
0,0.012180552012866181,0.044045067686667994
0,0.09354841822851047,0.014473076274877959
0,0.07512514492614117,0.07934393195378979
0,0.037561458477814655,0.046233435624926
0,0.126356833860625,0.02147979248482265
0,0.014975851094306948,0.018082408360888803
0,0.021485431356074048,0.013860342944528632
0,0.026646644321512616,0.013633398890395516
0,0.2540383004750999,0.014021646454495905
0,0.0922201538958454,0.018395601435669495
0,0.01641095044764735,0.03482255172888655
0,0.005567111378888352,0.02824724830541637
0,0.0848489113292074,0.03105207107167363
0,0.015293036059782862,0.0179191986540927
0,0.016922990462765748,0.03744000480752479
0,0.040683848275312524,0.021714509578867097
0,0.016094328393699262,0.004020717487924546
0,0.01278255356134167,0.007697082522679423
0,0.0009310863176300823,0.007889394725936907
0,0.028592183271002724,0.01614806475909674
0,0.04505523428158249,0.005501668374616322
0,0.0005312048489261074,0.004913533723689716
0,0.11777751893017176,0.08227391457643898
0,0.1489057027010054,0.09977702577011098
0,0.01842007194688147,0.009485309742136537
0,0.11025926193492477,0.051367002229040226
0,0.04725299043330571,0.02895757031167262
0,0.012520181272122843,0.02548673785159247
0,1.4589514172920636e-05,0.025648800387741054
0,6.919495105750067e-10,0.01258517165560814
0,0.021473991976694515,0.008813976736240235
0,0.05370616505134103,0.009268924883084098
0,0.003480071774669984,0.00432934127897859
0,0.09093753541724334,0.23777147585365171
0,0.04312985868287759,0.027857588498482674
0,0.06394253464068761,0.09347074363011382
0,0.07090152119893832,0.06971680632227684
0,7.144067637783619e-06,0.05986684214967049
0,0.01499509201447365,0.024890781013457455
0,0.04159363219320724,0.0111187484326702
0,0.12144350143995167,0.016620579006127376
0,0.2671441845882536,0.07868501881160338
0,0.01875841140925467,0.011034399892997298
0,0.13636934752958232,0.025228466788466377
0,0.8394197488684982,0.11248801463731715
0,0.02873878087382282,0.011678335254611427
0,0.04790150916160971,0.08269933381025987
0,0.0761500165229678,0.04619724887999455
0,0.028273512228309917,0.06495739324353897
0,0.00922515542120576,0.01685114638813212
0,0.06804340979841067,0.07632046803662454
0,0.1971776440731298,0.016883224529989024
0,0.14515851301520297,0.10763978200578947
0,0.08523579560619093,0.05409381300334148
0,0.4412040716384909,0.6085450436478029
0,0.08960226052775426,0.03183656901883976
0,0.0008315624011478644,0.04599488187154272
0,0.014852569855760967,0.005184272153693027
0,0.15294079251852663,0.09750058464131639
0,0.016559060069840842,0.0050809115233756506
0,0.10037594240043958,0.09118133537380278
0,0.011974650661836686,0.02013086591496325
0,0.043266880434846514,0.04476915000706996
0,0.055191241952525234,0.013867174644713534
0,0.035199801374313604,0.01130098166758024
0,0.05917838928695607,0.004944145554609948
0,0.009322346352123615,0.015304719522698396
0,0.09644742169276802,0.0328654616212541
0,0.01905168085501042,0.0072983422079843764
0,0.09745977767459973,0.03283123377649849
0,0.00013104302268134542,0.012972869938697887
0,0.008534978380414844,0.10743459811656471
0,0.7037164544334417,0.12029717406835976
0,0.22132587964080228,0.030296513398182363
0,0.008489202935230205,0.10009109773131815
0,0.02909628690553537,0.023336306862208046
0,0.019122612131336758,0.02944904617848926
0,0.012625492151396878,0.03233670764922179
0,0.002342629789311289,0.0061923483604457265
0,0.26099168846237664,0.39189054292265296
0,0.12961025059963377,0.026829051999375127
0,0.015168588459581698,0.3075976731878611
0,1.2860638344266913e-05,0.03906095923726592
0,0.018965479342234044,0.022756653970332184
0,0.2967038570679967,0.052769456555577576
0,0.05023000252704971,0.032095099906884736
0,0.09451802009497422,0.03835117270412906
0,0.005024848530589685,0.03685391676657408
0,0.04173972723273558,0.04251761307660477
0,0.022042180432480095,0.020034006221886717
0,0.07228867114268382,0.02633355762877378
0,0.0715285044580842,0.022814466382585018
0,0.06065248140547745,0.0670577770740142
0,0.24272175922375325,0.021171462862455016
0,0.005143146653337061,0.009682419837101535
0,0.002025306596645715,0.10482580809177547
0,0.07376076329560298,0.012510980103871869
0,0.25345637246773106,0.04749728045111063
0,0.1758326599437739,0.030349500227584692
0,0.01730666214816205,0.08331995591723652
0,0.025171989294529573,0.015603749333945089
0,0.021085822594956786,0.018680263843427504
0,0.018788724713850798,0.02785452190742176
0,0.06708923630707835,0.09949910320036007
0,0.029871704947602593,0.013836611138533437
0,0.021305401440116674,0.008163543367224016
0,0.03963389851910542,0.04973305043330309
0,0.006023845030318805,0.10608211095654714
0,0.09746935350452228,0.020601147076396268
0,0.06302585439141108,0.023976052645539953
0,0.5672347507105149,0.12090546554461368
0,0.02591078743842266,0.16872349061323552
0,0.41193110503577485,0.32345932938263683
0,0.03926424220789844,0.07030814141146915
0,0.1394917083700348,0.06418916684505233
0,0.026831879751961142,0.010410503197198098
0,0.012444702632321468,0.026534487663527017
0,0.4575673790529309,0.14321679964862877
0,0.15568783530445038,0.04379796223488458
0,0.040943298837312875,0.0963379517620863
0,0.26601838666989475,0.05454553413450935
0,0.013069306191594311,0.01144388352389283
0,0.012058745787372862,0.030857669941728977
0,0.008872452194128572,0.0056043836984820735
0,0.016258905258885528,0.010194141550788436
0,0.12375811284804962,0.024376213940041313
0,0.07205012339475853,0.02619802656221673
0,0.03557458675986999,0.010572925081045619
0,0.044659093322178975,0.009147895202718095
0,0.1032764905414799,0.008382101711430268
0,0.10416791971827195,0.08965137387042939
0,0.05342481833937513,0.03826869809048124
0,0.004126325499037896,0.009910176420569575
0,0.03294659152506335,0.013676524617935094
0,0.009427083076592012,0.05665748337867126
0,0.023344673175529164,0.03952200921565299
0,4.336266833176007e-05,0.0038422346924172927
0,0.010352950053814106,0.5380362142079849
0,0.03950240381725342,0.018782594692123476
0,0.00037609100710846584,0.009214553005554708
0,0.006204023642564004,0.005670001366363485
0,0.09011078411537697,0.10556648852015102
0,1.0920136009574189e-05,0.012782455822458974
0,0.0015375258901184378,0.009438217721179235
0,0.16575069410505439,0.04005197369560645
0,0.006868641155520384,0.021092009894007318
0,0.056274054472897135,0.015014732165078936
0,0.33158697452366626,0.08484181442040234
0,0.026466266405989546,0.01027965678861366
0,0.03900821340388107,0.009830495393141988
0,0.02084059202184305,0.03941042889489353
0,0.5264560430587331,0.11467234709804322
0,0.055722924934820665,0.09373508827236283
0,0.053259687118284785,0.049093620484534674
0,0.007437633669051849,0.03125188293696715
0,0.040343835943789624,0.1520896676596698
0,0.09768411295146348,0.0058840737809807905
0,0.03251165756033608,0.028307452462196264
0,0.012131299313827297,0.1819170374425949
0,0.00043003654354522333,0.03408386965294589
0,0.003924801879024688,0.13766831540544477
0,0.06815300088165326,0.018741816863378006
0,0.0519808969949022,0.05891991901361696
0,0.2645070702120413,0.018384437117291492
0,0.11476859582519873,0.2360566102263162
0,0.0008939609656446028,0.07810099127808917
0,0.05355394266646473,0.01894639647453127
0,0.06751193622200491,0.03932081900178908
0,0.10568262254440713,0.056975846121077145
0,0.008720339118934096,0.012551997524525767
0,0.022096438966798162,0.04971718472664723
0,0.021428046215280876,0.015819028778384446
0,0.057182117307232896,0.01743239999127034
0,0.13503830391850394,0.004887645022621182
0,0.05980185586561405,0.011673601741331675
0,0.0009171893728260773,0.07291599134988487
0,0.08869842747159443,0.028538172579717448
0,0.01220635918785109,0.03098262429727663
0,0.15669233618969924,0.0812952777535897
0,0.0333420404483985,0.00370662753745653
0,0.04949010776145021,0.011925431667003604
0,0.07320463638445117,0.04449895997576208
0,0.020401257277033128,0.02540238041830071
0,0.04099812964655739,0.008260426987104207
0,0.010993929865853335,0.03230044672835848
0,6.877412722732597e-12,0.04338480269718312
0,0.002717847525867438,0.08515614465788035
0,0.048064016327993016,0.01836754436682462
0,0.1745702980386761,0.024524917389889607
0,0.03345171605148749,0.009387657688270653
0,0.031095408126067054,0.12869527053870325
0,0.024146437898387944,0.07670081194678673
0,0.17620199844565632,0.022100807618370397
0,0.006178713690643868,0.08342486509062993
0,0.07080872282029531,0.007235633268150031
0,0.004148852156367545,0.01885156268656024
0,0.04139231491629991,0.007401202136458248
0,0.12150100619240585,0.4732148811378254
0,0.04462630517050316,0.05439183791770043
0,0.04944314232940363,0.01948984016870891
0,0.21248883652450265,0.0333970094364053
0,0.038064886793050395,0.010764783640527716
0,0.001889480545860633,0.009928014919894345
0,0.05149396859176831,0.1410611030800886
0,0.014334182113346049,0.011401181340833717
0,0.034114431220090134,0.06305465986302387
0,0.008243510954196459,0.029074303375622095
0,0.027741536280408402,0.017714843848367925
0,0.1153887143915636,0.018566191506390013
0,0.018079517389790946,0.14610616613566807
0,0.01092277321816265,0.0952420695895492
0,0.004991820217825535,0.0020808812331637476
0,5.7924979300543425e-05,0.04321055317706824
0,0.2912130580364942,0.30694738597975985
0,0.03164030577872052,0.013529384032138311
0,0.028238194809202453,0.01494575635675215
0,0.035892248055688566,0.011312885280729497
0,0.0033421302750925148,0.009857015901361274
0,0.6909211856318264,0.25807785752814316
0,3.1251244587733486e-05,0.004331160383530877
0,0.012077648559607827,0.09334605298771699
0,0.04016189034405664,0.013066492913911872
0,0.02000576604961709,0.0035541180359477285
0,0.25019764767670377,0.0665602511767857
0,0.01460657071047293,0.14504030948693336
0,0.05342315200039134,0.012912376176683301
0,0.030431940744755984,0.25229239480700905
0,0.0011979701954372916,0.02628344736200648
0,0.08072932955090445,0.141390388561296
0,0.07052511207019074,0.013211253074751893
0,0.03321567656359598,0.07440181826092544
0,0.00985905753822681,0.011758605126680746
0,0.042544937987165465,0.015422158845738353
0,0.01724192453488483,0.017126893215102645
0,0.010742591256056823,0.009082434066739921
0,0.0020956757052330625,0.06097179049527655
0,0.021998551016827593,0.029114065115630465
0,0.02065577628748665,0.012785321778094631
0,0.033750829441434885,0.009465245469507765
0,0.03436570097560989,0.04474357741515201
0,0.5047446832884216,0.5210166408438915
0,0.09328511263335755,0.0658670464011261
0,0.004873020891543217,0.0026038307959034405
0,0.17874043474390966,0.09205300776571954
0,0.017347265453890807,0.45765539128508975
0,0.02227405089065943,0.005488639997005256
0,0.11292994066970741,0.17982783039729008
0,0.06799382374264326,0.0054996752444731595
0,0.005744932996371963,0.014004233898611773
0,0.016976223344891243,0.09285507268674138
0,0.3762060608341475,0.289739927346239
0,0.003922547366503222,0.048861501615121705
0,0.042353465342173977,0.005016148458658746
0,0.016925268312247617,0.01822481640378781
0,0.02962702209564159,0.04303450417507972
0,0.13798658238691813,0.026473747720695717
0,0.012966910522602813,0.013970879939101158
0,0.18372012833885762,0.11126099306171293
0,0.07427198235528348,0.09072649679339023
0,0.006127944265236322,0.004038465631758024
0,0.07206759313518374,0.06637360848366732
0,0.09868783883097948,0.17480059534231965
0,0.014168648986812958,0.013089551961591185
0,0.03038647464401244,0.015630300249368505
0,0.007381868900338507,0.04050724826131176
0,0.016933446230368444,0.041803604329789745
0,0.01599857495724255,0.07535260685123785
0,0.0017957212540418406,0.006532319146968155
0,0.0005001860794751646,0.030894275984813046
0,0.0006444991637345866,0.006146312073805178
0,0.03269446741584255,0.09711259533245514
0,0.058783475789150906,0.09500465031325223
0,0.10215664002156641,0.024227958966409894
0,0.041794631669803475,0.014204823799692014
0,0.010251133913882382,0.046029511745183556
0,0.05605946914779659,0.020821454400492212
0,0.16472329286102116,0.011821289496512817
0,0.09876037895149255,0.23880296968628636
0,0.012820197050025413,0.2843153483298223
0,0.023696220385983294,0.015170324629883823
0,7.893734244057678e-05,0.04100310620439893
0,0.12805190284218704,0.1560532851962417
0,0.35081732992647785,0.00519315688116857
0,0.2696120563372207,0.02258558352390448
0,0.2060570340409507,0.11454130092051223
0,0.008334463607721668,0.15174456462102512
0,0.022245724210900306,0.04644486367169011
0,0.06180112441453037,0.021913174763809794
0,0.20355080810364787,0.03064343351367486
0,0.033509672319739996,0.021963294375078275
0,0.035059831602157955,0.012096968055312358
0,0.14457643092500644,0.011225197381759758
0,0.06792463795125633,0.04913938765171909
0,0.0032565218930864065,0.014452049628656743
0,0.01759865590969529,0.05877124253656128
0,0.01113747949676929,0.028461712131335373
0,0.08869732452563613,0.05836779082244284
0,0.1915301000936238,0.015157366754188792
0,0.2509159617232517,0.05847825260224661
0,0.03298169450438814,0.04998636210569119
0,0.01340097480595736,0.049564154365999605
0,0.026461320115180844,0.040928036504249414
0,0.013265758565114024,0.010452686379213937
0,0.4927767295898555,0.09682953560150902
0,0.017417645187017525,0.01276972080593493
0,0.001281711372503103,0.019209855394936748
0,0.017924135990453404,0.01543591320306372
0,0.02823869685976745,0.013277691419091105
0,0.27593928205271345,0.1058991811138988
0,0.004389590928615131,0.030263499832509626
0,0.024355469358623462,0.0035149765645667913
0,0.020075752607236947,0.022188343190828377
0,9.521306736668681e-07,0.006294270318492365
0,2.9587252909473883e-06,0.04721376114036034
0,0.13379449917014644,0.14653586429574225
0,0.04448858084605832,0.02921261120493804
0,0.381188796370747,0.20330826064474267
0,0.036052195552431526,0.011554595898320693
0,0.12238689800348918,0.03521317604141871
0,0.07007104922940363,0.03102962805646295
0,0.05245326860276089,0.044839181303891466
0,0.7740364978827401,0.19013493676536528
0,0.059914778618756846,0.12247105307385645
0,0.16772826216672063,0.038563191524431745
0,0.017030295659227285,0.04559546302519228
0,0.06667183845920566,0.22445098335448777
0,0.03816699303639042,0.03774821218776925
0,0.00606009782323004,0.011255182946456738
0,0.027983804298935714,0.007411309246108328
0,0.03340785352710221,0.012813101681036644
0,0.036757255567694685,0.007347568547100643
0,0.09327128093829341,0.04147244512887277
0,0.09485852792251367,0.13773046138853903
0,0.011026758397126944,0.05377191895091406
0,0.7545442928460879,0.15851950913081925
0,0.02068705334392309,0.008627876090504366
0,0.21040301158647948,0.046893944262243595
0,0.003839176372351621,0.02174872999923249
0,0.15443533936796097,0.07419912350717335
0,0.08206889732666497,0.01396071709205244
0,0.03786545208679585,0.012340903164523681
0,0.01814147052525358,0.01843171960171984
0,0.011655563710079095,0.008956186434055142
0,0.04717791120869698,0.020212866387558318
0,0.0006086311204481406,0.009185497148515897
0,0.030528182605204755,0.039249621911774314
0,1.505451424230165e-13,0.007151237824561538
0,0.0011432783561380973,0.14417218580447905
0,0.055085306906789415,0.07433035017312471
0,0.030664272268858477,0.009010056665053926
0,0.11255765110270545,0.018615948172327815
0,0.03917218701465196,0.027188136549792973
0,0.015461827162624567,0.008313538254518943
0,0.057244722016193524,0.029576070074076123
0,0.28395327180780633,0.03849430764155393
0,0.023790695545147185,0.003769084201338485
0,0.059475033792530614,0.07050252088806491
0,0.11587830136357753,0.13857917445092222
0,0.07421328023011006,0.04695073519500926
0,0.025677390837734935,0.0186912806053884
0,0.9348294403760118,0.41259275878726515
0,0.016112669715786367,0.056440333706853585
0,0.08275125122056806,0.04274471917064403
0,0.3017305821333257,0.11164409814176748
0,0.0028174915203513203,0.028358441107847902
0,0.2111684754961569,0.019453718604880658
0,0.062031866689884724,0.10321785947452655
0,0.013455547167252148,0.0454819442586482
0,0.029801863502437454,0.015239088904098759
0,0.03274207057238911,0.017118251103413976
0,0.05401218189377545,0.014262288052118344
0,0.018184489546888814,0.017345977987947306
0,0.11667868837111695,0.017626013680739593
0,0.006462243109216196,0.007236384720277571
0,0.010147100204165272,0.01616482759106165
0,0.08422115086682248,0.01355461613704622
0,0.08885916198939979,0.015609363198058114
0,0.014981263460691601,0.19971667548890895
0,0.0675657461062622,0.015471763711335917
0,0.07150628223417246,0.05820508227727038
0,0.0005527878115321862,0.006265443724390631
0,0.02194177863337797,0.0196228215746763
0,0.021524143855082063,0.037759532487172544
0,0.2577177582792938,0.15840557875238662
0,0.019769103410452807,0.011328579839058408
0,0.030009048449908617,0.1165519059921591
0,0.028444376727988316,0.011896452197929725
0,0.02188269042422468,0.12732170632194775
0,0.507316833874513,0.10069910485614082
0,0.017007892042816518,0.05737392013643501
0,0.010309837426775197,0.030425602048558403
0,0.23664873541098214,0.21169175519364222
0,0.15549477469679798,0.052348719917807075
0,0.04495698975767803,0.011642470177627331
0,0.0655491164535933,0.011933894360384955
0,0.219963317655747,0.12096536490838254
0,2.1889203865897837e-05,0.027750038301695236
0,0.01441360684701812,0.010755096026797818
0,0.0009691899385977064,0.023925782682036684
0,0.008060549593985526,0.022844181085661983
0,0.005119802526573218,0.005838713454106293
0,0.0183302318274495,0.06445982519235226
0,0.33690716682570654,0.042028927325866605
0,0.26374982056647733,0.013288822489520055
0,0.020976278464546406,0.01699671088201231
0,0.060365842442118435,0.05077447724721972
0,0.0410530039277385,0.011040469971810733
0,0.010629214133680195,0.02079166141498273
0,0.006531887411099801,0.05006491031350305
0,0.019389073809076743,0.00455664729460084
0,0.012190906312108419,0.008910614837389594
0,0.045543546603857676,0.08170239918401134
0,0.008852437297138064,0.02832415017782633
0,0.012696848875890452,0.06166246221570504
0,0.0009958424753633247,0.013350065031651212
0,0.05451301361547585,0.026145868427904305
0,0.036701215939895504,0.0805180060119712
0,0.023441995745396398,0.06048256833280021
0,0.04417587462809329,0.05397638970956471
0,0.0032240013027759733,0.004682738555100896
0,0.003686336251539667,0.0811755127451698
0,0.005015818428539405,0.009417505051482878
1,0.9999999999999947,0.9998211399227404
0,0.22341743519165047,0.174818986385133
0,0.024345005114393373,0.04545080050718315
0,0.009850282663200623,0.04914774451246244
0,0.07116673045527483,0.0065750380084299495
0,0.0025958496405173153,0.011563975976415213
0,0.005092758120731279,0.05469391722459323
0,0.020828237451108237,0.023648810085306032
0,0.026681038650796664,0.02509660960504761
0,0.01121110520354456,0.011317468486944936
0,0.021717455685527375,0.011882729845928947
0,0.010238304412665603,0.050819357698194956
0,0.6006928428482048,0.038706270526337676
0,0.020611211277323647,0.02267477524595297
0,0.01167185190853361,0.10288350576624924
0,0.018802316601315417,0.15981983999027616
0,0.001495715274726264,0.01228168048370644
0,0.09066363445486342,0.05272840518192933
0,0.009720501349763388,0.16665927629070695
0,0.3048190353885566,0.3150909447366976
0,0.026684017883044978,0.01586347378781242
0,0.24218710003145247,0.031223446174862796
0,0.03384340840492068,0.10434929626314124
0,0.007266327593615201,0.003403453810186772
0,0.11688483175565839,0.02961824575160359
0,0.007771985338930351,0.013018090717013492
0,0.008282656252595312,0.0060066000898148925
0,0.02655682413387075,0.11841406610447874
0,0.09454787508797428,0.011951253637444672
0,0.009118224412644881,0.014003329615472454
0,0.003303141272960444,0.005685034175640478
0,0.07342322373252015,0.09701140372629864
0,0.18963547141905515,0.5051522537147478
0,0.0034023286155453318,0.036386696589056446
0,0.0030822323739769526,0.033951750099989436
0,0.010146164496926699,0.05882978257427791
0,0.007227824585801138,0.035259406666673127
0,0.010575623429053481,0.01952087759486274
0,0.018681798744592228,0.05242922818347933
0,0.006537433338211219,0.004682475363581918
0,0.002684673488047407,0.006081657437894827
0,0.015458749487546131,0.04396048061863791
1,1.0,0.9996285137726857
0,0.003307598486329861,0.03249858855185115
0,0.008498705217074715,0.05246337923284944
0,0.06046232076530033,0.008450606889648072
0,0.04203899206931681,0.026052892014216678
0,0.0953351963628274,0.02270878596757095
0,0.0018715352957800336,0.3182399215586108
0,0.010432656063757808,0.014449265262122315
0,4.19365424051927e-05,0.010512511354526792
1,0.9999999999924829,0.9995574722326055
0,0.05144197301062548,0.08503027024556639
0,0.39569315176228675,0.19966583618539177
0,0.006669786206131274,0.04315388387234064
0,0.004132569750638785,0.01556220723473869
0,9.520277704779628e-08,0.018023250475989353
0,0.10432544616433945,0.1343260651606949
0,0.01734054539622223,0.012901298364001107
0,0.09960015142134647,0.15024023498582834
0,0.08026774738566249,0.1588115734952461
0,0.16205265837241206,0.01697680553630086
0,0.02597723891998591,0.03453476433044555
0,0.004034325526057298,0.021035987946466914
0,0.0020587529130479685,0.01816047959132019
0,0.011351678257931574,0.005045267103824695
0,0.0032723528248149647,0.011375237383099982
0,0.007994634327844356,0.023238602824984654
0,0.6454199651724789,0.07461981359167907
0,0.002785136070114255,0.022477606712196972
1,0.34518320346271303,0.11213727486177395
0,0.08888364946789344,0.016820269630692997
0,0.003151915140158926,0.12238386756897171
0,0.16904956964961715,0.13178930737425795
0,0.06353441792103447,0.014657305811449011
0,0.0275149731021127,0.04947194042524147
0,0.08549374107106725,0.02337851385492267
0,0.006514443722853956,0.012606822280194866
0,0.012954329813230164,0.020279748539163745
0,0.020875165388818832,0.0566720104615403
0,0.0474150461005077,0.0828057287318805
0,0.03008339799631901,0.011777820570969193
0,0.034770233561790764,0.17465405318500862
0,0.018393903728126618,0.028914048931940415
0,0.3428642799024725,0.16832333994884555
0,0.2541907609037797,0.46322109052290417
0,0.00961964188864728,0.023996182053782313
0,0.15643132259086967,0.0630774134192586
0,0.002962773048944452,0.013489049547178323
0,0.06038328265617336,0.05654688067209846
0,3.796682192953904e-09,0.008479882522221632
0,0.23469371465262379,0.008280765003540053
0,0.1289670894664509,0.07645475945649736
0,0.010179333819757972,0.012949152405658774
0,0.27278227197422156,0.06973167435470505
0,0.06726113494641804,0.015435144442467236
0,0.005333047612656913,0.006866055101552561
0,0.020732446687108087,0.04637556448265732
0,0.011718181308720696,0.015897820920224584
0,0.0016269537338987627,0.024775031280263274
0,0.05279848754156482,0.0808519829366225
0,0.073070340643939,0.02450177618111507
0,0.05799496784739778,0.02138727493845414
0,0.21984077562705817,0.09393029915294938
0,0.017742684173631756,0.01834282082053292
0,0.05172522968039269,0.01315993756091181
0,0.011508565049449682,0.007460588442755789
0,0.013505914285463869,0.02929350103478943
0,0.05276856840987588,0.07157678123087427
0,0.02110581305386588,0.019941367491315636
0,0.0742465490719121,0.013710973400174626
0,0.02146338485163917,0.014398453410433807
0,0.011737699419727498,0.02231675448702744
0,0.011815813635095013,0.05610258143047699
0,8.182398337660669e-08,0.021688558052829203
0,0.004094234293081877,0.04998930848059087
0,0.018491500288905866,0.013536079863964436
0,0.12173050993777362,0.13035844455105922
0,0.015551238961363232,0.08201646164164653
0,0.12100369088643181,0.05775303427585224
0,0.003586055669998008,0.05224419663473982
0,0.40758968899880815,0.15126653332678028
0,0.541311605484776,0.135370675962725
1,0.9999999999987983,0.9999044769419175
0,0.05030358532258156,0.10024426045271631
0,0.29358324840886135,0.02819511478470099
0,0.19458530990341327,0.23468662258501238
0,0.05278323646536737,0.015511591022454209
0,0.00026701982735307446,0.0875000747657811
0,0.10713880996550451,0.12154924654875778
0,0.1151459690845003,0.042569679051512446
0,0.001597516631721923,0.007962137690437843
0,0.00095321423854541,0.012164608231646555
0,1.476849729599146e-06,0.003456246634951345
1,0.9999999999999989,0.998274202194783
0,0.010608149299745942,0.052098124775466645
0,0.025919011662541833,0.0032182760119775127
0,0.19949067322249578,0.037918741124600655
0,0.1185545917842716,0.02118991916591681
0,0.0291012804565803,0.002382202715062163
0,0.01170110978788095,0.015123059040887805
0,0.05715892191084576,0.030879823379106653
0,0.008682818956931824,0.027773351246123117
0,0.07118492196206357,0.026987342908924006
0,0.07926195863034233,0.0317127296248318
0,0.11924891303509204,0.2800480805280276
0,0.05559904229214181,0.022682227004658426
0,0.08341464144939185,0.027310411771648346
0,0.024735469107366632,0.1270475188798286
0,0.023560292769671805,0.015539799079196863
0,0.9722900801259758,0.13964092583748522
0,0.9637416347965722,0.3985413995070643
0,0.09312608261427516,0.021650157275466233
0,0.029608412234412334,0.14493561181182127
0,0.0015148917676182305,0.04830949616725372
0,0.04149664162870348,0.014757034679842768
0,0.005886387811796325,0.0029947056097290913
0,0.02565629105719174,0.05120776489185771
0,0.13920509530120292,0.03816205617991928
0,0.053608119361616316,0.09091938520446219
0,0.017802851181045447,0.010301004843936621
0,0.134892568080781,0.039833490598352714
0,0.032241252441376426,0.012170726189773736
0,0.025849171134016167,0.012918815488073493
0,0.3687163392215438,0.08803879780166023
0,0.1346807881956146,0.09155341017591644
0,0.017255642693424594,0.06253422239437424
0,6.454929207700649e-07,0.10459567706827042
0,0.027494840337936987,0.03418867374034567
0,0.09724956389425167,0.03764586797176747
0,0.0031505027837722284,0.005246812171669739
0,0.12993672541754228,0.060944450142302445
0,0.008464662162485658,0.02559237534406909
0,2.3498913181381367e-05,0.02802358124153162
0,0.06065158133572327,0.006117452325215427
0,0.011238462833864326,0.007864005478792001
0,0.05676979569107566,0.09396586121569205
0,0.008735228195658412,0.1330772253216148
0,0.026157060411061164,0.006111829507980246
0,0.03354302556200521,0.029250157071946968
0,6.780635839978792e-05,0.04964826216790371
0,0.049666414265741914,0.02771912413179705
0,0.0505495265432419,0.02947456667733225
0,0.3579825032212031,0.03468006101992823
0,0.9117685758841545,0.1121517109850324
0,0.008613879298191882,0.22407936346538873
0,0.26427945631558747,0.23207032771285446
0,0.014005974643142658,0.018102362790696533
0,0.0029904856437364125,0.007243161956488701
0,0.10894428819576531,0.27465154774183903
0,0.022735145844562408,0.1537729940844429
0,0.10601488824434267,0.006814195014947396
0,0.07992417104665231,0.06586018231491443
0,0.048697541772645236,0.2329916018375332
0,0.17341789345595607,0.05644564089845883
0,0.0585367961992768,0.02174109175986416
0,0.774913264250469,0.07077141872927241
0,0.03252002411726932,0.011542052103316516
0,0.11619257318863595,0.056975017297185
0,0.10641026815831676,0.04384747227697757
0,0.013752484726986413,0.012051235512132975
0,0.07720175491822028,0.044005969241896564
0,0.020091390796618428,0.0230769619482202
0,0.022200686097887355,0.11683434650607082
0,0.016530674902651,0.006397074016550324
0,0.06654059270519459,0.10025394287136462
0,0.11538553251994181,0.005920616755764297
0,0.008149439643809648,0.025042693688673703
0,0.001782195615696246,0.007366881472341211
0,0.00012339210170118347,0.07195237742486654
0,0.04743188470083056,0.017802020106199426
0,0.19517329605561298,0.03125690531119254
0,0.5924960174454974,0.05733624041819621
0,0.04337290897679625,0.030223567241485363
0,0.009469839026763141,0.006120625851530081
0,0.011513936507827404,0.008555040968025616
0,0.0077782522400362715,0.04120986721312935
0,0.031326046297779145,0.008013072742805683
0,0.00399032117370715,0.012048246982301582
0,0.09185851030375566,0.031437959551261746
0,0.025531368208018587,0.004594609037462828
0,0.06496168427905848,0.02293478188038181
0,0.011230446016776231,0.014277047109972012
0,0.21461226118710147,0.03230646565525609
0,0.018913706934270066,0.0522752287301681
0,0.09975081889402092,0.052250411070166515
0,0.001579345643147076,0.1227711999736562
0,0.014610167113479634,0.04541617871522496
0,0.12663187760570221,0.06714926570909023
0,0.03208275388852313,0.012159482097473374
0,0.16309701880911553,0.02718019755676183
0,0.020900159505635504,0.007458281479342674
0,0.03448326193238011,0.009883757326763689
0,0.04032559377521016,0.45890202478181186
0,0.17905204069316455,0.11985597657007041
0,0.06993126342192094,0.06733642237031404
0,0.2187733268591645,0.016295819963970518
0,0.02055225805055821,0.012660982364524065
0,0.034248251818558895,0.034402431503265024
0,0.015055710325758418,0.04859297732405588
0,0.015934748216252168,0.012553655296776498
0,0.023824006749167834,0.012718162229834958
0,0.04587174792683147,0.012262320986450753
0,0.1814400979027629,0.017606408617125778
0,0.028456465566809985,0.018539919512519036
0,0.01931116262506933,0.013504064990131905
0,0.022103049366086754,0.015662507139607283
0,0.03177451631871439,0.09361876228123149
0,0.062218848956291754,0.009495738849107958
0,0.02134390747224529,0.09039429809878816
0,0.02758966576099593,0.039573394803308105
0,0.004926845285790985,0.020572599157638028
0,0.11975961733338196,0.007187702214476014
0,0.06432570884473156,0.16826446287353128
0,0.05717442792672265,0.0425071492977413
0,0.008178222530716216,0.007174304032313435
0,0.004725766225972072,0.014278556336041016
0,0.004082107213929316,0.13851341848211948
0,0.3923275866708136,0.202351091096226
0,0.05102370995986069,0.493591858755778
0,0.18311987222194326,0.03523570218072478
0,0.0031594689241423936,0.009416836987413016
0,0.13198806825631934,0.05261230229696529
0,0.00763748236472564,0.013723562939320207
0,0.034993337716065324,0.017965029542789304
0,0.006936810312938791,0.02063965427670201
0,0.012619750069387661,0.013354051554799342
0,0.0003983918055742833,0.03386055669934011
0,0.024333134299853544,0.008545215929014187
0,0.02180746575962036,0.02303436369343974
0,0.0013850380429275468,0.01436317904919718
0,0.39173922856429183,0.28963217309103145
0,0.08955462491536446,0.08672153552203145
0,1.3441526370215938e-08,0.008251392075085224
0,0.024406705052039054,0.01148643244023833
0,0.06294536626519726,0.023775303437861682
0,0.020416040758501196,0.20995922472872083
0,0.024858804270436453,0.008705944351313099
0,0.021179460689912707,0.02708752401657622
0,0.024434898729665956,0.5002587222523229
0,0.031915801370363525,0.017405759883434558
0,0.1858842638646878,0.12117356102477206
0,0.019589295283781713,0.0040392200771670606
0,0.024642540956080462,0.03828135289634218
0,0.020613290182347057,0.0058266300713771405
0,0.010703143933755729,0.006549935647012994
0,0.09981435342500711,0.006013110180206789
0,0.022229968000073756,0.11079915725616221
0,0.09447472010752199,0.009695561065522202
0,0.03962579670166089,0.036605983822912906
0,0.03554724252880134,0.04883047907930064
0,0.017368173473995597,0.49465132113597077
0,0.11428905875393898,0.08056556602872954
0,0.09510067483523779,0.01726517132414804
0,0.008445745021976595,0.07115135388766756
0,0.0010327363410869439,0.04680271488206751
0,0.021101667157660913,0.07570455472056449
0,0.00155539888390702,0.013146278388135814
0,0.08192823058573873,0.014009264785819046
0,0.06107929292557587,0.029647342294087636
0,0.04094845392130865,0.021122859545641234
0,0.10890984952683296,0.01052595709506687
0,0.04991344241037193,0.014212659508021717
0,2.9569971918499204e-06,0.008952985504585067
0,0.07293631579200764,0.09879525815504875
0,0.012637878597248341,0.0027086438910563873
0,0.44719878047971695,0.09558585189374809
0,0.008096487441984887,0.055430460559452194
0,0.009348570443159078,0.010917999234904862
0,0.17677917495915135,0.17225532812827543
0,0.12723394485580533,0.057186856586040766
0,0.0002499285250933154,0.038315988126057465
0,0.0123843006776984,0.058579527565426615
0,0.004007946991504992,0.1334800406962921
0,0.07377953177933913,0.05742083690460565
0,0.009787408142289884,0.02565282304045777
0,0.033998143726329075,0.08943219377640198
0,2.5294108008131845e-31,0.0074475642395406055
0,0.05042843808676391,0.049883044766362385
0,0.0650705884484939,0.0198801178111731
0,0.03892069852160473,0.03449294607451467
0,0.04040665627415479,0.0161378918619168
0,0.03502408402178238,0.053096789315098855
0,0.01949726536914108,0.019861658785659073
0,0.0033751525892947234,0.02652906489526687
0,0.01600593390657818,0.06740552486677293
0,0.04336438007025975,0.04167867866593148
0,0.00517839277137365,0.06963372170835422
0,0.009428369617476713,0.131466225135165
0,0.02199299044135088,0.0650465615611096
0,0.015280860144317954,0.008536825087083217
0,0.02714716537257151,0.12852938495682764
0,0.0011931108297355676,0.026032823383175745
0,0.018730303614473417,0.008328865909536487
0,0.0028378327092819047,0.026850977355745202
0,0.9940998238329904,0.6883341532861271
0,0.10675284970356382,0.09416242744288918
0,0.3023843656095059,0.18294984049543214
0,0.12371027833712533,0.005031671268166571
0,0.018230736190114814,0.003921723055436352
0,0.013663440652380718,0.016523625158660127
0,0.0305483124739305,0.09497933138038331
0,0.009415981405299876,0.01980897654434551
0,0.44204486341413896,0.09238720677623107
0,0.09463533005101854,0.12160146525354572
0,0.16621546284199545,0.06049026961645186
0,0.2622887663939938,0.06400399146168761
0,0.012848863807201679,0.012182461915020393
0,0.04661549664626663,0.017484371388363028
0,0.04815865697388424,0.02346389323447054
0,0.021492024080542894,0.01266434034407305
0,0.06421338137597,0.043748143905664665
0,0.021130190107060243,0.034219159311720385
0,0.005587505123575869,0.07136670387858561
0,0.050429443576102205,0.014090238188574756
0,0.008917682273609454,0.0680835066189786
0,0.16223732336732488,0.11835836117147541
0,0.0004530445849501977,0.06966151966916795
0,0.015582856705555875,0.010227943138368018
0,0.07289873540057706,0.028157526151876607
0,0.019489562947103106,0.18168860335014042
0,0.0057073018254131195,0.3403195902232846
0,0.011479573692169441,0.02395716608224795
0,0.41938827625204417,0.08802946724482345
0,0.0036232704802237232,0.026395709844230685
0,0.011815947126368794,0.01756987959582309
0,0.039197296094893204,0.34806033469473996
0,0.09753755830527724,0.014583835703651174
0,0.03949594717295876,0.0634698347288551
0,0.01715052032884542,0.059591801862649216
0,0.101226672543532,0.03986036407909726
0,0.24748852464548468,0.16039302856359736
0,0.0525777538807355,0.012367083503381638
0,0.04429271258678106,0.01986756911331899
0,0.014742784919292656,0.0070509043524191635
0,0.004772868864900599,0.03170230651186575
0,0.7408536355544435,0.17644266474912348
0,0.25599977282361575,0.43446201403005497
0,0.3481305841646288,0.44169446343693186
0,0.05507850319446754,0.020130311834461335
0,0.02409954258233832,0.02146332510353027
0,0.02275447079578793,0.017398007590908163
0,0.034182934632173395,0.13342677202357783
0,0.013020022424873878,0.01056421291957276
0,0.04109115224457079,0.09446184342070973
0,0.2453390847559525,0.16718741779703633
0,0.013994499160794403,0.044191602033991834
0,0.4264539663370482,0.6005361704382861
0,0.5150980502123755,0.04575773947043189
0,0.004562161378850333,0.045342576374429226
0,0.09005969852940109,0.04152919004877421
0,0.014710372117957308,0.013872476776899139
0,9.210904498623121e-08,0.004492870707750882
0,0.14284515713683327,0.08260238562610844
0,0.08104641244151366,0.016442705714173
0,0.009646555281668258,0.05700689845297638
0,0.08491726222310288,0.013690871491983959
0,0.06361708376942361,0.006686814311181416
0,0.49972383175358015,0.14160611743795626
0,0.0212817123682839,0.01696585740545559
0,0.026509526857401974,0.012794592687154856
0,0.014968807600786374,0.018270244617252424
0,0.0007396638829931428,0.012797474664493491
0,0.001486712374296468,0.025630065676146094
0,0.7232694595173974,0.10674687538694733
0,0.013002457296294586,0.01565696610534318
0,0.0015468060193963168,0.011305015993698552
0,0.002240996142202022,0.042331405281021715
0,0.015995210301904497,0.013229978485691811
0,0.018908425175383395,0.10532276835431502
0,0.031536222229966715,0.025802816752817946
0,0.011803330710559373,0.007318463088187255
0,0.0028603979725692285,0.0903938286999168
0,0.008645554629014127,0.03849013358811573
0,0.02533603974790445,0.01214669454454908
0,0.016972618848873133,0.08419858288178822
0,0.08600763240641393,0.0061428008039371524
0,0.020804950549714808,0.021317403702635747
0,0.0018235691024034869,0.028850065330346446
0,0.0178064277120643,0.010779507945305111
0,0.016002315925539183,0.038988408340214456
0,0.03357333538161745,0.017853634569116445
0,0.012823047935152645,0.07740744762249155
0,0.0600407614639483,0.013779683170597813
0,0.7341960115174853,0.3896721712451988
0,0.014636833285433557,0.017334565260672
0,0.0763236086204196,0.016582849124870028
0,0.1313381457970886,0.05744404233583849
0,0.20987643062966035,0.07697690722294467
0,0.08983064834301584,0.03991806735021433
0,0.6271516801319513,0.07392053614102338
0,0.23391325216731726,0.09591535433818793
0,0.04470849215948253,0.02504470062940384
0,0.05621075339363568,0.10651254414630829
0,0.186601804503582,0.1277757810942128
0,0.013432336411395648,0.006942474017369376
0,0.0765382551347882,0.023460086242679052
0,0.15319362636976172,0.02162637991357801
0,0.08648239116348182,0.13323121820510106
0,0.05934252186461099,0.023295244371570514
0,0.013485387672179775,0.09213687546742716
0,0.012569520986660997,0.14773732164741643
0,0.3090192318709801,0.0317581848157309
0,0.1527608107535671,0.03739410350190545
0,0.11831214278397369,0.08247034724092238
0,0.029266012397720316,0.012540523215971443
0,0.06015921042774067,0.019668222929723245
0,0.0694959519003042,0.0857459476652347
0,0.0960776172026452,0.05714115188392204
0,0.030025857470050318,0.022806824238543726
0,0.24823369508696222,0.03993706652160949
0,0.05606267990006398,0.03384786575695897
0,0.0073831387789753365,0.031547353379026165
0,0.05409011291999565,0.01104498266794751
0,0.008801478639484167,0.05678586752454622
0,0.027155867374300882,0.032774093715206655
0,0.02015806066084655,0.012152416936588832
0,0.011569512455838477,0.009246263580416395
0,0.040138259929729095,0.013247834378441157
0,0.016221430063693105,0.011324329558467652
0,0.009339599270846561,0.015881038978494313
0,1.5242638956302547e-07,0.008394462441155633
0,0.05646778708710972,0.07303684193102668
0,0.013243704850962924,0.07288576420719095
0,0.04556034922559862,0.016240031971975624
0,0.0236023599359754,0.02449402260587544
0,0.012303494663270792,0.010646693141325134
0,0.04102707376916732,0.0166184470865141
0,1.7117602829268365e-07,0.002819179169915012
0,0.010722998317640432,0.00860516670790812
0,0.03125618097340877,0.058504624003782056
0,0.018648675763812284,0.010183627479954941
0,0.00969808371518442,0.15974094728571928
0,0.03945883414278605,0.014423384246360357
0,0.056329214823688474,0.09824892539854312
0,0.024815495139197053,0.017101010813139608
0,0.0902006383693447,0.02495431579884062
0,0.030883075838278283,0.020429906098967585
0,0.0002786403779973684,0.0050949929604737175
0,0.044017207580078044,0.026407890245045248
0,0.061360695097380014,0.05514020388843573
0,0.031969376122662194,0.03881804357749943
0,0.00414827177338299,0.07358086905850911
0,0.026190981774080326,0.03103668099306642
0,0.06267053180143735,0.02869680086107988
0,0.04564904034532474,0.05133660083817259
0,0.02024919192140072,0.014413593094157262
0,0.056438632557695205,0.01766455041040992
0,0.15828838430698727,0.017108343758936023
0,3.3318304911328188e-06,0.00598390836027918
0,0.01661379876012252,0.008190442264304282
0,0.021642153582440597,0.00469324181938844
0,0.016118119027854722,0.02245907309552495
0,0.09443180689384269,0.05112986293122023
0,0.0053463402120206525,0.04014783039829532
0,0.07113354785266242,0.0484747196409892
0,0.0060750797567097675,0.042256239447808
0,0.008697176407494255,0.028776283619342157
0,0.08236588672089244,0.12579197744050524
0,0.0009583886819708762,0.004655037199861463
0,0.00047738942417661413,0.015098172270234241
0,0.2486351047031322,0.2589981107514548
0,0.018239915455559887,0.012346531341594387
0,0.02475278263255633,0.0117187681609289
0,0.10549617097998687,0.05619158654222154
0,0.03032158432122187,0.01096991460272324
0,0.03158861484075318,0.08320240685601812
0,0.08237616943836365,0.022508089883341638
0,0.009625827633781982,0.018023212561700686
0,0.0007355925811947159,0.03242246922083743
0,0.01991353325946538,0.011855205577032247
0,0.030242999175137474,0.16115653240136127
0,0.039680328745223516,0.10256612532288417
0,0.05666528289908074,0.012355182973121027
0,0.029644395685949357,0.07553420683062334
0,0.01992177117375378,0.012874092316069103
0,2.633401180898307e-05,0.014632918725759642
0,0.03965772146292024,0.011423917407117139
0,0.017241022756997845,0.016922376025466753
0,0.037857459845346955,0.16765124525405842
0,0.0012904161686913582,0.009719794981444574
0,0.13449546870050616,0.03568171608849264
0,0.03204619640900051,0.006407112026086231
0,0.0171612369520396,0.219909302285521
0,0.017032684260110596,0.01729783922859373
0,0.02988169375280115,0.07376762819444822
0,0.013984102918862883,0.011640920136502489
0,0.006378490786443196,0.0454944636996099
0,0.005707434225520076,0.016372336338131118
0,0.14933416299214405,0.029691577679699478
0,0.020276926825707402,0.1473579507768208
0,0.07180920792924096,0.038229808414328686
0,0.046894458069177795,0.031721781437644245
0,0.01727174573762897,0.00979797669397452
0,0.0065095836941546446,0.03884284163397644
0,0.0006958695753720862,0.08347047847188871
0,0.0008915585081150015,0.018997518713760136
0,0.05416583022835057,0.023247378800404214
0,0.0016611909357862028,0.022998786438098016
0,0.06107749777870969,0.0124612884324379
0,0.05643676627892981,0.07953538159214374
0,0.00853811645202614,0.09635583999496598
0,0.03510266584505256,0.04278796073353872
0,0.02926424249946167,0.01192007212364244
0,0.019979051808187424,0.016276367905085787
0,0.020713106653605734,0.011674246026238982
0,0.031370356019881696,0.012873919014243205
0,0.028732769243197415,0.016099383096674205
0,0.020993180912860846,0.01509423666408352
0,0.023853808031238564,0.11944446269831456
0,0.01637750025529792,0.15009124497622725
0,0.0006793830289154475,0.10318530502734637
0,0.14763561125265873,0.015382360397801189
0,0.008295291107064437,0.008216726198025466
0,0.07981187152488042,0.018729707672804456
0,0.021935725632511317,0.013747040977256824
0,0.013167979338954111,0.012819190086548166
0,0.1764699018566028,0.03549262861082049
0,0.03789015284839007,0.01837901257467294
0,0.03325579213164184,0.010405680070672057
0,0.0659642006380928,0.014273876746646402
0,0.07238313032399825,0.013007749707146654
0,0.0661474722814639,0.10899961112135817
0,0.6970975634211174,0.1274872434905562
0,0.02262542999259643,0.04841572972989672
0,0.12911774415407937,0.040384724318415235
0,0.10693672897731663,0.10414329619952149
0,0.013448839552911221,0.01492595223950926
0,0.032802307506556314,0.024271733804138277
0,0.08028414560334542,0.047013928447809716
0,0.0460194154594731,0.012091275287650772
0,2.7133070103204755e-05,0.21796363688013018
0,0.007672250245599204,0.005468836592469674
0,0.0055728705006395434,0.008061925564667363
0,0.02409512965632376,0.011311036940656142
0,0.02449383530920853,0.030630252689412822
0,0.03375778110512024,0.009981740020574061
0,0.02404056248998924,0.012597071626367811
0,0.012247880135603515,0.02587185678865203
0,0.010878115029959293,0.20355125182082173
0,0.01611517087851311,0.014026597924398618
0,0.031150250478665886,0.012252231340610827
0,0.01038579067622022,0.022079541170748077
0,0.6102713893305595,0.3961666848922916
0,0.023557325957135302,0.030335637352387184
0,0.04190597035072289,0.009472193535810974
0,0.09822662275570268,0.19785858347645385
0,0.019015452051747907,0.02233871988812582
0,0.024090150837494002,0.006215119669150489
0,0.023203361408536603,0.011314292107655605
0,0.03580785457880731,0.029683199234414037
0,0.14224908032714342,0.13194430523311065
0,0.04057721911771886,0.03179976672303265
0,0.07942559057881263,0.017052286090049294
0,0.00771513926417841,0.017380633177680346
0,0.22098866763410516,0.02715565209001399
0,0.020982646007257584,0.04823320509271949
0,0.0381547345900489,0.011687928356921626
0,0.08464706567873262,0.4771130259938855
0,0.03499913843944226,0.020358569643048552
0,0.0003048303541213171,0.1854867818179285
0,0.010177802410370675,0.04033050178684849
0,0.02646592067183549,0.07340187764527387
0,0.03813523963229816,0.02038875269058862
0,0.015151986856766659,0.009094492375274908
0,0.00699304234427747,0.021483940272517755
0,0.027704234169235575,0.022748394251606446
0,0.02527033136745871,0.25269602078926406
0,0.013060163151151652,0.01155174560007069
0,0.024371145844466004,0.021210332790507012
0,0.011092734804072886,0.012627168411373074
0,0.017542780961932177,0.04875437977967533
0,0.33977323564466144,0.20388747776630362
0,0.04516953994605305,0.04456388424509148
0,0.011231494566380158,0.01027031673091194
0,0.0707499957181752,0.10074480613079038
0,0.15961487236001845,0.3313703213507174
0,0.9722002319423103,0.19367634208237378
0,0.3241553391990555,0.05301014165155475
0,0.01015588106953036,0.022012331728340502
0,0.037781062119377096,0.01389357288421735
0,0.0020654923039846256,0.004929188204321237
1,1.0,0.9998068434657561
0,0.026054902862390716,0.018600234881791085
0,0.0005153250850432676,0.0064319874203033565
0,0.08489161700434403,0.09680672308283318
0,0.009786863993578606,0.028035902374222738
0,0.04716063057479243,0.06438622283659308
0,2.178123060070977e-07,0.015343417817048868
0,0.020179974467780096,0.14811070929315007
0,0.08503608446555692,0.03954779382844887
0,0.005905857945162859,0.003166055279153438
0,1.1948155749605079e-05,0.004967901471636462
0,0.05196634725264193,0.05911150448956063
0,0.05434713323736361,0.021384586276885695
0,0.03316652783259512,0.0785612880834467
0,0.025060994519659624,0.009229792491189694
0,0.1725686037641371,0.053374996689620466
0,0.14256547175433995,0.2071268271946415
0,0.02095712769460463,0.02605697038067834
0,0.038172772440741326,0.009841635722316711
0,0.014904705547316172,0.360022947638365
0,0.013303870019892245,0.018742839913646035
0,0.002787088053568898,0.009462373833700057
0,0.0022934029544405855,0.021270711359955816
0,0.06183880636429312,0.03410759701098678
0,0.0015332982580968484,0.010342913391078264
0,0.016844509926933694,0.01140029964491709
0,0.6308729981531445,0.15357943019158285
0,0.000728320813741263,0.03406377835167033
0,0.004850524438632877,0.040137979693402534
0,0.06844580804953922,0.17773754359988586
0,0.583642927767294,0.20974116566944245
0,0.0016710303544683895,0.02844986182027959
0,0.02276467555415532,0.011946786086089015
0,0.03991929793233345,0.012724966837454124
0,0.09350745801257296,0.02346122174958559
0,0.040169316584277956,0.023309230767001678
0,0.2602229473170696,0.18796152863314733
0,0.12534524646694367,0.018591140871370378
0,0.08298610363488283,0.03345837041074936
0,0.03673069310029714,0.017179451877140744
0,0.00675892505631172,0.021000219132802544
0,0.013831766342647137,0.014551059812342924
0,0.06507157609395908,0.05115505163559237
0,0.05773342693161375,0.20884557199678483
0,0.03398170405974907,0.04131284912788765
0,0.026919633299856565,0.013896130937344165
0,0.02506673618772555,0.014785477230032458
0,0.1751663337930054,0.024030910147228256
0,0.04860365676959428,0.010375292397403408
0,0.07664608446441477,0.03498657227638275
0,0.07182455437467929,0.13339638733800735
0,0.020007020757661986,0.010111978049226509
0,0.0330639739220403,0.006755041047948082
0,0.07423340385701256,0.04436857256496361
0,0.0730026241956625,0.010966885880388558
0,0.13394752019577208,0.17693939560317887
0,0.09653591097534756,0.023645256846602465
0,0.9378468730721207,0.22324348743504355
0,0.001383801392979155,0.010076797224555302
0,0.4132957668340941,0.06520026734609397
0,0.00707023466389306,0.013703670100274106
0,0.015056180018746644,0.011509704212494282
0,0.006698270589414792,0.008114402162760733
0,0.0195337517963672,0.01454816275901456
0,0.30783783268065684,0.07290778090898217
0,0.003644708527185223,0.09734288011979564
0,0.017023955049447204,0.005823485468957539
0,0.050567109444557515,0.19195763617823058
0,0.3062626453324034,0.12108975034825106
0,0.0019518986029369641,0.007809554246347133
0,0.007864149190757902,0.014711732603221062
0,0.04085457362120953,0.03531372704373046
0,0.028658094867867735,0.0049105899688494485
0,0.002517823374014615,0.004361632191044803
0,0.036751652049394956,0.041832342118871116
0,0.0006123986218463084,0.026971136004959925
0,0.005917125615058651,0.013787923446126461
0,0.04116426759221083,0.013377032902730696
0,0.010792985313779148,0.023955907718879205
0,0.07346684176075488,0.010825597093611349
0,0.08958417978049714,0.21963744447846187
0,0.18980979011283347,0.11905715572099211
0,0.05897769005945303,0.028624761840051343
0,0.027930265120516887,0.1180454137639966
1,1.0,0.9998675876127361
0,0.0207783124126821,0.010765963639808614
0,0.07414001764099803,0.1959160214761106
0,0.030238710960566028,0.013383498416074826
0,0.009451635539963315,0.008924015771756283
0,0.06243782294183392,0.003191282170527296
0,0.2292234793505072,0.15337577354785603
0,0.024660827841590544,0.013126981950744625
0,0.03637036105545139,0.008168503679983145
0,0.24039354279986758,0.04657836630003004
0,0.021952097151912965,0.014559384713393035
0,0.06758889308114054,0.18117501688860135
0,0.02775430356086033,0.013552204368633795
0,0.01914421038125293,0.11320440422241396
0,0.027389890345468515,0.022015201133290817
0,0.08229538424735704,0.12946937961713964
0,0.00441355643042612,0.011613892588890276
0,0.044912135319326835,0.007736091795033918
0,0.011489104960202461,0.021250254641136165
0,0.007317108406734618,0.007919104670396465
0,0.04875576197008181,0.007439887455379538
0,0.02080783883927505,0.2675687876032354
0,0.006549391837153977,0.010180085276290907
0,0.2043417703822271,0.02180300072320588
0,0.00628264010702466,0.10729693338562872
0,0.13680359675185177,0.07400219614250243
0,0.04621925792054211,0.007418629710247364
0,0.06464549569437215,0.019093887279244375
0,0.019255213025670945,0.022366090046894885
0,0.1109800743657908,0.07519919311866767
0,0.019636597052019412,0.07740862001911371
0,0.006742028980160714,0.0030906498866568252
0,0.03954965265358499,0.05504791718751135
0,0.07565020097892736,0.4043401259553348
0,0.023878197620741122,0.010981870830530501
0,0.06234774527089333,0.013860517100235203
0,0.02374367051741654,0.00796581129472708
0,0.12281750005491736,0.03071041215253499
0,0.07474653100488282,0.017781394501690508
0,0.011469679963513519,0.027792386609048543
0,0.02629782717760969,0.019860047113631037
0,0.11043475604258692,0.05889593079000108
0,0.4233805758808508,0.1767661829860353
0,0.05101102050562839,0.07477824270407733
0,0.050818360008307924,0.024170217606368456
0,0.009812312249285709,0.03606026728254121
0,0.0367558308422367,0.10028808630736041
0,0.2885896059114621,0.015649142717488233
0,0.11314862257691141,0.04957501737519679
0,0.02188484117401532,0.016212443153880596
0,0.03202789298046696,0.016466968366332168
0,0.35039644231952366,0.07234251148099438
0,0.11933670383455078,0.04530802332057372
0,0.005159072159661607,0.017906521992346863
0,0.03969096866989411,0.19819804417533654
1,0.07360904225831907,0.05022072382453398
0,0.06158224648470766,0.016168599736845733
0,0.010377824405932837,0.027703967769072697
0,0.030935883766217476,0.009812716232095415
0,0.08934023363925118,0.02737922714367582
0,0.10577742411445719,0.018648119095331105
0,0.014014038640089991,0.007190296520241653
0,0.0019199828993433426,0.004181877139476348
0,0.13391398029980306,0.01136643844031234
0,0.0241508135932606,0.018830366055084483
0,0.004224498463630606,0.05350847698223786
0,0.06411889780501592,0.009916179662415191
0,0.01609126136170697,0.013291269909314797
0,0.14154344662459833,0.033811755632550435
0,0.22424928440079508,0.07382510888550486
0,0.10600226106841788,0.02008487508464376
0,0.010095915173149254,0.050690556080252906
0,0.030317346179915765,0.013871426762234022
0,0.5651254988452289,0.13528197034242803
0,0.0005939144428844748,0.005224852326264154
0,0.008660256334319138,0.008066130060672154
0,0.04098603368735175,0.011324265071352882
0,0.009981223146199552,0.01574580600352635
0,0.011416437634026826,0.016028705963047535
0,0.09450409949113199,0.03575066748585324
0,0.005508340836649722,0.008985126108299362
0,0.05718390962202782,0.03668849579820812
0,0.04901315537065422,0.07763937610565412
0,0.08674472255812556,0.090629837686586
0,0.06827150774671618,0.05534667737669009
0,0.04825571530420524,0.012297550294145209
0,0.018096095379579034,0.012726693893263514
0,0.03424688096938026,0.01580165173773234
0,0.02737757709262488,0.01573637314307164
0,0.06255778485449857,0.059936460379595435
0,0.6135570093375249,0.0675109082036275
0,0.12552441437476655,0.018833754643847976
0,0.009124497613361907,0.043974662868693275
0,0.02246457655064076,0.0395073783586468
0,2.241572337103323e-05,0.2644455342672711
0,0.08992990575386295,0.014978902932418946
0,0.019598217747377137,0.0565824503961407
0,0.0007049336352923533,0.005430273442374734
0,0.21015370193265862,0.11715375389422529
0,0.022262993762885534,0.016518097563797515
0,0.01812365632754122,0.010789434601416027
0,0.008537297724988856,0.01625633869218519
0,5.422589180258172e-10,0.1209502917530128
0,0.0013868585101327092,0.03050777621472325
0,0.003448600014387176,0.03598770431460328
0,0.016518233503063303,0.015558900736043137
0,0.003701254594998419,0.1296354997643896
0,0.13487614386670693,0.04045020091908844
0,0.009704235185538724,0.04931210136559004
0,1.3694749141967252e-05,0.0361633742938567
0,0.0014906270469898372,0.01680180317447993
0,0.03889177589245527,0.03302024069217184
0,0.047437975226426496,0.2779931004656821
0,0.008220183751635706,0.017307134817249256
0,0.02846281079209588,0.014143956419873063
0,0.03322620149323605,0.01224285472525233
0,0.010200153846091974,0.015048014189608685
0,0.019771437943654293,0.033155203124896296
0,0.014767136358091138,0.05630907814080566
0,0.01626011054755654,0.056040639101829055
0,0.15285278212343076,0.04774860210713834
0,0.008048750777855244,0.03886186922995937
0,0.012122557709004701,0.0047249019373748575
0,0.012860147250150125,0.03384605708133957
0,0.22235011953711536,0.051258906729787335
0,0.008570928825171806,0.015852104964555653
0,0.012413666343966257,0.03580528570547118
0,0.30471111287980907,0.12249213103566571
0,0.004035170676031014,0.08502914054097017
0,0.005534884396769079,0.023579947381711163
0,0.0010583234936593865,0.012151965883506793
0,0.0714851628256573,0.0805574278315377
0,0.008208485222115699,0.03397401714544916
0,0.025348275268985955,0.07623419587278521
0,0.019011705026431416,0.02683905161070132
0,0.031637694441722715,0.005486672154057629
0,0.04232808412508673,0.014066155770813082
0,0.012212750514909228,0.031510823374746866
0,0.009037869165333372,0.08605308231745998
0,0.06332281112010124,0.045417802175679964
1,0.14912620802881335,0.10858878911100082
0,0.00032797161724330295,0.032962295328702776
0,0.030356755978347843,0.04041011769434889
0,0.21995118195481736,0.18910040075341045
1,0.9999999999984046,0.9998439052045089
0,0.023876408922189105,0.014267874093487296
0,0.006254384643488688,0.017412830043607445
0,0.02958356268856004,0.009293140782816211
0,0.054983041740552914,0.020697632067589723
0,0.07798546849037329,0.08279330671568431
0,0.037001259195072536,0.013637741972275862
0,0.25644192364679075,0.027982236673282288
0,0.023048245934947576,0.0127398740294212
0,0.03929357933887627,0.01423767083097464
0,0.021176892840131103,0.008265393284249295
0,0.017916510211043766,0.054465285363519605
0,0.029152127430081453,0.015521817403153046
0,0.31725926688413775,0.02949606630468565
0,0.024360214542122102,0.008854717680857042
0,0.15905930995825654,0.040819959408905336
0,0.02595510019416552,0.00982166505569918
0,0.03485691484008815,0.10839134882924914
0,0.02284785955774099,0.04344772215098893
0,0.0028212564172712036,0.03380247547694263
0,0.04135538617001947,0.02034775104330254
0,0.44098417314755795,0.18843213475752066
0,0.23517329585996827,0.05472390541783294
0,0.003777829206587653,0.006792314424430692
0,0.005953204590982175,0.047304079028028606
0,0.001972345910226614,0.011762184312810836
0,0.00047580421654396573,0.04416394322789648
0,0.014452483966651417,0.014208674582089955
0,0.9305019669660457,0.18835851208454085
0,0.014850077759264294,0.024027478277258648
0,0.03188307955047698,0.009496391103847295
0,0.009845851613998731,0.03583299981639917
0,0.10058534778860873,0.004748958828449318
0,0.14832282632004545,0.08072623089414846
0,0.004866633381825365,0.014236563725754126
0,0.11561113364029009,0.018254458790075756
0,0.09941930096653792,0.135006326412437
0,0.018499127130551962,0.10626111089323503
0,0.04791256578733064,0.09293550025992346
0,0.06914423625584269,0.05576798686684749
0,0.31920746972222164,0.01138126574649913
0,0.7945473585900364,0.321846510513038
0,0.5031085457484664,0.05027942706398514
0,0.10163782315744209,0.05481347145676221
0,0.010082946496068721,0.00684171806029226
0,0.010849406230701865,0.030610320879358322
0,0.0002567689936192304,0.015065738694782794
0,0.03455655455701415,0.06726940104662235
0,0.2719519476996677,0.23785018786465212
0,0.049628010034554575,0.05410536281934714
0,0.013711218441029642,0.00750353590658065
0,0.019854786977353687,0.03929262636842909
0,0.02867879560590932,0.0032010717173898916
0,0.006761487090804722,0.18862992123449018
0,0.07909129019684025,0.03931380227835774
0,0.08642478463327163,0.019492399350994526
0,0.003735928087114207,0.04295941900319785
0,0.005665874959006608,0.06324735248546613
0,0.014395589066202592,0.1975179709134724
0,0.04517977765765238,0.030172061235936763
0,0.023038847909128603,0.01058071835052144
0,0.04245949108266549,0.06776236504556662
0,0.003001693598833458,0.005889880835576518
0,0.013827441867645637,0.05281892083257223
0,0.0038803424216870904,0.008230180763159407
0,0.006290382536247222,0.1572885022686517
0,0.0241201937689946,0.012612135423082092
0,0.05365357607079874,0.04349134932337304
0,0.0007784185300682756,0.0382602439190268
0,0.0031893912502645528,0.03404987051601341
0,0.5141848879981349,0.2588036891368796
0,0.8961559673986262,0.20432539069321048
0,0.00924461828296839,0.016059304350774486
0,0.009936025143409648,0.020180716085070778
0,0.005897228314748633,0.05468114262730089
1,1.0,0.9998182163737076
0,0.0073158105848837645,0.016967074927542822
0,0.02933265061641598,0.04784785977254356
0,0.019100557166915205,0.011210665421607159
0,0.41049758101556594,0.09115128606583552
0,0.5033973450285175,0.0741995013195515
0,0.03990417141533286,0.011162568002705634
0,0.0012148131090496527,0.01648217247319987
0,0.06962160779296299,0.045898078481155666
0,0.17886214127281636,0.05076922054957515
0,0.015165481363966506,0.01120529602219011
0,0.07715338795610446,0.015923076651119375
0,0.043639323879059805,0.022392149584386678
1,1.0,0.9068882008939935
0,0.012728728059327721,0.00903811405113669
0,0.025714402036567854,0.15305402056705175
0,0.01951289199195424,0.037015308421450864
0,0.01750390672111477,0.011751223856634291
0,0.547013530440699,0.21844054117986325
0,0.10556794506116685,0.010775519291554724
0,0.03935554412272062,0.005188283168412774
0,0.12507643741482305,0.20153806442391692
0,0.1593560806538431,0.03299374771285806
0,9.123816423668797e-05,0.04361448314461027
0,0.009033006508430782,0.016096401127904
0,0.02383211944659109,0.034532938758964384
0,0.04931493594052091,0.05444040486352237
0,0.0020054403555273804,0.01034858588861104
0,0.004142829885942572,0.0441205537241439
0,0.009231741015000072,0.0943958219253971
0,0.004681453510004567,0.02191965562723195
0,0.010466135979366286,0.15186796589563525
0,0.0065345365244840175,0.05595990559751638
0,0.013413348841920816,0.03299580093716113
0,0.02381894571775134,0.013541670813957327
0,0.015389259595485705,0.011556560225968439
0,2.967587495921279e-05,0.0157972671868323
0,0.002456362599686266,0.3009878487567178
0,2.596204639825562e-08,0.0552796571061849
0,0.029205359347584413,0.11309290989007398
0,0.02535751773385918,0.04631545550607636
0,0.1115413032182981,0.06741545423024453
0,0.6706304744095094,0.09295311255264672
0,0.018592967505864817,0.037111088300562964
0,0.02625724426482048,0.047626836002671764
0,0.1246365636651562,0.030002809461730444
0,0.03371294684180812,0.01195257540900636
0,0.17205461801727828,0.07325161826026984
0,0.03589532046792023,0.026351822131192287
0,0.06465706653052039,0.027834531426911096
0,0.04923617323178623,0.14630392054102526
0,0.03370230259391949,0.0408377836510727
0,0.004056797679152656,0.003350258058711997
0,0.49899244725111386,0.10397438112035894
0,0.005620300990474707,0.015660112977557636
0,0.0279792757165147,0.10478562287694848
0,0.08235322762867194,0.022266780023746772
0,0.03980630729588761,0.026868682843984772
0,0.013664493598953492,0.11379321698159277
0,0.005270787361564488,0.012644740225691342
0,0.09841290823504015,0.07373935730304379
0,0.7838974111536104,0.1759419812016789
0,0.0023687248508231906,0.008546559631219319
0,0.023999167881477945,0.03171930988770011
0,0.1373172379195222,0.06879792785413948
0,0.04462430600533217,0.043683519326290714
0,0.019901846407609253,0.013079327589703874
0,0.01787032942145941,0.10167022403171803
0,0.15152537378981107,0.1067394110621931
0,0.03622908487479476,0.09626306772273162
0,0.21994267935463774,0.013843368487920145
0,0.10758878898729761,0.03396740186127054
0,0.04225274717803756,0.01076897626130359
0,0.040906449326522154,0.020776912754858105
0,0.02601433242563924,0.032384122541014346
0,2.598005253249748e-06,0.002822292570983651
0,0.046055787897015574,0.012548374991181905
0,0.029165592849003625,0.1298848615652996
0,0.06254102293017358,0.008188272755718541
0,0.07603776769706126,0.0068024001651856006
0,0.0011808319257156912,0.014710760649792721
0,0.04504252749857212,0.034539331687495574
0,0.06454619175150667,0.017765476155066764
0,0.01565806526465813,0.09458419202584788
0,0.00018485455383174663,0.03528690528021411
0,0.29196893185041856,0.11939914973205734
0,0.009723872417758371,0.043941146974505275
0,0.00956811428106242,0.01168960568307477
0,0.09927107519825647,0.014441520215221342
0,1.3500972073641172e-06,0.01651643636348651
0,0.015326657547304997,0.0917861492032828
0,0.02501301061723185,0.009184359810707358
0,0.01939948040563374,0.016737723814388553
0,0.010099297079820577,0.00952015518526544
0,0.02147697148831448,0.027866698902331573
0,0.0012028940924584538,0.037182027106869874
0,0.12473638222289202,0.014232277084466378
0,0.06404170288471984,0.013493082260502548
0,0.026768447437014876,0.1107082474554971
0,0.012872987683771889,0.06989990969916489
0,0.05110228174518525,0.29257215160326283
0,0.1009671187529897,0.032205529056635894
0,0.0004536588691609467,0.04099233724239042
0,0.007761020128811091,0.025853713718206755
0,0.03313436771810486,0.011287202101913946
0,0.013496530210106132,0.013790868444177666
0,0.011789983389781331,0.0062955353691618796
0,0.001722938712195508,0.010531904580797828
0,0.06547076560378812,0.023651829007963178
0,0.03252961885884335,0.020459752510048553
0,0.03549556908988986,0.08741234629764563
0,0.07522200600216052,0.018876224236258732
0,0.028893661001313922,0.022995409238422835
0,0.026098508786470374,0.037837020916198186
0,0.04855033879458176,0.14763271417020254
0,0.01913691713398772,0.058600180436942796
0,0.007203674673936461,0.03814578078585888
0,0.0328397789929939,0.0090832470293812
0,0.03403952806015679,0.011527925145799957
0,0.0866446364115235,0.031378435103211914
0,0.026987633361435837,0.07339074358577573
0,0.0450934730788076,0.016009912618656943
0,0.02427772425498202,0.06601656413407687
0,0.029832973700020266,0.011319844358794082
0,1.7197697861311821e-15,0.012015324119627531
0,0.012577628402663332,0.015747118958539683
0,0.02620344961637077,0.09218973599899687
0,0.009901670496319015,0.05607063124775412
0,0.056061123740544686,0.07793728220480553
0,0.01899616577727243,0.025144686146558688
0,0.010749067408488295,0.03766256566064337
0,0.028391015016583587,0.21198317906811864
0,0.038414159826776664,0.01260549614504959
0,0.9526151318769054,0.06394995907536019
0,0.11348196894546651,0.03332047474049521
0,0.03434243213516496,0.008079572204124247
0,0.21036016866446702,0.005388444973169334
0,0.04451808829594018,0.014162015841488577
0,0.010855164219526528,0.0675973880823676
0,0.029272197409909547,0.05953030043300944
0,0.02114422245733631,0.011827595277426493
0,5.125018278648965e-07,0.009147871812005055
0,0.003845320124915837,0.0036852181292265757
0,0.016300841205855298,0.05087649380411238
0,0.09325142401754892,0.07848293279282109
0,0.021596817882019663,0.030321861892792942
0,0.0046093744450704495,0.06499997600172766
0,0.000494938469767607,0.01382943847107889
0,0.027319618187587845,0.0117483137527935
0,0.45699254011541873,0.11722120116788949
0,0.016417526395455417,0.023946039848752963
0,0.0004416204343810657,0.014138273881885205
0,0.00584550501741437,0.11232090557561089
0,0.09924249231406894,0.01825942533568566
0,0.2289045602569841,0.06267887069554397
0,0.039573478382298466,0.04723615575658117
0,0.12585273878323017,0.04852651997186217
0,0.07000862586688862,0.0140302005460268
0,0.01963735737174638,0.018004270389399703
0,0.009276795080498237,0.02646730517119259
0,0.015839208114264595,0.17276812288753624
0,0.0012753084857547723,0.06749386179071203
0,0.029280623133476534,0.012885984569226055
0,0.010646953116136188,0.059941930810992514
0,0.004955714616639459,0.12668997692872985
0,0.1205243511288272,0.020566551242861712
0,0.021137103163844744,0.030542480191987475
0,0.025707484091743258,0.0971734251992155
0,0.014248141572883451,0.003238472178746183
0,0.906960912041664,0.3882710010878874
0,0.019256418480831344,0.009648516524344779
0,0.005397098021658493,0.04507801985520188
0,0.014979419346314088,0.12943676122510858
0,0.06048102875016603,0.056436027386355406
0,0.08986262491813471,0.03022408056787927
0,0.02542224133483429,0.04335084272325343
0,0.003631592128099112,0.009553456477495302
0,0.01766749086581937,0.013130571038765493
0,0.15602223319683461,0.07677087904952404
0,0.07693802904139173,0.007939839029587815
0,0.01732167145284953,0.17263548351460392
0,0.06529674937981321,0.008452491174291725
0,0.03332172518564179,0.04007505058338314
0,0.012821720953463463,0.021831682426945397
0,0.02301624108993415,0.04465555741327628
0,0.015860436477189002,0.012665866963764368
0,0.0030916312104362137,0.05697893495695384
0,0.13413325704229956,0.05231146786664093
0,0.10453761616119625,0.1795703827672259
0,0.08110556817996332,0.019512901672676736
0,0.1780146358566171,0.022723199063969947
0,0.08852759343235965,0.07108692038264006
0,0.7241664756119266,0.16825836248923468
0,0.13122430322303985,0.04224271333642284
1,0.999999999999998,0.9998376048896838
0,0.18363769187652265,0.10112827909976657
0,0.09720376716342412,0.07203732744704323
0,1.9548931775820966e-05,0.028375872406847708
0,0.3854931935938285,0.16120528207708254
0,0.05231299170221779,0.030006743975885746
0,0.00188406643614358,0.006207974963630244
0,0.2381644865217089,0.10872807670246928
0,0.05184462863832116,0.1237955750967623
0,0.0478982400476384,0.015017789585630936
0,0.03791661295689738,0.034707206807051964
0,0.0053864111202726024,0.024803369753125585
0,0.7417302761163788,0.1409852758172411
0,0.015184131730898947,0.02562360894931712
0,0.008237805515690174,0.01975549902064198
0,0.01274442837596151,0.021905055113743
0,0.04020439023613326,0.016065539716749313
0,0.025437723601831042,0.09873071372202623
0,0.005049863508887401,0.05672418361578691
0,0.02226236761045206,0.010387961538017222
0,0.01622122684596569,0.01382721998816951
0,0.020422532196795826,0.08376685858201043
0,0.44421160771768753,0.05459936034130107
0,0.14744362186249874,0.020364123991141393
0,0.09025330949440122,0.05796783174251519
0,0.02188501616225211,0.016609366551325493
0,0.025073431907031162,0.012697296282627113
0,0.029814981870247545,0.2731309198407837
0,0.003538488344931792,0.0070161747324106434
0,0.04933047172083327,0.2087612843648207
0,0.0360104207243539,0.02989052383308726
0,0.001752223002675732,0.057993525846232276
0,0.06465764546534794,0.15769484366351905
0,0.020243321575236877,0.013908876146706606
0,0.04983460101182319,0.007723687423353988
0,0.011361908236363263,0.021715361583108887
0,0.009694412666959999,0.03823352842022094
0,0.007199778140537709,0.053638260464329415
0,0.04549387117500084,0.08404082302638947
0,0.0023675779670492623,0.022094289267754186
0,0.019863233924260214,0.03953246053246075
0,0.05984496270167234,0.016675410494696043
0,0.014802192669078685,0.05815941055559944
0,0.00027410155177561555,0.033337993871770305
0,0.03590088980975809,0.004886894034533695
0,0.2408300486147824,0.2009210964937829
0,0.4026194858277167,0.2835842149419435
0,0.0047065163231746684,0.0355016258727723
0,0.022827183965984484,0.02367100971909214
0,0.0004923909195050202,0.04190031644059462
0,0.10341096099856611,0.005491614223533345
0,0.25923350485718477,0.014064617812797853
0,0.08932797272606788,0.04002330035274286
0,5.585131969545597e-05,0.045747953436724734
0,0.1335390979157025,0.06175138760927887
0,0.08909137427152984,0.026288794903243755
0,0.08240000157690429,0.07472624625676512
0,0.034651795598171525,0.03813287252298797
0,0.1480088322620753,0.025922847763340886
0,0.035993223771366996,0.02344144000041897
0,0.41903564824423406,0.14536839317730127
0,0.22023973712364167,0.16552768156632364
0,0.0069041163904976985,0.019302320133965736
0,0.020854292367338097,0.01495532342934636
0,0.0619689379360746,0.04153435428573099
0,0.030174037147652225,0.15604384445600084
0,0.03787343053219177,0.069311778061432
0,0.002052197074459959,0.058976560807559204
0,0.050842030309410494,0.021967379837932993
0,0.011981359374337655,0.025103792262051262
0,0.047626255266340414,0.03401851113695931
0,0.03320609879091423,0.03454434340276914
0,0.09004649961951469,0.0339485105039014
0,0.0418588824732465,0.03243318579376191
0,0.037648093620116806,0.012705888075162512
0,0.15228611818075782,0.016963132782270532
0,0.0060837921651442665,0.023755328553824544
0,2.666722850742381e-08,0.013802356320341304
0,0.40204520691401446,0.09169451507779293
0,0.032650483347939,0.021296975564862132
0,5.283866941367581e-06,0.03528775094106468
0,0.015181084635955985,0.016385750654055186
0,0.01913393283677797,0.1637853528270758
0,0.002513356625032811,0.0752987130092703
0,4.3541404367520095e-06,0.11241691958875552
0,0.033934739610451424,0.021939861315564302
0,0.05041276414564302,0.031373653388408126
0,0.9650179884570724,0.6162026933579597
0,0.054955470269894516,0.041170677723168875
0,0.015306983218666005,0.21707875219412587
0,0.04760273040636848,0.12067009962264373
0,0.045794696418450076,0.011275191574896646
0,0.04469183530884305,0.04760435393167291
0,0.019884921641092772,0.013060046175226174
0,0.11398278159895033,0.015437935322866117
0,0.02867216610300681,0.025498079808551052
0,0.04744969236676953,0.0282309146387918
0,0.033953208081810515,0.038451700664710826
0,0.019654837659408668,0.08642764492255404
0,0.015525404741746171,0.023088416957214475
0,0.006509276631232319,0.027404919158804858
0,0.07967788970434378,0.014058583598511535
0,0.08499399493907236,0.0372172184272671
0,0.011501087182955276,0.012372208534302766
0,0.017214746628821023,0.02904196610299229
0,0.0006517722028323142,0.026404509553124244
0,0.03642839528078088,0.01581977264146175
0,0.031091905561510116,0.013903015465915934
0,0.016613210119689414,0.05089186651096876
0,0.16865210843730094,0.06217452108319483
0,0.09964910093548096,0.03519629060706416
0,0.13191353032774297,0.026589301062949586
0,0.044190877173288144,0.07548375705086068
0,0.016521864271549426,0.019757420393887597
0,0.07007782476814617,0.025028113287162607
0,0.0017557828175005388,0.00950108258259867
0,0.03073008182533276,0.012423946432712453
0,0.03092350803693269,0.04507806280121078
0,0.0038665185452899068,0.013482819019929813
0,0.2712821562854075,0.06589309149543558
0,0.03264331978243731,0.014018380694459837
0,0.18514284098411882,0.16739647826500442
0,0.05611265622943884,0.012273664901754095
0,0.08356850345004178,0.016274269332799546
0,0.22428602156567434,0.006673137078981908
0,0.15944974369853462,0.06145339589145707
0,0.03930565626148524,0.01490456604056885
0,0.0012109652882021022,0.06581550974188809
0,0.0009910689880181765,0.08705741806149106
0,0.8739809182390127,0.12641341787105326
0,0.01842257737970527,0.05348498235684002
0,0.0037140244168812034,0.011716482480762019
0,0.0042552763336052265,0.015009875910449732
0,0.1019724907389053,0.016014975818616904
0,0.09567314582112105,0.08630899969349273
0,0.022084225278458647,0.05494322502565369
0,0.196874607702268,0.02628233808008723
0,0.19850193832270374,0.06710500153865989
0,0.03794360601987528,0.01658251303453599
0,0.23527703741316422,0.07605104477915597
0,5.575742433532025e-06,0.035620144018944304
0,0.010629900086419335,0.011169283572631567
0,0.007206156260102476,0.011263109851652627
0,0.9501669319001133,0.2092784295830681
0,0.02995850756614777,0.03386849653560116
0,0.04112931370869902,0.014117483257329084
0,0.01252946560809707,0.04844408898857488
0,0.02579221451881485,0.008525111724561696
0,0.12527026281707193,0.045075060414398675
0,0.03880106531741734,0.08416872493666597
0,1.4887204068664164e-07,0.10400539191291487
0,0.04480290202946005,0.014325881544513584
0,0.0265866101922383,0.01811014402178773
0,0.047777610323684216,0.012976862481246099
0,0.1659563692341584,0.14652299071547947
0,0.0011179666939262515,0.33266784385298365
0,0.024700557038259636,0.01456720592856229
0,0.0994098288299582,0.05315262130659358
0,0.600838785308129,0.03929623128689044
0,0.05620535939136222,0.02331913942535462
0,0.010972231922255094,0.0101553221245513
0,0.24883985270222167,0.4298097476458028
0,0.04145603816873148,0.00678324849531587
0,0.03725312980167068,0.013241700039340384
0,0.01350200789502334,0.003225401659620654
0,0.0009609025705401263,0.03609908508375466
0,0.26737085325446297,0.24904004517049141
0,0.09987116448965441,0.01623145912341594
0,0.105018673001292,0.05393918592621183
0,0.00010543826817205172,0.05268522639753948
0,0.15420265349421583,0.03942398507200869
0,0.00370989066167701,0.05488678347288348
0,0.002612172690281447,0.011930149713270827
0,0.03604733162189475,0.015594397105035305
0,0.18443620775978323,0.09061124249452301
0,0.061438257688860964,0.08269069940632916
0,0.022498113244299896,0.021428431993212937
0,0.005121729659428945,0.025510062884299266
0,0.06908312538796495,0.008816136931320426
0,0.003734076346053809,0.12543966058499093
0,0.27258955712160715,0.010063350363832917
0,0.0672053789045594,0.009672424690394615
0,0.030593850347839284,0.016227419078213092
0,0.03175683305263083,0.004748070271835385
0,0.07465708367105679,0.018660771243716553
0,0.024993993525240715,0.007007858881208215
0,0.006402515146000614,0.01670899050236447
0,0.37621786309325067,0.08817766932164159
0,0.00164938826997249,0.19231424778527123
0,0.10950076393359039,0.038703630066727904
0,0.01570492878544301,0.2109870181070126
0,0.07113215477541383,0.01078081515349084
0,0.017237539427757343,0.04615813764846765
0,0.040595915418479366,0.007801205670054905
0,0.02185498685022632,0.09883595961545293
0,0.0012836053131442856,0.01450494918078342
0,0.026912286281089617,0.008713079996558796
0,0.20861174783901898,0.03708530628748026
0,0.017151388577063963,0.050540782274984146
0,0.010229293138279996,0.15615483690234502
0,0.031296981857075835,0.0202515577215177
0,0.004683818560766309,0.027875477701712063
0,0.034849038048582394,0.043914439046798544
0,0.003668602159300483,0.015805642503916785
0,0.015534883625991508,0.013144417329384275
0,0.005245064350889495,0.011569976256320292
0,0.010898638413611847,0.022225827327323807
0,0.015557358521435381,0.04959865168140944
0,0.17979402013589582,0.8090535173942183
0,0.015825548099290383,0.018694953817392577
0,0.18458436252006452,0.006793012629635554
0,0.009785690950124258,0.006230455260321475
0,0.020743818060673182,0.014432490881440295
0,0.02647359487843604,0.010980098556291413
0,0.014508187318112306,0.04074054398039507
0,0.001420673001481953,0.014108798245226163
0,0.030154844345870097,0.008467562515986956
0,0.030177573405495404,0.014349836480525154
0,0.0721273370317201,0.008003783518851696
0,0.03100702265530782,0.013175984691279922
0,0.021170979296724294,0.034379869226712385
0,0.0012283402679782805,0.047925664572940084
0,0.00636165233678822,0.08482457314468057
0,0.010040060795231334,0.01863780597860944
0,0.04454622217414135,0.012742418817084971
0,0.00030778176248355565,0.010628096052922928
0,0.2636827484188522,0.05271134936261903
0,0.0039733473253762055,0.04979233838368549
0,0.0025390957516081415,0.08516091416147979
0,0.009248242773489866,0.13347880123980962
0,0.01898161148872308,0.027275739585871785
0,0.015201706466300825,0.020131447560795265
0,0.00022542649976626055,0.04426323862341867
0,0.03916013312760211,0.09852928159305688
0,0.01493237902623409,0.03912789232376988
0,0.007633970308808901,0.02241250735984781
0,0.003567198239445937,0.08285847115692052
0,0.07392189997312058,0.012369498449295935
0,0.36254885114883934,0.01679871903610015
0,0.01678676766937394,0.024754235364903288
0,0.003093626984510983,0.02518242605679479
0,0.00744688738113618,0.015418746969408748
0,0.004732789700327535,0.018448878778054706
0,0.03357524413965261,0.09013921294138667
0,0.003169665540572293,0.024729638429480456
0,0.028290966184306047,0.012020331567000456
0,0.003307144942985243,0.00480076687312629
0,0.03404137272198148,0.012042097167857264
0,0.04504285175669373,0.1912962256092132
0,0.03291284920425378,0.022060862834924137
0,0.0031726053416156323,0.10056207809440955
0,0.028858839348953627,0.01089483470288825
0,0.023295199198979037,0.24738669637845165
0,0.006727447386045003,0.015986586637508515
0,0.02946374293648581,0.011766226935622461
0,0.6232400560493411,0.21582406272500315
0,0.038250368056550944,0.04890842445379679
0,0.02625758716762332,0.02014146693231683
0,0.0125062409961311,0.013631666174114685
0,0.003503898164903195,0.019157392326440172
0,0.04996283144643397,0.06474519058152371
0,0.03399359149561504,0.002862477873188486
0,0.02080715767187414,0.034791360100352914
0,0.043498999687915686,0.009219905151308746
0,0.032626727426875536,0.03472736740337635
0,0.02576560751907894,0.2252195505174695
0,0.20906604454566236,0.05856746579345329
0,0.0925491143326224,0.10178836556249678
0,0.1602322358879788,0.05907761080614725
0,0.11239438410888927,0.11452754191181783
0,0.006678169640352444,0.011027456390337576
0,0.02780805512262286,0.022069115886332216
0,0.007271983785852639,0.008486548404770559
0,0.008271111784082965,0.004890156558019642
0,0.0016432118170828418,0.011601569692515069
0,0.02732652023235256,0.016708784361179247
0,0.048833390259850076,0.017105858281001488
0,0.013773219944828672,0.07769150516937143
0,0.3436916216537645,0.1744494063295689
0,0.12444871648386673,0.02265721687748332
0,0.0132236582422086,0.021055607018629657
0,0.01514894700051556,0.028655477561284493
0,0.040439828884430915,0.0503818321393726
0,0.1741507575779471,0.039161555214464565
0,0.037044606886675116,0.009183796138867795
0,0.25445025269236804,0.15282328166483414
0,0.123629805244011,0.3663293351863949
0,0.012654412833929922,0.10115016045932108
0,0.0013796361216246859,0.02136569392236866
0,0.14529103300447763,0.032064802419081384
0,0.04455075969288037,0.025910144265393897
0,0.13266848377652957,0.23406465545750701
0,0.06714180450559659,0.07713591209432792
0,0.002737553642598912,0.05402737965409243
0,0.04021748172217917,0.041766613069305424
0,0.014573458816569415,0.022483042903464482
0,0.009802591776658542,0.010040745238192381
0,0.039578770570148206,0.02030540248707069
0,0.006832320861976987,0.012266098891505718
0,0.066646788675915,0.13467438583561359
0,0.012298385259966427,0.015033840439283758
